caseid_new,weight1,weight2,weight3,ppincimp,ppeduc,q10,q23,income_ordinal,income_tertile,respondent_edu_group,partner_edu_group,respondent_edu_score,partner_edu_score,education_comparison,w2_q5,w2_q9,w3_q5,w3_q9,how_long_relationship,ppethm,pp2_ppethm,pp3_ppethm,q6a,q6b
22526,4265,4265.0,4265.0,"$20,000 to $24,999",bachelors degree,associate degree,partner earned more,7,Low,Bachelor's+,Some college,4,3.0,Respondent higher,yes,,yes,,7.0,hispanic,hispanic,Hispanic,no (not latino or hispanic),white
23286,16485,16485.0,16485.0,"$40,000 to $49,999",masters degree,bachelor's degree,i earned more,11,Middle,Bachelor's+,Bachelor's+,4,4.0,Same education level,,,,,8.0,"white, non-hispanic","white, non-hispanic","White, Non-Hispanic",no (not latino or hispanic),white
25495,52464,,,"$35,000 to $39,999",high school graduate - high school diploma or the equivalent (ged),,,10,Low,HS,,2,,,,,,,,"black, non-hispanic","black, non-hispanic","Black, Non-Hispanic",,
26315,4575,4575.0,4575.0,"$40,000 to $49,999",associate degree,hs graduate or ged,i earned more,11,Middle,Some college,HS,3,2.0,Respondent higher,no,we broke up,,,8.0,"white, non-hispanic","white, non-hispanic","White, Non-Hispanic",no (not latino or hispanic),white
27355,12147,,,"$40,000 to $49,999",high school graduate - high school diploma or the equivalent (ged),,,11,Middle,HS,,2,,,,,,,,"white, non-hispanic","white, non-hispanic","White, Non-Hispanic",,
27695,1799,,,"$25,000 to $29,999","some college, no degree",,,8,Low,Some college,,3,,,,,,,,"white, non-hispanic","white, non-hispanic","White, Non-Hispanic",,
28536,1924,1924.0,1924.0,"$125,000 to $149,999",bachelors degree,master's degree,i earned more,17,High,Bachelor's+,Bachelor's+,4,4.0,Same education level,yes,,yes,,12.0,"white, non-hispanic","white, non-hispanic","White, Non-Hispanic",no (not latino or hispanic),white
29584,3173,3173.0,3173.0,"$15,000 to $19,999",masters degree,master's degree,partner earned more,6,Low,Bachelor's+,Bachelor's+,4,4.0,Same education level,,,,,30.0,"white, non-hispanic","white, non-hispanic","White, Non-Hispanic",no (not latino or hispanic),white
30393,68772,,,"$25,000 to $29,999",high school graduate - high school diploma or the equivalent (ged),,,8,Low,HS,,2,,,,,,,,"white, non-hispanic","white, non-hispanic","White, Non-Hispanic",,
31456,1021,1021.0,1021.0,"$75,000 to $84,999","some college, no degree",bachelor's degree,partner earned more,14,High,Some college,Bachelor's+,3,4.0,Partner higher,,,,,4.0,"white, non-hispanic","white, non-hispanic",,no (not latino or hispanic),white
32656,2189,2189.0,2189.0,"$125,000 to $149,999",masters degree,master's degree,partner earned more,17,High,Bachelor's+,Bachelor's+,4,4.0,Same education level,,,yes,,27.0,"white, non-hispanic",,,no (not latino or hispanic),white
33536,3190,3190.0,3190.0,"$175,000 or more",professional or doctorate degree,master's degree,we earned about the same amount,19,High,Bachelor's+,Bachelor's+,4,4.0,Same education level,yes,,yes,,15.0,"white, non-hispanic","white, non-hispanic","White, Non-Hispanic",no (not latino or hispanic),black or african american
34341,4924,4924.0,4924.0,"$75,000 to $84,999",bachelors degree,bachelor's degree,i earned more,14,High,Bachelor's+,Bachelor's+,4,4.0,Same education level,,,,,14.0,"white, non-hispanic","white, non-hispanic","White, Non-Hispanic",no (not latino or hispanic),white
35653,2303,2303.0,2303.0,"$40,000 to $49,999",masters degree,"some college, no degree",partner earned more,11,Middle,Bachelor's+,Some college,4,3.0,Respondent higher,no,other (please describe),,,14.0,"white, non-hispanic","white, non-hispanic","White, Non-Hispanic",no (not latino or hispanic),white
36493,1704,1704.0,1704.0,"$40,000 to $49,999",bachelors degree,bachelor's degree,partner earned more,11,Middle,Bachelor's+,Bachelor's+,4,4.0,Same education level,no,we broke up,,,0.15,"white, non-hispanic","white, non-hispanic","White, Non-Hispanic",no (not latino or hispanic),white
37656,1656,,,"$85,000 to $99,999",bachelors degree,,,15,High,Bachelor's+,,4,,,,,,,,"white, non-hispanic","white, non-hispanic","White, Non-Hispanic",,
38895,1762,1762.0,1762.0,"$12,500 to $14,999","some college, no degree",bachelor's degree,partner earned more,5,Low,Some college,Bachelor's+,3,4.0,Partner higher,yes,,yes,,19.0,"white, non-hispanic","white, non-hispanic","White, Non-Hispanic",no (not latino or hispanic),white
39415,4696,,,"$60,000 to $74,999",bachelors degree,,,13,Middle,Bachelor's+,,4,,,,,,,,"white, non-hispanic","white, non-hispanic","White, Non-Hispanic",,
40335,5843,5843.0,5843.0,"$40,000 to $49,999",professional or doctorate degree,hs graduate or ged,i earned more,11,Middle,Bachelor's+,HS,4,2.0,Respondent higher,no,other (please describe),,,2.5,"white, non-hispanic","white, non-hispanic","White, Non-Hispanic",no (not latino or hispanic),black or african american
41505,11152,11152.0,11152.0,"less than $5,000",11th grade,bachelor's degree,partner earned more,1,Low,Less than HS,Bachelor's+,1,4.0,Partner higher,no,other (please describe),,,0.15,"white, non-hispanic","white, non-hispanic","White, Non-Hispanic",no (not latino or hispanic),white
42645,652,,,"$5,000 to $7,499","some college, no degree",,,2,Low,Some college,,3,,,,,,,,"2+ races, non-hispanic","white, non-hispanic","2+ Races, Non-Hispanic",,
43381,4324,4324.0,4324.0,"$125,000 to $149,999",masters degree,hs graduate or ged,i earned more,17,High,Bachelor's+,HS,4,2.0,Respondent higher,,,,,11.0,"white, non-hispanic","white, non-hispanic","White, Non-Hispanic",no (not latino or hispanic),white
44486,3581,3581.0,3581.0,"$100,000 to $124,999","some college, no degree","some college, no degree",partner earned more,16,High,Some college,Some college,3,3.0,Same education level,,,,,4.0,"black, non-hispanic","black, non-hispanic","Black, Non-Hispanic",no (not latino or hispanic),white
45653,1887,,,"$20,000 to $24,999",masters degree,,,7,Low,Bachelor's+,,4,,,,,,,,"white, non-hispanic","white, non-hispanic","White, Non-Hispanic",,
46746,2404,2404.0,2404.0,"$75,000 to $84,999",professional or doctorate degree,associate degree,i earned more,14,High,Bachelor's+,Some college,4,3.0,Respondent higher,,,,,43.0,"white, non-hispanic","white, non-hispanic","White, Non-Hispanic",no (not latino or hispanic),white
48225,52750,52750.0,52750.0,"$60,000 to $74,999","some college, no degree",bachelor's degree,i earned more,13,Middle,Some college,Bachelor's+,3,4.0,Partner higher,yes,,yes,,0.45,"white, non-hispanic","white, non-hispanic","White, Non-Hispanic",no (not latino or hispanic),white
49731,48859,48859.0,48859.0,"$20,000 to $24,999",7th or 8th grade,"some college, no degree",i earned more,7,Low,Less than HS,Some college,1,3.0,Partner higher,,,,,46.0,"white, non-hispanic","white, non-hispanic","White, Non-Hispanic",no (not latino or hispanic),white
50605,1148,,,"$35,000 to $39,999","some college, no degree",,,10,Low,Some college,,3,,,,,,,,"white, non-hispanic","white, non-hispanic","White, Non-Hispanic",,
51376,4731,4731.0,4731.0,"$85,000 to $99,999",bachelors degree,"some college, no degree",i earned more,15,High,Bachelor's+,Some college,4,3.0,Respondent higher,yes,,no,We broke up,2.5,hispanic,hispanic,Hispanic,"yes, cuban",white
53436,2738,,,"$25,000 to $29,999","some college, no degree",,,8,Low,Some college,,3,,,,,,,,"white, non-hispanic","white, non-hispanic","White, Non-Hispanic",,
54415,28989,28989.0,28989.0,"$25,000 to $29,999",12th grade no diploma,master's degree,partner earned more,8,Low,Less than HS,Bachelor's+,1,4.0,Partner higher,no,we broke up,,,0.45,"white, non-hispanic","white, non-hispanic","White, Non-Hispanic",no (not latino or hispanic),white
55365,27340,27340.0,27340.0,"$50,000 to $59,999",associate degree,hs graduate or ged,partner earned more,12,Middle,Some college,HS,3,2.0,Respondent higher,yes,,no,We broke up,5.0,"black, non-hispanic","black, non-hispanic","Black, Non-Hispanic",no (not latino or hispanic),black or african american
55686,2170,2170.0,2170.0,"$35,000 to $39,999",bachelors degree,bachelor's degree,partner earned more,10,Low,Bachelor's+,Bachelor's+,4,4.0,Same education level,,,,,12.0,"white, non-hispanic",,,no (not latino or hispanic),asian or pacific islander
56536,5735,5735.0,5735.0,"$60,000 to $74,999",bachelors degree,master's degree,i earned more,13,Middle,Bachelor's+,Bachelor's+,4,4.0,Same education level,yes,,yes,,10.0,hispanic,hispanic,Hispanic,no (not latino or hispanic),white
57485,28970,,,"$40,000 to $49,999",high school graduate - high school diploma or the equivalent (ged),,,11,Middle,HS,,2,,,,,,,,"white, non-hispanic","white, non-hispanic","White, Non-Hispanic",,
58295,89059,89059.0,89059.0,"$40,000 to $49,999",bachelors degree,master's degree,i earned more,11,Middle,Bachelor's+,Bachelor's+,4,4.0,Same education level,yes,,yes,,4.0,"white, non-hispanic","white, non-hispanic","White, Non-Hispanic",no (not latino or hispanic),white
59265,11669,,,"$150,000 to $174,999",masters degree,,,18,High,Bachelor's+,,4,,,,,,,,"white, non-hispanic","white, non-hispanic","White, Non-Hispanic",,
60743,60770,60770.0,60770.0,"$50,000 to $59,999",professional or doctorate degree,professional or doctorate degree,we earned about the same amount,12,Middle,Bachelor's+,Bachelor's+,4,4.0,Same education level,no,we broke up,,,0.15,"white, non-hispanic","white, non-hispanic",,no (not latino or hispanic),white
62283,57477,57477.0,57477.0,"$35,000 to $39,999",associate degree,"some college, no degree",partner earned more,10,Low,Some college,Some college,3,3.0,Same education level,no,we broke up,,,0.75,"white, non-hispanic","white, non-hispanic","White, Non-Hispanic",no (not latino or hispanic),white
63435,3704,,,"$40,000 to $49,999","some college, no degree",,,11,Middle,Some college,,3,,,,,,,,"white, non-hispanic","white, non-hispanic","White, Non-Hispanic",,
64331,125509,125509.0,125509.0,"$50,000 to $59,999",high school graduate - high school diploma or the equivalent (ged),10th grade,partner earned more,12,Middle,HS,Less than HS,2,1.0,Respondent higher,,,,,7.0,hispanic,hispanic,Hispanic,no (not latino or hispanic),white
65446,3435,3435.0,3435.0,"$40,000 to $49,999","some college, no degree",bachelor's degree,partner earned more,11,Middle,Some college,Bachelor's+,3,4.0,Partner higher,no,other (please describe),,,0.75,"white, non-hispanic","white, non-hispanic","White, Non-Hispanic",no (not latino or hispanic),white
66345,1411,,,"$50,000 to $59,999",bachelors degree,,,12,Middle,Bachelor's+,,4,,,,,,,,"white, non-hispanic","white, non-hispanic","White, Non-Hispanic",,
66484,3442,3442.0,3442.0,"$7,500 to $9,999","some college, no degree","some college, no degree",partner earned more,3,Low,Some college,Some college,3,3.0,Same education level,no,we broke up,,,0.75,"white, non-hispanic","white, non-hispanic","White, Non-Hispanic",no (not latino or hispanic),white
67535,1597,,,"$15,000 to $19,999",bachelors degree,,,6,Low,Bachelor's+,,4,,,,,,,,"white, non-hispanic","white, non-hispanic","White, Non-Hispanic",,
68546,1968,1968.0,1968.0,"$100,000 to $124,999",masters degree,bachelor's degree,i earned more,16,High,Bachelor's+,Bachelor's+,4,4.0,Same education level,,,,,20.0,"white, non-hispanic","white, non-hispanic","White, Non-Hispanic",no (not latino or hispanic),white
69311,26310,26310.0,26310.0,"$60,000 to $74,999",associate degree,hs graduate or ged,i earned more,13,Middle,Some college,HS,3,2.0,Respondent higher,,,,,6.0,"white, non-hispanic","white, non-hispanic","White, Non-Hispanic",no (not latino or hispanic),white
70603,2220,,,"$7,500 to $9,999","some college, no degree",,,3,Low,Some college,,3,,,,,,,,"white, non-hispanic","white, non-hispanic",,,
71523,29526,,,"$75,000 to $84,999",associate degree,,,14,High,Some college,,3,,,,,,,,"white, non-hispanic","white, non-hispanic","White, Non-Hispanic",,
72515,63577,63577.0,63577.0,"$25,000 to $29,999","some college, no degree","some college, no degree",partner earned more,8,Low,Some college,Some college,3,3.0,Same education level,no,we broke up,,,11.0,"white, non-hispanic","white, non-hispanic","White, Non-Hispanic",no (not latino or hispanic),white
73603,45849,45849.0,45849.0,"$20,000 to $24,999",high school graduate - high school diploma or the equivalent (ged),master's degree,partner earned more,7,Low,HS,Bachelor's+,2,4.0,Partner higher,,,,,29.0,"white, non-hispanic","white, non-hispanic",,no (not latino or hispanic),white
74415,4385,,,"$60,000 to $74,999",masters degree,,,13,Middle,Bachelor's+,,4,,,,,,,,"white, non-hispanic","white, non-hispanic","White, Non-Hispanic",,
75621,64496,64496.0,64496.0,"$60,000 to $74,999",9th grade,"some college, no degree",i earned more,13,Middle,Less than HS,Some college,1,3.0,Partner higher,,,,,29.0,"white, non-hispanic","white, non-hispanic","White, Non-Hispanic",no (not latino or hispanic),white
75685,625,,,"$15,000 to $19,999",bachelors degree,,,6,Low,Bachelor's+,,4,,,,,,,,"white, non-hispanic","white, non-hispanic","White, Non-Hispanic",,
76832,33759,,,"$25,000 to $29,999",high school graduate - high school diploma or the equivalent (ged),,,8,Low,HS,,2,,,,,,,,"white, non-hispanic","white, non-hispanic",,,
77256,46650,46650.0,46650.0,"$75,000 to $84,999",bachelors degree,associate degree,we earned about the same amount,14,High,Bachelor's+,Some college,4,3.0,Respondent higher,,,,,5.0,"white, non-hispanic","white, non-hispanic","White, Non-Hispanic",no (not latino or hispanic),white
78351,50196,50196.0,50196.0,"$75,000 to $84,999","some college, no degree",bachelor's degree,i earned more,14,High,Some college,Bachelor's+,3,4.0,Partner higher,,,,,16.0,"white, non-hispanic","white, non-hispanic","White, Non-Hispanic",no (not latino or hispanic),white
79405,2142,,,"$35,000 to $39,999",bachelors degree,,,10,Low,Bachelor's+,,4,,,,,,,,"white, non-hispanic","white, non-hispanic","White, Non-Hispanic",,
79731,814,814.0,814.0,"$100,000 to $124,999",masters degree,master's degree,partner earned more,16,High,Bachelor's+,Bachelor's+,4,4.0,Same education level,,,,,26.0,"white, non-hispanic","white, non-hispanic","White, Non-Hispanic",no (not latino or hispanic),white
80656,905,905.0,905.0,"$50,000 to $59,999",bachelors degree,bachelor's degree,we earned about the same amount,12,Middle,Bachelor's+,Bachelor's+,4,4.0,Same education level,yes,,yes,,30.0,"white, non-hispanic","white, non-hispanic","White, Non-Hispanic",no (not latino or hispanic),white
81286,38954,38954.0,38954.0,"$60,000 to $74,999",bachelors degree,bachelor's degree,i earned more,13,Middle,Bachelor's+,Bachelor's+,4,4.0,Same education level,yes,,,,2.5,"white, non-hispanic","white, non-hispanic","White, Non-Hispanic",no (not latino or hispanic),white
82431,83275,83275.0,83275.0,"$12,500 to $14,999",10th grade,"some college, no degree",i earned more,5,Low,Less than HS,Some college,1,3.0,Partner higher,,,,,26.0,"white, non-hispanic","white, non-hispanic","White, Non-Hispanic",no (not latino or hispanic),white
83431,63988,63988.0,63988.0,"$60,000 to $74,999",bachelors degree,professional or doctorate degree,partner earned more,13,Middle,Bachelor's+,Bachelor's+,4,4.0,Same education level,,,,,23.0,"white, non-hispanic","white, non-hispanic","White, Non-Hispanic",no (not latino or hispanic),white
84485,24271,,,"$50,000 to $59,999",associate degree,,,12,Middle,Some college,,3,,,,,,,,"2+ races, non-hispanic","white, non-hispanic",,,
85281,39046,39046.0,39046.0,"$100,000 to $124,999",bachelors degree,master's degree,partner earned more,16,High,Bachelor's+,Bachelor's+,4,4.0,Same education level,,,,,10.0,"white, non-hispanic","white, non-hispanic","White, Non-Hispanic",no (not latino or hispanic),white
86591,88536,88536.0,88536.0,"$15,000 to $19,999","some college, no degree",associate degree,i earned more,6,Low,Some college,Some college,3,3.0,Same education level,,,,,19.0,"white, non-hispanic","white, non-hispanic","White, Non-Hispanic",no (not latino or hispanic),white
88205,48998,,,"$100,000 to $124,999","some college, no degree",,,16,High,Some college,,3,,,,,,,,"white, non-hispanic","white, non-hispanic","White, Non-Hispanic",,
89766,6794,6794.0,6794.0,"$60,000 to $74,999",bachelors degree,"some college, no degree",we earned about the same amount,13,Middle,Bachelor's+,Some college,4,3.0,Respondent higher,yes,,,,35.0,"white, non-hispanic","white, non-hispanic",,no (not latino or hispanic),white
90315,4585,,,"$50,000 to $59,999","some college, no degree",,,12,Middle,Some college,,3,,,,,,,,"white, non-hispanic","white, non-hispanic","White, Non-Hispanic",,
92625,1590,,,"$40,000 to $49,999",masters degree,,,11,Middle,Bachelor's+,,4,,,,,,,,"white, non-hispanic","white, non-hispanic","White, Non-Hispanic",,
94431,89402,89402.0,89402.0,"$75,000 to $84,999",bachelors degree,associate degree,i earned more,14,High,Bachelor's+,Some college,4,3.0,Respondent higher,,,,,14.0,hispanic,hispanic,Hispanic,no (not latino or hispanic),white
95431,45774,45774.0,45774.0,"$60,000 to $74,999",high school graduate - high school diploma or the equivalent (ged),bachelor's degree,i earned more,13,Middle,HS,Bachelor's+,2,4.0,Partner higher,,,,,25.0,"white, non-hispanic","white, non-hispanic",,no (not latino or hispanic),white
96335,58078,,,"$20,000 to $24,999",bachelors degree,,,7,Low,Bachelor's+,,4,,,,,,,,"white, non-hispanic","white, non-hispanic","White, Non-Hispanic",,
97195,43431,43431.0,43431.0,"$60,000 to $74,999","some college, no degree","some college, no degree",i earned more,13,Middle,Some college,Some college,3,3.0,Same education level,yes,,yes,,0.45,"white, non-hispanic","white, non-hispanic","White, Non-Hispanic",no (not latino or hispanic),white
98306,6157,,,"$10,000 to $12,499",high school graduate - high school diploma or the equivalent (ged),,,4,Low,HS,,2,,,,,,,,"white, non-hispanic","white, non-hispanic",,,
99611,126005,126005.0,126005.0,"$100,000 to $124,999",bachelors degree,professional or doctorate degree,partner earned more,16,High,Bachelor's+,Bachelor's+,4,4.0,Same education level,,,,,40.0,"other, non-hispanic","other, non-hispanic","Other, Non-Hispanic",no (not latino or hispanic),white
100331,50555,50555.0,50555.0,"$75,000 to $84,999",masters degree,bachelor's degree,i earned more,14,High,Bachelor's+,Bachelor's+,4,4.0,Same education level,,,,,11.0,"white, non-hispanic","white, non-hispanic","White, Non-Hispanic",no (not latino or hispanic),white
101533,84439,,,"$25,000 to $29,999","some college, no degree",,,8,Low,Some college,,3,,,,,,,,"white, non-hispanic","white, non-hispanic","White, Non-Hispanic",,
102345,76555,,,"$30,000 to $34,999",high school graduate - high school diploma or the equivalent (ged),,,9,Low,HS,,2,,,,,,,,"white, non-hispanic","white, non-hispanic","White, Non-Hispanic",,
103545,1533,1533.0,1533.0,"$150,000 to $174,999",bachelors degree,"some college, no degree",i earned more,18,High,Bachelor's+,Some college,4,3.0,Respondent higher,yes,,yes,,4.0,"white, non-hispanic","white, non-hispanic","White, Non-Hispanic",no (not latino or hispanic),white
104565,1876,1876.0,1876.0,"$15,000 to $19,999",bachelors degree,bachelor's degree,partner earned more,6,Low,Bachelor's+,Bachelor's+,4,4.0,Same education level,yes,,no,Other (please describe),4.0,"white, non-hispanic","white, non-hispanic","White, Non-Hispanic",no (not latino or hispanic),white
105515,19434,,,"$40,000 to $49,999",bachelors degree,,,11,Middle,Bachelor's+,,4,,,,,,,,"white, non-hispanic","white, non-hispanic","White, Non-Hispanic",,
106296,62031,62031.0,62031.0,"$35,000 to $39,999",bachelors degree,"some college, no degree",we earned about the same amount,10,Low,Bachelor's+,Some college,4,3.0,Respondent higher,yes,,no,Other (please describe),9.0,"other, non-hispanic","other, non-hispanic","White, Non-Hispanic",no (not latino or hispanic),refused
107255,68608,,,"$100,000 to $124,999",bachelors degree,,,16,High,Bachelor's+,,4,,,,,,,,"white, non-hispanic","white, non-hispanic","White, Non-Hispanic",,
108381,4954,4954.0,4954.0,"$100,000 to $124,999",bachelors degree,professional or doctorate degree,partner earned more,16,High,Bachelor's+,Bachelor's+,4,4.0,Same education level,,,,,19.0,"white, non-hispanic","white, non-hispanic",,no (not latino or hispanic),white
108501,33960,33960.0,33960.0,"$75,000 to $84,999",professional or doctorate degree,professional or doctorate degree,i earned more,14,High,Bachelor's+,Bachelor's+,4,4.0,Same education level,,,,,27.0,"white, non-hispanic",,,no (not latino or hispanic),white
109706,70696,,,"$35,000 to $39,999",associate degree,,,10,Low,Some college,,3,,,,,,,,"white, non-hispanic","white, non-hispanic",,,
110316,5901,5901.0,5901.0,"$60,000 to $74,999",masters degree,master's degree,i earned more,13,Middle,Bachelor's+,Bachelor's+,4,4.0,Same education level,yes,,yes,,4.0,"white, non-hispanic","white, non-hispanic","White, Non-Hispanic","yes, other latino/hispanic","american indian, aleut, or eskimo"
112646,1863,1863.0,1863.0,"$100,000 to $124,999","some college, no degree",bachelor's degree,partner earned more,16,High,Some college,Bachelor's+,3,4.0,Partner higher,,,,,30.0,"white, non-hispanic","white, non-hispanic","White, Non-Hispanic",no (not latino or hispanic),white
113235,27923,27923.0,27923.0,"$100,000 to $124,999","some college, no degree",bachelor's degree,partner earned more,16,High,Some college,Bachelor's+,3,4.0,Partner higher,yes,,,,5.0,"white, non-hispanic","white, non-hispanic","White, Non-Hispanic",no (not latino or hispanic),white
114276,58340,58340.0,58340.0,"$60,000 to $74,999",bachelors degree,master's degree,partner earned more,13,Middle,Bachelor's+,Bachelor's+,4,4.0,Same education level,,,,,5.0,"white, non-hispanic","white, non-hispanic","White, Non-Hispanic",no (not latino or hispanic),white
115473,3764,3764.0,3764.0,"$85,000 to $99,999","some college, no degree","some college, no degree",i earned more,15,High,Some college,Some college,3,3.0,Same education level,no,other (please describe),,,11.0,"white, non-hispanic","white, non-hispanic","White, Non-Hispanic",no (not latino or hispanic),white
116271,50789,50789.0,50789.0,"$50,000 to $59,999","some college, no degree",hs graduate or ged,i earned more,12,Middle,Some college,HS,3,2.0,Respondent higher,,,,,7.0,"white, non-hispanic","white, non-hispanic","White, Non-Hispanic",no (not latino or hispanic),white
117401,3197,3197.0,3197.0,"$75,000 to $84,999",bachelors degree,bachelor's degree,partner earned more,14,High,Bachelor's+,Bachelor's+,4,4.0,Same education level,,,,,14.0,"white, non-hispanic","white, non-hispanic","Other, Non-Hispanic",no (not latino or hispanic),white
119371,19321,19321.0,19321.0,"$12,500 to $14,999",high school graduate - high school diploma or the equivalent (ged),hs graduate or ged,i earned more,5,Low,HS,HS,2,2.0,Same education level,,,,,8.0,"white, non-hispanic","white, non-hispanic","White, Non-Hispanic",no (not latino or hispanic),white
119663,87254,87254.0,87254.0,"$50,000 to $59,999",associate degree,bachelor's degree,partner earned more,12,Middle,Some college,Bachelor's+,3,4.0,Partner higher,yes,,,,20.0,"white, non-hispanic","white, non-hispanic",,no (not latino or hispanic),white
120456,70925,70925.0,70925.0,"$125,000 to $149,999",high school graduate - high school diploma or the equivalent (ged),master's degree,partner earned more,17,High,HS,Bachelor's+,2,4.0,Partner higher,,,,,21.0,hispanic,hispanic,Hispanic,no (not latino or hispanic),white
121515,39909,39909.0,39909.0,"$50,000 to $59,999",bachelors degree,professional or doctorate degree,partner earned more,12,Middle,Bachelor's+,Bachelor's+,4,4.0,Same education level,yes,,yes,,7.0,"white, non-hispanic","white, non-hispanic","White, Non-Hispanic",no (not latino or hispanic),white
122441,87074,87074.0,87074.0,"$35,000 to $39,999",12th grade no diploma,hs graduate or ged,partner earned more,10,Low,Less than HS,HS,1,2.0,Partner higher,,,,,24.0,"white, non-hispanic","white, non-hispanic",,no (not latino or hispanic),white
123405,34905,,,"$75,000 to $84,999",bachelors degree,,,14,High,Bachelor's+,,4,,,,,,,,"white, non-hispanic","white, non-hispanic","White, Non-Hispanic",,
125346,64184,64184.0,64184.0,"$30,000 to $34,999",bachelors degree,12th grade no diploma,we earned about the same amount,9,Low,Bachelor's+,Less than HS,4,1.0,Respondent higher,no,we broke up,,,6.0,"white, non-hispanic","white, non-hispanic",,no (not latino or hispanic),white
126231,263811,263811.0,263811.0,"$175,000 or more",associate degree,bachelor's degree,partner earned more,19,High,Some college,Bachelor's+,3,4.0,Partner higher,,,,,6.0,"other, non-hispanic","white, non-hispanic","White, Non-Hispanic",no (not latino or hispanic),white
127425,30274,,,"$100,000 to $124,999",professional or doctorate degree,,,16,High,Bachelor's+,,4,,,,,,,,"white, non-hispanic","white, non-hispanic","White, Non-Hispanic",,
128441,77254,77254.0,77254.0,"$150,000 to $174,999",high school graduate - high school diploma or the equivalent (ged),bachelor's degree,partner earned more,18,High,HS,Bachelor's+,2,4.0,Partner higher,,,,,2.5,"black, non-hispanic","black, non-hispanic","Black, Non-Hispanic",no (not latino or hispanic),black or african american
129595,44857,,,"$35,000 to $39,999",bachelors degree,,,10,Low,Bachelor's+,,4,,,,,,,,"white, non-hispanic","white, non-hispanic","White, Non-Hispanic",,
130266,51866,51866.0,51866.0,"$150,000 to $174,999",bachelors degree,bachelor's degree,partner earned more,18,High,Bachelor's+,Bachelor's+,4,4.0,Same education level,,,,,2.5,"white, non-hispanic","white, non-hispanic","White, Non-Hispanic",no (not latino or hispanic),white
131561,78931,78931.0,78931.0,"$50,000 to $59,999",high school graduate - high school diploma or the equivalent (ged),12th grade no diploma,partner earned more,12,Middle,HS,Less than HS,2,1.0,Respondent higher,,,,,38.0,"white, non-hispanic","white, non-hispanic",,no (not latino or hispanic),white
132505,130473,,,"$35,000 to $39,999",12th grade no diploma,,,10,Low,Less than HS,,1,,,,,,,,"black, non-hispanic","black, non-hispanic","Black, Non-Hispanic",,
133521,52167,52167.0,52167.0,"$60,000 to $74,999",bachelors degree,hs graduate or ged,partner earned more,13,Middle,Bachelor's+,HS,4,2.0,Respondent higher,,,,,36.0,"white, non-hispanic","white, non-hispanic",,no (not latino or hispanic),white
134275,12426,12426.0,12426.0,"$50,000 to $59,999","some college, no degree","some college, no degree",i earned more,12,Middle,Some college,Some college,3,3.0,Same education level,yes,,yes,,2.5,"white, non-hispanic","white, non-hispanic","White, Non-Hispanic",no (not latino or hispanic),white
134461,35706,35706.0,35706.0,"$75,000 to $84,999",associate degree,associate degree,i earned more,14,High,Some college,Some college,3,3.0,Same education level,yes,,,,0.75,"white, non-hispanic","white, non-hispanic","White, Non-Hispanic",no (not latino or hispanic),white
135736,1961,1961.0,1961.0,"$50,000 to $59,999","some college, no degree",professional or doctorate degree,partner earned more,12,Middle,Some college,Bachelor's+,3,4.0,Partner higher,yes,,yes,,18.0,"white, non-hispanic","white, non-hispanic","White, Non-Hispanic",no (not latino or hispanic),white
136275,2880,2880.0,2880.0,"$60,000 to $74,999",masters degree,master's degree,i earned more,13,Middle,Bachelor's+,Bachelor's+,4,4.0,Same education level,yes,,,,1.5,"2+ races, non-hispanic","2+ races, non-hispanic",,no (not latino or hispanic),asian or pacific islander
137215,61899,61899.0,61899.0,"$35,000 to $39,999","some college, no degree","some college, no degree",we earned about the same amount,10,Low,Some college,Some college,3,3.0,Same education level,yes,,yes,,2.5,"white, non-hispanic",hispanic,Hispanic,no (not latino or hispanic),white
138383,248253,,,"$35,000 to $39,999",high school graduate - high school diploma or the equivalent (ged),,,10,Low,HS,,2,,,,,,,,hispanic,hispanic,Hispanic,,
140511,49830,49830.0,49830.0,"$85,000 to $99,999",high school graduate - high school diploma or the equivalent (ged),"some college, no degree",partner earned more,15,High,HS,Some college,2,3.0,Partner higher,,,,,31.0,"white, non-hispanic","white, non-hispanic","White, Non-Hispanic",no (not latino or hispanic),white
141843,57092,,,"$35,000 to $39,999",masters degree,,,10,Low,Bachelor's+,,4,,,,,,,,"white, non-hispanic","white, non-hispanic","White, Non-Hispanic",,
142561,64246,64246.0,64246.0,"$50,000 to $59,999","some college, no degree",12th grade no diploma,refused,12,Middle,Some college,Less than HS,3,1.0,Respondent higher,,,,,39.0,"black, non-hispanic","2+ races, non-hispanic",,no (not latino or hispanic),"american indian, aleut, or eskimo"
143746,1835,1835.0,1835.0,"$75,000 to $84,999",professional or doctorate degree,hs graduate or ged,we earned about the same amount,14,High,Bachelor's+,HS,4,2.0,Respondent higher,,,,,43.0,"white, non-hispanic","white, non-hispanic",,no (not latino or hispanic),white
144545,109536,109536.0,109536.0,"$40,000 to $49,999",professional or doctorate degree,professional or doctorate degree,partner earned more,11,Middle,Bachelor's+,Bachelor's+,4,4.0,Same education level,yes,,yes,,17.0,"other, non-hispanic","white, non-hispanic",,no (not latino or hispanic),white
145611,73514,73514.0,73514.0,"$75,000 to $84,999","some college, no degree","some college, no degree",i earned more,14,High,Some college,Some college,3,3.0,Same education level,,,,,41.0,"white, non-hispanic","white, non-hispanic",,no (not latino or hispanic),white
146405,16694,,,"$40,000 to $49,999",bachelors degree,,,11,Middle,Bachelor's+,,4,,,,,,,,"white, non-hispanic","white, non-hispanic","White, Non-Hispanic",,
147245,69278,69278.0,69278.0,"$85,000 to $99,999",high school graduate - high school diploma or the equivalent (ged),"some college, no degree",i earned more,15,High,HS,Some college,2,3.0,Partner higher,yes,,yes,,0.75,"white, non-hispanic","white, non-hispanic","White, Non-Hispanic",no (not latino or hispanic),white
147525,1905,1905.0,1905.0,"$100,000 to $124,999",masters degree,bachelor's degree,i earned more,16,High,Bachelor's+,Bachelor's+,4,4.0,Same education level,yes,,no,"[xNameP] passed away, is deceased",19.0,"white, non-hispanic","white, non-hispanic","White, Non-Hispanic",no (not latino or hispanic),white
149675,6143,,,"$15,000 to $19,999",high school graduate - high school diploma or the equivalent (ged),,,6,Low,HS,,2,,,,,,,,"white, non-hispanic","white, non-hispanic","White, Non-Hispanic",,
150411,110877,110877.0,110877.0,"$175,000 or more",masters degree,bachelor's degree,we earned about the same amount,19,High,Bachelor's+,Bachelor's+,4,4.0,Same education level,,,,,8.0,"other, non-hispanic","other, non-hispanic","Other, Non-Hispanic",no (not latino or hispanic),white
151506,17058,17058.0,17058.0,"$125,000 to $149,999",bachelors degree,"some college, no degree",i earned more,17,High,Bachelor's+,Some college,4,3.0,Respondent higher,,,,,10.0,"2+ races, non-hispanic","white, non-hispanic","White, Non-Hispanic",no (not latino or hispanic),white
152762,107315,107315.0,107315.0,"$7,500 to $9,999","some college, no degree",10th grade,we earned about the same amount,3,Low,Some college,Less than HS,3,1.0,Respondent higher,,,,,59.0,"black, non-hispanic","black, non-hispanic","Black, Non-Hispanic",no (not latino or hispanic),black or african american
153673,1624,,,"$10,000 to $12,499",bachelors degree,,,4,Low,Bachelor's+,,4,,,,,,,,"white, non-hispanic",,,,
154531,51475,51475.0,51475.0,"$100,000 to $124,999",high school graduate - high school diploma or the equivalent (ged),master's degree,i earned more,16,High,HS,Bachelor's+,2,4.0,Partner higher,,,,,29.0,"white, non-hispanic","white, non-hispanic","White, Non-Hispanic",no (not latino or hispanic),white
155561,83546,83546.0,83546.0,"$20,000 to $24,999","some college, no degree",bachelor's degree,partner earned more,7,Low,Some college,Bachelor's+,3,4.0,Partner higher,,,,,35.0,"white, non-hispanic","white, non-hispanic","White, Non-Hispanic",no (not latino or hispanic),white
156486,522,522.0,522.0,"$50,000 to $59,999",associate degree,bachelor's degree,partner earned more,12,Middle,Some college,Bachelor's+,3,4.0,Partner higher,yes,,yes,,8.0,"2+ races, non-hispanic","2+ races, non-hispanic","2+ Races, Non-Hispanic",no (not latino or hispanic),white
156535,1469,,,"$40,000 to $49,999",masters degree,,,11,Middle,Bachelor's+,,4,,,,,,,,"white, non-hispanic","white, non-hispanic","White, Non-Hispanic",,
157385,4928,,,"$7,500 to $9,999",bachelors degree,,,3,Low,Bachelor's+,,4,,,,,,,,"other, non-hispanic","other, non-hispanic",,,
157421,37288,37288.0,37288.0,"$60,000 to $74,999","some college, no degree",associate degree,partner earned more,13,Middle,Some college,Some college,3,3.0,Same education level,,,,,11.0,"white, non-hispanic","white, non-hispanic","White, Non-Hispanic",no (not latino or hispanic),white
158261,44257,44257.0,44257.0,"$100,000 to $124,999",associate degree,bachelor's degree,partner earned more,16,High,Some college,Bachelor's+,3,4.0,Partner higher,,,,,8.0,"white, non-hispanic","white, non-hispanic","White, Non-Hispanic",no (not latino or hispanic),white
159285,48213,,,"$10,000 to $12,499","some college, no degree",,,4,Low,Some college,,3,,,,,,,,"white, non-hispanic","white, non-hispanic","White, Non-Hispanic",,
161715,4765,4765.0,4765.0,"$25,000 to $29,999",high school graduate - high school diploma or the equivalent (ged),"some college, no degree",we earned about the same amount,8,Low,HS,Some college,2,3.0,Partner higher,no,we broke up,,,51.0,"white, non-hispanic","white, non-hispanic","White, Non-Hispanic",no (not latino or hispanic),white
162521,36659,36659.0,36659.0,"$50,000 to $59,999",bachelors degree,master's degree,partner earned more,12,Middle,Bachelor's+,Bachelor's+,4,4.0,Same education level,,,,,29.0,"white, non-hispanic","white, non-hispanic","White, Non-Hispanic",no (not latino or hispanic),white
163195,66850,66850.0,66850.0,"$20,000 to $24,999",high school graduate - high school diploma or the equivalent (ged),"some college, no degree",we earned about the same amount,7,Low,HS,Some college,2,3.0,Partner higher,yes,,yes,,0.15,"other, non-hispanic","other, non-hispanic",Hispanic,no (not latino or hispanic),asian or pacific islander
164505,44364,,,"$10,000 to $12,499",high school graduate - high school diploma or the equivalent (ged),,,4,Low,HS,,2,,,,,,,,"white, non-hispanic","white, non-hispanic","White, Non-Hispanic",,
165625,48322,,,"$40,000 to $49,999",professional or doctorate degree,,,11,Middle,Bachelor's+,,4,,,,,,,,"white, non-hispanic","white, non-hispanic","White, Non-Hispanic",,
166381,126864,126864.0,126864.0,"$100,000 to $124,999",bachelors degree,bachelor's degree,i earned more,16,High,Bachelor's+,Bachelor's+,4,4.0,Same education level,,,,,10.0,hispanic,hispanic,Hispanic,no (not latino or hispanic),white
167245,97632,97632.0,97632.0,"$5,000 to $7,499","some college, no degree",bachelor's degree,partner earned more,2,Low,Some college,Bachelor's+,3,4.0,Partner higher,yes,,no,We broke up,5.0,"white, non-hispanic","white, non-hispanic","White, Non-Hispanic",no (not latino or hispanic),white
168646,1764,1764.0,1764.0,"$50,000 to $59,999","some college, no degree",associate degree,partner earned more,12,Middle,Some college,Some college,3,3.0,Same education level,,,,,21.0,"white, non-hispanic","white, non-hispanic","White, Non-Hispanic",no (not latino or hispanic),white
171391,36340,36340.0,36340.0,"$50,000 to $59,999",associate degree,bachelor's degree,we earned about the same amount,12,Middle,Some college,Bachelor's+,3,4.0,Partner higher,,,,,0.45,"white, non-hispanic","white, non-hispanic","White, Non-Hispanic",no (not latino or hispanic),white
172291,27448,27448.0,27448.0,"$100,000 to $124,999",bachelors degree,associate degree,partner earned more,16,High,Bachelor's+,Some college,4,3.0,Respondent higher,,,,,13.0,"white, non-hispanic","white, non-hispanic","White, Non-Hispanic",no (not latino or hispanic),white
173205,3474,,,"$85,000 to $99,999","some college, no degree",,,15,High,Some college,,3,,,,,,,,"2+ races, non-hispanic","other, non-hispanic","2+ Races, Non-Hispanic",,
173671,11400,11400.0,11400.0,"$25,000 to $29,999",high school graduate - high school diploma or the equivalent (ged),hs graduate or ged,i earned more,8,Low,HS,HS,2,2.0,Same education level,,,,,49.0,"2+ races, non-hispanic","2+ races, non-hispanic","2+ Races, Non-Hispanic",no (not latino or hispanic),white
174603,62958,62958.0,62958.0,"$35,000 to $39,999",bachelors degree,hs graduate or ged,partner earned more,10,Low,Bachelor's+,HS,4,2.0,Respondent higher,yes,,yes,,10.0,"black, non-hispanic",,"Black, Non-Hispanic",no (not latino or hispanic),black or african american
175455,3671,,,"$75,000 to $84,999",bachelors degree,,,14,High,Bachelor's+,,4,,,,,,,,"white, non-hispanic","white, non-hispanic",,,
176495,2739,2739.0,2739.0,"$100,000 to $124,999","some college, no degree",professional or doctorate degree,i earned more,16,High,Some college,Bachelor's+,3,4.0,Partner higher,yes,,,,2.5,"white, non-hispanic",,"White, Non-Hispanic",no (not latino or hispanic),white
177386,3802,3802.0,3802.0,"$125,000 to $149,999",bachelors degree,hs graduate or ged,i earned more,17,High,Bachelor's+,HS,4,2.0,Respondent higher,no,we broke up,,,14.0,"white, non-hispanic","white, non-hispanic","White, Non-Hispanic",no (not latino or hispanic),white
178295,58125,,,"$30,000 to $34,999",bachelors degree,,,9,Low,Bachelor's+,,4,,,,,,,,"white, non-hispanic","white, non-hispanic","White, Non-Hispanic",,
179461,142512,142512.0,142512.0,"$125,000 to $149,999",high school graduate - high school diploma or the equivalent (ged),"some college, no degree",i earned more,17,High,HS,Some college,2,3.0,Partner higher,,,,,22.0,"white, non-hispanic","white, non-hispanic","White, Non-Hispanic",no (not latino or hispanic),white
180415,7684,7684.0,7684.0,"$25,000 to $29,999",bachelors degree,master's degree,partner earned more,8,Low,Bachelor's+,Bachelor's+,4,4.0,Same education level,,,,,17.0,"black, non-hispanic","black, non-hispanic","Black, Non-Hispanic",no (not latino or hispanic),other (please specify)
181403,18938,18938.0,18938.0,"$50,000 to $59,999",high school graduate - high school diploma or the equivalent (ged),10th grade,we earned about the same amount,12,Middle,HS,Less than HS,2,1.0,Respondent higher,yes,,,,14.0,"2+ races, non-hispanic","other, non-hispanic",,no (not latino or hispanic),white
183655,1736,,,"$20,000 to $24,999",masters degree,,,7,Low,Bachelor's+,,4,,,,,,,,"white, non-hispanic","white, non-hispanic","White, Non-Hispanic",,
185405,34636,34636.0,34636.0,"$12,500 to $14,999",bachelors degree,master's degree,partner earned more,5,Low,Bachelor's+,Bachelor's+,4,4.0,Same education level,yes,,yes,,1.5,"white, non-hispanic","white, non-hispanic","White, Non-Hispanic",no (not latino or hispanic),white
187511,53296,53296.0,53296.0,"$150,000 to $174,999",associate degree,bachelor's degree,partner earned more,18,High,Some college,Bachelor's+,3,4.0,Partner higher,,,,,11.0,"white, non-hispanic","white, non-hispanic","White, Non-Hispanic",no (not latino or hispanic),white
188395,64635,,,"$75,000 to $84,999",high school graduate - high school diploma or the equivalent (ged),,,14,High,HS,,2,,,,,,,,"white, non-hispanic","white, non-hispanic","White, Non-Hispanic",,
189411,229670,229670.0,229670.0,"$85,000 to $99,999",bachelors degree,master's degree,i earned more,15,High,Bachelor's+,Bachelor's+,4,4.0,Same education level,,,,,22.0,"white, non-hispanic","white, non-hispanic","White, Non-Hispanic",no (not latino or hispanic),white
190215,72357,72357.0,72357.0,"$50,000 to $59,999","some college, no degree","some college, no degree",we earned about the same amount,12,Middle,Some college,Some college,3,3.0,Same education level,yes,,yes,,1.5,"white, non-hispanic","white, non-hispanic","White, Non-Hispanic",no (not latino or hispanic),white
191546,71660,71660.0,71660.0,"$12,500 to $14,999",high school graduate - high school diploma or the equivalent (ged),hs graduate or ged,partner earned more,5,Low,HS,HS,2,2.0,Same education level,,,,,36.0,"black, non-hispanic","black, non-hispanic","Black, Non-Hispanic",no (not latino or hispanic),black or african american
192341,85802,85802.0,85802.0,"$35,000 to $39,999",high school graduate - high school diploma or the equivalent (ged),hs graduate or ged,i earned more,10,Low,HS,HS,2,2.0,Same education level,,,,,11.0,"white, non-hispanic","2+ races, non-hispanic","White, Non-Hispanic",no (not latino or hispanic),white
193446,18608,18608.0,18608.0,"$85,000 to $99,999",high school graduate - high school diploma or the equivalent (ged),"some college, no degree",partner earned more,15,High,HS,Some college,2,3.0,Partner higher,,,,,6.0,"white, non-hispanic",,,no (not latino or hispanic),white
194441,125975,125975.0,125975.0,"$40,000 to $49,999",high school graduate - high school diploma or the equivalent (ged),hs graduate or ged,partner earned more,11,Middle,HS,HS,2,2.0,Same education level,,,,,28.0,"white, non-hispanic","white, non-hispanic","White, Non-Hispanic",no (not latino or hispanic),white
196851,120965,120965.0,120965.0,"$40,000 to $49,999",high school graduate - high school diploma or the equivalent (ged),"some college, no degree",i earned more,11,Middle,HS,Some college,2,3.0,Partner higher,,,,,71.0,"white, non-hispanic","white, non-hispanic",,no (not latino or hispanic),white
197486,4784,4784.0,4784.0,"$85,000 to $99,999","some college, no degree",master's degree,i earned more,15,High,Some college,Bachelor's+,3,4.0,Partner higher,yes,,yes,,17.0,hispanic,hispanic,Hispanic,no (not latino or hispanic),white
198383,47562,,,"$50,000 to $59,999",high school graduate - high school diploma or the equivalent (ged),,,12,Middle,HS,,2,,,,,,,,"white, non-hispanic","white, non-hispanic","White, Non-Hispanic",,
199261,56930,56930.0,56930.0,"$15,000 to $19,999",masters degree,master's degree,partner earned more,6,Low,Bachelor's+,Bachelor's+,4,4.0,Same education level,,,,,7.0,"white, non-hispanic","white, non-hispanic","White, Non-Hispanic",no (not latino or hispanic),white
201665,239439,,,"$7,500 to $9,999",high school graduate - high school diploma or the equivalent (ged),,,3,Low,HS,,2,,,,,,,,"white, non-hispanic","white, non-hispanic",,,
202631,1959,1959.0,1959.0,"$85,000 to $99,999",masters degree,master's degree,we earned about the same amount,15,High,Bachelor's+,Bachelor's+,4,4.0,Same education level,,,,,36.0,"white, non-hispanic","white, non-hispanic","White, Non-Hispanic",no (not latino or hispanic),white
203505,6426,,,"$50,000 to $59,999",high school graduate - high school diploma or the equivalent (ged),,,12,Middle,HS,,2,,,,,,,,"white, non-hispanic","white, non-hispanic","White, Non-Hispanic",,
203562,2465,2465.0,2465.0,"$40,000 to $49,999",associate degree,bachelor's degree,i earned more,11,Middle,Some college,Bachelor's+,3,4.0,Partner higher,no,we broke up,,,2.5,"white, non-hispanic","white, non-hispanic","White, Non-Hispanic",no (not latino or hispanic),white
204561,43447,43447.0,43447.0,"$75,000 to $84,999",high school graduate - high school diploma or the equivalent (ged),"some college, no degree",partner earned more,14,High,HS,Some college,2,3.0,Partner higher,,,,,39.0,"white, non-hispanic","white, non-hispanic",,no (not latino or hispanic),white
205421,78196,78196.0,78196.0,"$60,000 to $74,999",high school graduate - high school diploma or the equivalent (ged),hs graduate or ged,i earned more,13,Middle,HS,HS,2,2.0,Same education level,,,,,20.0,"white, non-hispanic","white, non-hispanic",Hispanic,no (not latino or hispanic),white
206541,79763,79763.0,79763.0,"$60,000 to $74,999",high school graduate - high school diploma or the equivalent (ged),associate degree,partner earned more,13,Middle,HS,Some college,2,3.0,Partner higher,,,,,35.0,"white, non-hispanic","white, non-hispanic","White, Non-Hispanic",no (not latino or hispanic),white
207225,49697,,,"$25,000 to $29,999","some college, no degree",,,8,Low,Some college,,3,,,,,,,,"white, non-hispanic","white, non-hispanic",,,
208762,51883,,,"$60,000 to $74,999",11th grade,,,13,Middle,Less than HS,,1,,,,,,,,"white, non-hispanic","white, non-hispanic",,,
209345,20284,20284.0,20284.0,"$100,000 to $124,999",high school graduate - high school diploma or the equivalent (ged),hs graduate or ged,we earned about the same amount,16,High,HS,HS,2,2.0,Same education level,no,we broke up,,,13.0,"white, non-hispanic","white, non-hispanic","White, Non-Hispanic",no (not latino or hispanic),white
210425,132057,,,"$50,000 to $59,999",bachelors degree,,,12,Middle,Bachelor's+,,4,,,,,,,,"white, non-hispanic","white, non-hispanic","White, Non-Hispanic",,
211571,110924,110924.0,110924.0,"$100,000 to $124,999",high school graduate - high school diploma or the equivalent (ged),professional or doctorate degree,partner earned more,16,High,HS,Bachelor's+,2,4.0,Partner higher,,,,,40.0,hispanic,"white, non-hispanic","White, Non-Hispanic",no (not latino or hispanic),white
211655,2981,,,"$40,000 to $49,999",bachelors degree,,,11,Middle,Bachelor's+,,4,,,,,,,,"black, non-hispanic","black, non-hispanic","Black, Non-Hispanic",,
212505,68371,68371.0,68371.0,"$15,000 to $19,999",12th grade no diploma,associate degree,partner earned more,6,Low,Less than HS,Some college,1,3.0,Partner higher,no,we broke up,,,0.75,"black, non-hispanic","black, non-hispanic",,no (not latino or hispanic),white
213802,60382,,,"$7,500 to $9,999",11th grade,,,3,Low,Less than HS,,1,,,,,,,,"white, non-hispanic","white, non-hispanic","White, Non-Hispanic",,
214591,42546,42546.0,42546.0,"$50,000 to $59,999",high school graduate - high school diploma or the equivalent (ged),bachelor's degree,partner earned more,12,Middle,HS,Bachelor's+,2,4.0,Partner higher,,,,,32.0,"white, non-hispanic","white, non-hispanic","White, Non-Hispanic",no (not latino or hispanic),white
217365,3631,3631.0,3631.0,"$12,500 to $14,999","some college, no degree",hs graduate or ged,partner earned more,5,Low,Some college,HS,3,2.0,Respondent higher,yes,,no,We broke up,1.5,"white, non-hispanic","white, non-hispanic","White, Non-Hispanic",no (not latino or hispanic),black or african american
218426,4334,4334.0,4334.0,"$85,000 to $99,999",masters degree,bachelor's degree,i earned more,15,High,Bachelor's+,Bachelor's+,4,4.0,Same education level,yes,,no,We broke up,0.45,"white, non-hispanic","white, non-hispanic","White, Non-Hispanic",no (not latino or hispanic),white
219265,123277,123277.0,123277.0,"$85,000 to $99,999","some college, no degree",associate degree,i earned more,15,High,Some college,Some college,3,3.0,Same education level,yes,,,,12.0,"white, non-hispanic","white, non-hispanic","White, Non-Hispanic",no (not latino or hispanic),white
220411,87374,87374.0,87374.0,"$50,000 to $59,999",bachelors degree,bachelor's degree,i earned more,12,Middle,Bachelor's+,Bachelor's+,4,4.0,Same education level,,,,,11.0,"white, non-hispanic","white, non-hispanic","White, Non-Hispanic",no (not latino or hispanic),white
221225,15984,15984.0,15984.0,"$40,000 to $49,999","some college, no degree","some college, no degree",i earned more,11,Middle,Some college,Some college,3,3.0,Same education level,yes,,yes,,0.75,"white, non-hispanic","white, non-hispanic","White, Non-Hispanic","yes, other latino/hispanic",white
222281,74841,74841.0,74841.0,"$75,000 to $84,999",bachelors degree,master's degree,i earned more,14,High,Bachelor's+,Bachelor's+,4,4.0,Same education level,,,,,5.0,"white, non-hispanic","white, non-hispanic","White, Non-Hispanic",no (not latino or hispanic),white
224425,54577,54577.0,54577.0,"$20,000 to $24,999",high school graduate - high school diploma or the equivalent (ged),hs graduate or ged,i earned more,7,Low,HS,HS,2,2.0,Same education level,yes,,yes,,22.0,"white, non-hispanic","white, non-hispanic","White, Non-Hispanic",no (not latino or hispanic),white
225411,104093,104093.0,104093.0,"$150,000 to $174,999",associate degree,bachelor's degree,partner earned more,18,High,Some college,Bachelor's+,3,4.0,Partner higher,,,,,23.0,"white, non-hispanic","white, non-hispanic","White, Non-Hispanic",no (not latino or hispanic),white
225516,1646,1646.0,1646.0,"$50,000 to $59,999","some college, no degree",master's degree,we earned about the same amount,12,Middle,Some college,Bachelor's+,3,4.0,Partner higher,yes,,yes,,30.0,"white, non-hispanic","white, non-hispanic","White, Non-Hispanic",no (not latino or hispanic),white
226381,4383,4383.0,4383.0,"$175,000 or more",professional or doctorate degree,master's degree,i earned more,19,High,Bachelor's+,Bachelor's+,4,4.0,Same education level,,,,,5.0,"white, non-hispanic","white, non-hispanic","White, Non-Hispanic",no (not latino or hispanic),white
227542,3230,,,"$15,000 to $19,999","some college, no degree",,,6,Low,Some college,,3,,,,,,,,"white, non-hispanic",,"White, Non-Hispanic",,
228741,37909,37909.0,37909.0,"$15,000 to $19,999",11th grade,10th grade,partner earned more,6,Low,Less than HS,Less than HS,1,1.0,Same education level,,,,,15.0,"white, non-hispanic","white, non-hispanic","White, Non-Hispanic","yes, mexican, mexican american, chicano",white
229666,61976,61976.0,61976.0,"$150,000 to $174,999",high school graduate - high school diploma or the equivalent (ged),"some college, no degree",i earned more,18,High,HS,Some college,2,3.0,Partner higher,yes,,yes,,16.0,"white, non-hispanic","white, non-hispanic",,no (not latino or hispanic),white
230271,61443,61443.0,61443.0,"$50,000 to $59,999",bachelors degree,bachelor's degree,partner earned more,12,Middle,Bachelor's+,Bachelor's+,4,4.0,Same education level,,,,,8.0,"white, non-hispanic","white, non-hispanic",,no (not latino or hispanic),white
230651,1236,1236.0,1236.0,"$30,000 to $34,999","some college, no degree",associate degree,i earned more,9,Low,Some college,Some college,3,3.0,Same education level,,,,,38.0,"white, non-hispanic","white, non-hispanic","White, Non-Hispanic",no (not latino or hispanic),white
231421,117890,117890.0,117890.0,"$100,000 to $124,999","some college, no degree",bachelor's degree,partner earned more,16,High,Some college,Bachelor's+,3,4.0,Partner higher,,,,,24.0,"white, non-hispanic",,,no (not latino or hispanic),white
232595,6212,,,"$25,000 to $29,999",high school graduate - high school diploma or the equivalent (ged),,,8,Low,HS,,2,,,,,,,,"white, non-hispanic","white, non-hispanic","White, Non-Hispanic",,
233441,69777,69777.0,69777.0,"$100,000 to $124,999",high school graduate - high school diploma or the equivalent (ged),hs graduate or ged,partner earned more,16,High,HS,HS,2,2.0,Same education level,,,,,20.0,"white, non-hispanic","white, non-hispanic","White, Non-Hispanic",no (not latino or hispanic),white
234565,1993,,,"$7,500 to $9,999",bachelors degree,,,3,Low,Bachelor's+,,4,,,,,,,,"white, non-hispanic","white, non-hispanic","White, Non-Hispanic",,
236195,62966,62966.0,62966.0,"$12,500 to $14,999",11th grade,11th grade,partner earned more,5,Low,Less than HS,Less than HS,1,1.0,Same education level,no,we broke up,,,0.05,"white, non-hispanic","white, non-hispanic",,no (not latino or hispanic),white
236456,3166,3166.0,3166.0,"$150,000 to $174,999","some college, no degree","some college, no degree",i earned more,18,High,Some college,Some college,3,3.0,Same education level,yes,,,,6.0,"other, non-hispanic","other, non-hispanic","Other, Non-Hispanic","yes, mexican, mexican american, chicano",other (please specify)
237565,1168,,,"$15,000 to $19,999","some college, no degree",,,6,Low,Some college,,3,,,,,,,,"white, non-hispanic","white, non-hispanic","White, Non-Hispanic",,
238685,2031,,,"$85,000 to $99,999",masters degree,,,15,High,Bachelor's+,,4,,,,,,,,"white, non-hispanic","white, non-hispanic",,,
239561,1342,1342.0,1342.0,"$85,000 to $99,999",masters degree,"some college, no degree",i earned more,15,High,Bachelor's+,Some college,4,3.0,Respondent higher,,,,,41.0,"white, non-hispanic","white, non-hispanic","White, Non-Hispanic",no (not latino or hispanic),white
240325,4520,,,"$125,000 to $149,999",masters degree,,,17,High,Bachelor's+,,4,,,,,,,,"white, non-hispanic","white, non-hispanic","White, Non-Hispanic",,
241415,47582,,,"$15,000 to $19,999","some college, no degree",,,6,Low,Some college,,3,,,,,,,,"white, non-hispanic","white, non-hispanic","White, Non-Hispanic",,
242355,34292,34292.0,34292.0,"$50,000 to $59,999",bachelors degree,hs graduate or ged,we earned about the same amount,12,Middle,Bachelor's+,HS,4,2.0,Respondent higher,,,,,0.75,"white, non-hispanic",hispanic,,no (not latino or hispanic),white
244431,69519,69519.0,69519.0,"$50,000 to $59,999",high school graduate - high school diploma or the equivalent (ged),"some college, no degree",i earned more,12,Middle,HS,Some college,2,3.0,Partner higher,,,,,23.0,"white, non-hispanic","white, non-hispanic","White, Non-Hispanic",no (not latino or hispanic),white
245671,50377,50377.0,50377.0,"$50,000 to $59,999",bachelors degree,hs graduate or ged,we earned about the same amount,12,Middle,Bachelor's+,HS,4,2.0,Respondent higher,,,,,45.0,"white, non-hispanic","white, non-hispanic",,no (not latino or hispanic),white
246531,92821,92821.0,92821.0,"$12,500 to $14,999",high school graduate - high school diploma or the equivalent (ged),"some college, no degree",partner earned more,5,Low,HS,Some college,2,3.0,Partner higher,,,,,21.0,"white, non-hispanic","white, non-hispanic","White, Non-Hispanic",no (not latino or hispanic),white
247475,943,943.0,943.0,"$75,000 to $84,999",masters degree,bachelor's degree,i earned more,14,High,Bachelor's+,Bachelor's+,4,4.0,Same education level,,,yes,,22.0,"white, non-hispanic","white, non-hispanic",,no (not latino or hispanic),white
248795,1970,,,"$15,000 to $19,999",bachelors degree,,,6,Low,Bachelor's+,,4,,,,,,,,"white, non-hispanic","white, non-hispanic","White, Non-Hispanic",,
249441,31260,31260.0,31260.0,"$150,000 to $174,999",masters degree,bachelor's degree,i earned more,18,High,Bachelor's+,Bachelor's+,4,4.0,Same education level,,,,,23.0,"white, non-hispanic","white, non-hispanic","White, Non-Hispanic",no (not latino or hispanic),white
250325,28014,,,"$50,000 to $59,999",bachelors degree,,,12,Middle,Bachelor's+,,4,,,,,,,,"white, non-hispanic","white, non-hispanic","White, Non-Hispanic",,
250546,2673,2673.0,2673.0,"$100,000 to $124,999",bachelors degree,master's degree,we earned about the same amount,16,High,Bachelor's+,Bachelor's+,4,4.0,Same education level,,,,,13.0,"white, non-hispanic","white, non-hispanic","White, Non-Hispanic",no (not latino or hispanic),white
251822,71535,71535.0,71535.0,"$60,000 to $74,999",professional or doctorate degree,hs graduate or ged,i earned more,13,Middle,Bachelor's+,HS,4,2.0,Respondent higher,,,,,58.0,"white, non-hispanic","white, non-hispanic","White, Non-Hispanic",no (not latino or hispanic),white
252235,59222,,,"$125,000 to $149,999",bachelors degree,,,17,High,Bachelor's+,,4,,,,,,,,"white, non-hispanic","white, non-hispanic","White, Non-Hispanic",,
253483,2970,2970.0,2970.0,"$85,000 to $99,999",masters degree,master's degree,partner earned more,15,High,Bachelor's+,Bachelor's+,4,4.0,Same education level,no,we broke up,,,10.0,hispanic,hispanic,Hispanic,no (not latino or hispanic),black or african american
254236,11400,11400.0,11400.0,"$85,000 to $99,999","some college, no degree","some college, no degree",partner earned more,15,High,Some college,Some college,3,3.0,Same education level,yes,,yes,,5.0,"2+ races, non-hispanic","white, non-hispanic","White, Non-Hispanic",no (not latino or hispanic),white
255375,2195,2195.0,2195.0,"$100,000 to $124,999","some college, no degree",hs graduate or ged,partner earned more,16,High,Some college,HS,3,2.0,Respondent higher,,,,,1.5,"white, non-hispanic",,,no (not latino or hispanic),white
256593,62836,,,"$12,500 to $14,999",high school graduate - high school diploma or the equivalent (ged),,,5,Low,HS,,2,,,,,,,,"white, non-hispanic","white, non-hispanic","White, Non-Hispanic",,
256696,543,543.0,543.0,"$125,000 to $149,999",masters degree,master's degree,we earned about the same amount,17,High,Bachelor's+,Bachelor's+,4,4.0,Same education level,,,,,20.0,"white, non-hispanic","white, non-hispanic","White, Non-Hispanic",no (not latino or hispanic),white
257822,79672,79672.0,79672.0,"$7,500 to $9,999",high school graduate - high school diploma or the equivalent (ged),10th grade,partner earned more,3,Low,HS,Less than HS,2,1.0,Respondent higher,,,,,65.0,"white, non-hispanic","white, non-hispanic","White, Non-Hispanic",no (not latino or hispanic),white
259495,1913,1913.0,1913.0,"$60,000 to $74,999",masters degree,"some college, no degree",partner earned more,13,Middle,Bachelor's+,Some college,4,3.0,Respondent higher,,,,,4.0,"white, non-hispanic","white, non-hispanic","White, Non-Hispanic",no (not latino or hispanic),white
260461,47521,47521.0,47521.0,"$85,000 to $99,999",masters degree,"some college, no degree",i earned more,15,High,Bachelor's+,Some college,4,3.0,Respondent higher,,,,,15.0,"white, non-hispanic","white, non-hispanic","White, Non-Hispanic",no (not latino or hispanic),white
261591,52889,52889.0,52889.0,"$15,000 to $19,999",7th or 8th grade,1st - 4th grade,partner earned more,6,Low,Less than HS,Less than HS,1,1.0,Same education level,,,,,22.0,"white, non-hispanic","2+ races, non-hispanic","White, Non-Hispanic",no (not latino or hispanic),white
262566,1567,1567.0,1567.0,"$75,000 to $84,999","some college, no degree","some college, no degree",partner earned more,14,High,Some college,Some college,3,3.0,Same education level,,,,,21.0,"white, non-hispanic","white, non-hispanic","White, Non-Hispanic",no (not latino or hispanic),white
263445,2730,,,"$50,000 to $59,999",bachelors degree,,,12,Middle,Bachelor's+,,4,,,,,,,,"white, non-hispanic","white, non-hispanic","White, Non-Hispanic",,
264703,2826,,,"$40,000 to $49,999","some college, no degree",,,11,Middle,Some college,,3,,,,,,,,"white, non-hispanic","white, non-hispanic","White, Non-Hispanic",,
266436,1493,1493.0,1493.0,"$175,000 or more",bachelors degree,bachelor's degree,partner earned more,19,High,Bachelor's+,Bachelor's+,4,4.0,Same education level,,,,,14.0,"white, non-hispanic","white, non-hispanic",,no (not latino or hispanic),white
267361,72219,72219.0,72219.0,"$25,000 to $29,999",bachelors degree,hs graduate or ged,i earned more,8,Low,Bachelor's+,HS,4,2.0,Respondent higher,,,,,20.0,hispanic,hispanic,Hispanic,no (not latino or hispanic),white
268742,46605,,,"$7,500 to $9,999","some college, no degree",,,3,Low,Some college,,3,,,,,,,,"white, non-hispanic","white, non-hispanic","White, Non-Hispanic",,
269331,59044,59044.0,59044.0,"$100,000 to $124,999",professional or doctorate degree,master's degree,partner earned more,16,High,Bachelor's+,Bachelor's+,4,4.0,Same education level,,,,,13.0,"white, non-hispanic","white, non-hispanic","White, Non-Hispanic",no (not latino or hispanic),white
270225,44656,44656.0,44656.0,"$12,500 to $14,999","some college, no degree",bachelor's degree,partner earned more,5,Low,Some college,Bachelor's+,3,4.0,Partner higher,yes,,yes,,0.05,"black, non-hispanic","black, non-hispanic","Black, Non-Hispanic",no (not latino or hispanic),black or african american
271623,570,570.0,570.0,"$75,000 to $84,999",masters degree,master's degree,i earned more,14,High,Bachelor's+,Bachelor's+,4,4.0,Same education level,yes,,yes,,32.0,"white, non-hispanic","white, non-hispanic","White, Non-Hispanic",no (not latino or hispanic),white
272616,1618,1618.0,1618.0,"$150,000 to $174,999",bachelors degree,professional or doctorate degree,partner earned more,18,High,Bachelor's+,Bachelor's+,4,4.0,Same education level,yes,,yes,,14.0,"white, non-hispanic","white, non-hispanic","White, Non-Hispanic",no (not latino or hispanic),white
273431,7347,7347.0,7347.0,"$50,000 to $59,999",masters degree,bachelor's degree,we earned about the same amount,12,Middle,Bachelor's+,Bachelor's+,4,4.0,Same education level,,,,,15.0,"white, non-hispanic","white, non-hispanic","White, Non-Hispanic",no (not latino or hispanic),white
273651,77185,77185.0,77185.0,"$25,000 to $29,999",high school graduate - high school diploma or the equivalent (ged),hs graduate or ged,we earned about the same amount,8,Low,HS,HS,2,2.0,Same education level,,,,,31.0,hispanic,hispanic,Hispanic,no (not latino or hispanic),white
274536,1888,1888.0,1888.0,"$125,000 to $149,999",masters degree,master's degree,i earned more,17,High,Bachelor's+,Bachelor's+,4,4.0,Same education level,yes,,yes,,24.0,"white, non-hispanic","white, non-hispanic","White, Non-Hispanic",no (not latino or hispanic),white
275653,44276,44276.0,44276.0,"$35,000 to $39,999","some college, no degree","some college, no degree",refused,10,Low,Some college,Some college,3,3.0,Same education level,yes,,,,45.0,"white, non-hispanic","white, non-hispanic",,no (not latino or hispanic),white
277391,18545,18545.0,18545.0,"$25,000 to $29,999","some college, no degree",hs graduate or ged,we earned about the same amount,8,Low,Some college,HS,3,2.0,Respondent higher,,,,,16.0,"white, non-hispanic","white, non-hispanic","White, Non-Hispanic",no (not latino or hispanic),white
278413,7179,7179.0,7179.0,"$40,000 to $49,999",bachelors degree,master's degree,partner earned more,11,Middle,Bachelor's+,Bachelor's+,4,4.0,Same education level,no,we broke up,,,0.75,"white, non-hispanic","white, non-hispanic","White, Non-Hispanic",no (not latino or hispanic),white
279534,66969,66969.0,66969.0,"$12,500 to $14,999",12th grade no diploma,associate degree,i earned more,5,Low,Less than HS,Some college,1,3.0,Partner higher,,,,,12.0,"black, non-hispanic","black, non-hispanic",,no (not latino or hispanic),black or african american
280593,93916,,,"$20,000 to $24,999",bachelors degree,,,7,Low,Bachelor's+,,4,,,,,,,,"white, non-hispanic","white, non-hispanic","White, Non-Hispanic",,
282691,158945,158945.0,158945.0,"$20,000 to $24,999",professional or doctorate degree,hs graduate or ged,i earned more,7,Low,Bachelor's+,HS,4,2.0,Respondent higher,,,,,43.0,"white, non-hispanic","white, non-hispanic",,no (not latino or hispanic),white
283386,3801,3801.0,3801.0,"$75,000 to $84,999",professional or doctorate degree,"some college, no degree",partner earned more,14,High,Bachelor's+,Some college,4,3.0,Respondent higher,,,,,4.0,"white, non-hispanic","white, non-hispanic","White, Non-Hispanic",no (not latino or hispanic),white
284426,10633,10633.0,10633.0,"$50,000 to $59,999",high school graduate - high school diploma or the equivalent (ged),"some college, no degree",i earned more,12,Middle,HS,Some college,2,3.0,Partner higher,no,we broke up,,,1.5,"white, non-hispanic","white, non-hispanic",,"yes, puerto rican",black or african american
285261,75298,75298.0,75298.0,"$30,000 to $34,999","some college, no degree",bachelor's degree,partner earned more,9,Low,Some college,Bachelor's+,3,4.0,Partner higher,,,,,5.0,"white, non-hispanic","white, non-hispanic",,no (not latino or hispanic),white
286556,2738,2738.0,2738.0,"$50,000 to $59,999",masters degree,bachelor's degree,partner earned more,12,Middle,Bachelor's+,Bachelor's+,4,4.0,Same education level,yes,,yes,,14.0,"white, non-hispanic","white, non-hispanic","White, Non-Hispanic",no (not latino or hispanic),white
287496,1792,1792.0,1792.0,"$30,000 to $34,999",associate degree,associate degree,we earned about the same amount,9,Low,Some college,Some college,3,3.0,Same education level,yes,,yes,,2.5,"white, non-hispanic","white, non-hispanic","White, Non-Hispanic","yes, cuban",other (please specify)
288666,155799,155799.0,155799.0,"$60,000 to $74,999",associate degree,hs graduate or ged,i earned more,13,Middle,Some college,HS,3,2.0,Respondent higher,,,,,5.0,"white, non-hispanic","white, non-hispanic","White, Non-Hispanic",no (not latino or hispanic),white
289486,32031,32031.0,32031.0,"$5,000 to $7,499",10th grade,"some college, no degree",partner earned more,2,Low,Less than HS,Some college,1,3.0,Partner higher,,,yes,,13.0,"white, non-hispanic","white, non-hispanic",,no (not latino or hispanic),white
290531,39881,39881.0,39881.0,"$40,000 to $49,999",10th grade,master's degree,partner earned more,11,Middle,Less than HS,Bachelor's+,1,4.0,Partner higher,,,,,23.0,"white, non-hispanic","white, non-hispanic","White, Non-Hispanic",no (not latino or hispanic),white
291286,59565,59565.0,59565.0,"$175,000 or more",bachelors degree,professional or doctorate degree,i earned more,19,High,Bachelor's+,Bachelor's+,4,4.0,Same education level,yes,,,,5.0,"white, non-hispanic","white, non-hispanic","White, Non-Hispanic",no (not latino or hispanic),white
291505,1777,,,"$15,000 to $19,999",professional or doctorate degree,,,6,Low,Bachelor's+,,4,,,,,,,,"white, non-hispanic","white, non-hispanic","White, Non-Hispanic",,
292615,51507,,,"$60,000 to $74,999",bachelors degree,,,13,Middle,Bachelor's+,,4,,,,,,,,"white, non-hispanic","white, non-hispanic","White, Non-Hispanic",,
293336,5124,5124.0,5124.0,"$20,000 to $24,999","some college, no degree",10th grade,partner earned more,7,Low,Some college,Less than HS,3,1.0,Respondent higher,yes,,,,14.0,"white, non-hispanic","white, non-hispanic",,no (not latino or hispanic),white
294475,2371,,,"$10,000 to $12,499",bachelors degree,,,4,Low,Bachelor's+,,4,,,,,,,,"white, non-hispanic","white, non-hispanic","White, Non-Hispanic",,
295531,5602,5602.0,5602.0,"$30,000 to $34,999",associate degree,"some college, no degree",i earned more,9,Low,Some college,Some college,3,3.0,Same education level,,,,,30.0,hispanic,"white, non-hispanic","White, Non-Hispanic",no (not latino or hispanic),white
296851,25841,25841.0,25841.0,"$175,000 or more",bachelors degree,bachelor's degree,we earned about the same amount,19,High,Bachelor's+,Bachelor's+,4,4.0,Same education level,,,,,50.0,"white, non-hispanic","white, non-hispanic","White, Non-Hispanic",no (not latino or hispanic),white
297285,14084,14084.0,14084.0,"$60,000 to $74,999",high school graduate - high school diploma or the equivalent (ged),hs graduate or ged,i earned more,13,Middle,HS,HS,2,2.0,Same education level,no,we broke up,,,1.5,"2+ races, non-hispanic","white, non-hispanic","2+ Races, Non-Hispanic",no (not latino or hispanic),white
298551,254690,254690.0,254690.0,"$75,000 to $84,999",professional or doctorate degree,hs graduate or ged,i earned more,14,High,Bachelor's+,HS,4,2.0,Respondent higher,,,,,37.0,"white, non-hispanic","white, non-hispanic","White, Non-Hispanic",no (not latino or hispanic),asian or pacific islander
299605,6230,,,"$175,000 or more",professional or doctorate degree,,,19,High,Bachelor's+,,4,,,,,,,,"white, non-hispanic","white, non-hispanic",,,
300455,64825,,,"$35,000 to $39,999",high school graduate - high school diploma or the equivalent (ged),,,10,Low,HS,,2,,,,,,,,"white, non-hispanic","white, non-hispanic","White, Non-Hispanic",,
301251,13383,13383.0,13383.0,"$85,000 to $99,999",associate degree,associate degree,partner earned more,15,High,Some college,Some college,3,3.0,Same education level,,,,,7.0,"white, non-hispanic","white, non-hispanic","White, Non-Hispanic",no (not latino or hispanic),white
301675,7321,,,"$100,000 to $124,999",masters degree,,,16,High,Bachelor's+,,4,,,,,,,,"white, non-hispanic","white, non-hispanic","White, Non-Hispanic",,
302475,2811,,,"$100,000 to $124,999",bachelors degree,,,16,High,Bachelor's+,,4,,,,,,,,"black, non-hispanic","black, non-hispanic","Black, Non-Hispanic",,
303195,71714,71714.0,71714.0,"$25,000 to $29,999",high school graduate - high school diploma or the equivalent (ged),"some college, no degree",partner earned more,8,Low,HS,Some college,2,3.0,Partner higher,yes,,yes,,2.5,"black, non-hispanic","black, non-hispanic","Black, Non-Hispanic",no (not latino or hispanic),white
304561,41400,41400.0,41400.0,"$150,000 to $174,999",bachelors degree,"some college, no degree",i earned more,18,High,Bachelor's+,Some college,4,3.0,Respondent higher,,,,,12.0,"white, non-hispanic","white, non-hispanic","White, Non-Hispanic",no (not latino or hispanic),white
305321,23549,23549.0,23549.0,"$75,000 to $84,999",bachelors degree,bachelor's degree,i earned more,14,High,Bachelor's+,Bachelor's+,4,4.0,Same education level,,,,,12.0,"white, non-hispanic","white, non-hispanic","White, Non-Hispanic",no (not latino or hispanic),refused
306336,132838,132838.0,132838.0,"$60,000 to $74,999",high school graduate - high school diploma or the equivalent (ged),hs graduate or ged,partner earned more,13,Middle,HS,HS,2,2.0,Same education level,,,,,11.0,"white, non-hispanic",hispanic,,no (not latino or hispanic),white
307423,4487,4487.0,4487.0,"$40,000 to $49,999","some college, no degree",hs graduate or ged,i earned more,11,Middle,Some college,HS,3,2.0,Respondent higher,,,no,We broke up,0.75,"white, non-hispanic","white, non-hispanic",,no (not latino or hispanic),white
307461,2160,2160.0,2160.0,"$100,000 to $124,999",professional or doctorate degree,"some college, no degree",partner earned more,16,High,Bachelor's+,Some college,4,3.0,Respondent higher,,,,,31.0,"white, non-hispanic","white, non-hispanic","White, Non-Hispanic",no (not latino or hispanic),white
308205,264379,,,"$60,000 to $74,999",12th grade no diploma,,,13,Middle,Less than HS,,1,,,,,,,,hispanic,,,,
309276,45312,45312.0,45312.0,"$50,000 to $59,999",bachelors degree,"some college, no degree",we earned about the same amount,12,Middle,Bachelor's+,Some college,4,3.0,Respondent higher,yes,,no,We broke up,2.5,"white, non-hispanic","white, non-hispanic","White, Non-Hispanic",no (not latino or hispanic),white
310675,78850,,,"$25,000 to $29,999",bachelors degree,,,8,Low,Bachelor's+,,4,,,,,,,,"white, non-hispanic","white, non-hispanic","White, Non-Hispanic",,
311251,120614,120614.0,120614.0,"$35,000 to $39,999",associate degree,bachelor's degree,i earned more,10,Low,Some college,Bachelor's+,3,4.0,Partner higher,,,,,2.5,"white, non-hispanic","white, non-hispanic",,no (not latino or hispanic),black or african american
312373,2745,2745.0,2745.0,"$15,000 to $19,999",associate degree,associate degree,partner earned more,6,Low,Some college,Some college,3,3.0,Same education level,,,no,We broke up,1.5,"white, non-hispanic","white, non-hispanic","White, Non-Hispanic",no (not latino or hispanic),white
312623,20563,,,"$5,000 to $7,499",associate degree,,,2,Low,Some college,,3,,,,,,,,"white, non-hispanic","white, non-hispanic","White, Non-Hispanic",,
313592,23240,,,"$50,000 to $59,999",masters degree,,,12,Middle,Bachelor's+,,4,,,,,,,,"white, non-hispanic","white, non-hispanic","White, Non-Hispanic",,
314341,117578,117578.0,117578.0,"$60,000 to $74,999",bachelors degree,master's degree,partner earned more,13,Middle,Bachelor's+,Bachelor's+,4,4.0,Same education level,,,,,12.0,"other, non-hispanic","other, non-hispanic",,no (not latino or hispanic),white
315205,49956,,,"$85,000 to $99,999","some college, no degree",,,15,High,Some college,,3,,,,,,,,"white, non-hispanic","white, non-hispanic","White, Non-Hispanic",,
316653,24764,,,"$5,000 to $7,499","some college, no degree",,,2,Low,Some college,,3,,,,,,,,"white, non-hispanic","white, non-hispanic",,,
320631,41592,41592.0,41592.0,"$35,000 to $39,999",high school graduate - high school diploma or the equivalent (ged),"some college, no degree",i earned more,10,Low,HS,Some college,2,3.0,Partner higher,,,,,31.0,"white, non-hispanic","white, non-hispanic","White, Non-Hispanic",no (not latino or hispanic),white
321421,49972,49972.0,49972.0,"$85,000 to $99,999",bachelors degree,"some college, no degree",i earned more,15,High,Bachelor's+,Some college,4,3.0,Respondent higher,,,,,22.0,"white, non-hispanic","white, non-hispanic","White, Non-Hispanic",no (not latino or hispanic),white
322421,46322,46322.0,46322.0,"$85,000 to $99,999",bachelors degree,"some college, no degree",i earned more,15,High,Bachelor's+,Some college,4,3.0,Respondent higher,,,,,16.0,"black, non-hispanic","black, non-hispanic","Black, Non-Hispanic",no (not latino or hispanic),white
323481,37778,37778.0,37778.0,"$50,000 to $59,999",high school graduate - high school diploma or the equivalent (ged),hs graduate or ged,partner earned more,12,Middle,HS,HS,2,2.0,Same education level,,,,,26.0,"white, non-hispanic","white, non-hispanic","White, Non-Hispanic",no (not latino or hispanic),white
326341,41417,41417.0,41417.0,"$60,000 to $74,999","some college, no degree","some college, no degree",i earned more,13,Middle,Some college,Some college,3,3.0,Same education level,,,,,14.0,hispanic,hispanic,Hispanic,"yes, mexican, mexican american, chicano",other (please specify)
327685,25733,,,"$10,000 to $12,499",masters degree,,,4,Low,Bachelor's+,,4,,,,,,,,"white, non-hispanic","white, non-hispanic","White, Non-Hispanic",,
328341,4967,4967.0,4967.0,"$40,000 to $49,999","some college, no degree","some college, no degree",i earned more,11,Middle,Some college,Some college,3,3.0,Same education level,,,,,9.0,"white, non-hispanic","white, non-hispanic",,no (not latino or hispanic),black or african american
329551,50712,50712.0,50712.0,"$60,000 to $74,999",12th grade no diploma,"some college, no degree",partner earned more,13,Middle,Less than HS,Some college,1,3.0,Partner higher,,,,,26.0,"white, non-hispanic","white, non-hispanic","White, Non-Hispanic",no (not latino or hispanic),white
330496,2538,2538.0,2538.0,"$150,000 to $174,999","some college, no degree",bachelor's degree,we earned about the same amount,18,High,Some college,Bachelor's+,3,4.0,Partner higher,yes,,yes,,30.0,"white, non-hispanic","white, non-hispanic","White, Non-Hispanic",no (not latino or hispanic),white
331691,52654,52654.0,52654.0,"$15,000 to $19,999",professional or doctorate degree,bachelor's degree,i earned more,6,Low,Bachelor's+,Bachelor's+,4,4.0,Same education level,,,,,50.0,"white, non-hispanic","white, non-hispanic","White, Non-Hispanic",no (not latino or hispanic),white
332401,3330,3330.0,3330.0,"$175,000 or more",masters degree,master's degree,i earned more,19,High,Bachelor's+,Bachelor's+,4,4.0,Same education level,,,,,20.0,"white, non-hispanic","white, non-hispanic","White, Non-Hispanic",no (not latino or hispanic),white
333541,1402,1402.0,1402.0,"$75,000 to $84,999",bachelors degree,bachelor's degree,partner earned more,14,High,Bachelor's+,Bachelor's+,4,4.0,Same education level,,,,,8.0,"white, non-hispanic","white, non-hispanic","White, Non-Hispanic",no (not latino or hispanic),white
334655,1367,,,"$35,000 to $39,999",masters degree,,,10,Low,Bachelor's+,,4,,,,,,,,"white, non-hispanic","white, non-hispanic","White, Non-Hispanic",,
335326,94706,94706.0,94706.0,"$35,000 to $39,999",high school graduate - high school diploma or the equivalent (ged),hs graduate or ged,partner earned more,10,Low,HS,HS,2,2.0,Same education level,yes,,,,1.5,"other, non-hispanic","white, non-hispanic","Other, Non-Hispanic",no (not latino or hispanic),white
336205,59967,59967.0,59967.0,"$150,000 to $174,999","some college, no degree","some college, no degree",i earned more,18,High,Some college,Some college,3,3.0,Same education level,,,no,We broke up,6.0,"white, non-hispanic","white, non-hispanic",,no (not latino or hispanic),white
337581,64764,64764.0,64764.0,"$75,000 to $84,999",high school graduate - high school diploma or the equivalent (ged),hs graduate or ged,i earned more,14,High,HS,HS,2,2.0,Same education level,,,,,38.0,"white, non-hispanic","white, non-hispanic",,no (not latino or hispanic),white
338546,2211,2211.0,2211.0,"$60,000 to $74,999","some college, no degree",hs graduate or ged,i earned more,13,Middle,Some college,HS,3,2.0,Respondent higher,yes,,yes,,34.0,"other, non-hispanic","other, non-hispanic","Other, Non-Hispanic",no (not latino or hispanic),white
341391,1515,1515.0,1515.0,"$100,000 to $124,999","some college, no degree",bachelor's degree,partner earned more,16,High,Some college,Bachelor's+,3,4.0,Partner higher,,,,,4.0,"2+ races, non-hispanic","2+ races, non-hispanic","2+ Races, Non-Hispanic",no (not latino or hispanic),white
341605,1116,,,"$40,000 to $49,999",bachelors degree,,,11,Middle,Bachelor's+,,4,,,,,,,,"white, non-hispanic","white, non-hispanic","White, Non-Hispanic",,
342596,3086,3086.0,3086.0,"$175,000 or more",professional or doctorate degree,bachelor's degree,i earned more,19,High,Bachelor's+,Bachelor's+,4,4.0,Same education level,yes,,yes,,19.0,"white, non-hispanic","white, non-hispanic","White, Non-Hispanic","yes, puerto rican",black or african american
343421,60586,60586.0,60586.0,"$75,000 to $84,999",professional or doctorate degree,master's degree,i earned more,14,High,Bachelor's+,Bachelor's+,4,4.0,Same education level,,,,,26.0,"white, non-hispanic","white, non-hispanic","White, Non-Hispanic",no (not latino or hispanic),white
344396,1689,1689.0,1689.0,"$85,000 to $99,999",masters degree,master's degree,i earned more,15,High,Bachelor's+,Bachelor's+,4,4.0,Same education level,yes,,yes,,9.0,"white, non-hispanic","white, non-hispanic","White, Non-Hispanic",no (not latino or hispanic),white
344595,11683,,,"less than $5,000","some college, no degree",,,1,Low,Some college,,3,,,,,,,,"white, non-hispanic","white, non-hispanic","White, Non-Hispanic",,
345315,5954,,,"$25,000 to $29,999","some college, no degree",,,8,Low,Some college,,3,,,,,,,,"white, non-hispanic","white, non-hispanic","White, Non-Hispanic",,
345491,1019,1019.0,1019.0,"$85,000 to $99,999",masters degree,7th or 8th grade,i earned more,15,High,Bachelor's+,Less than HS,4,1.0,Respondent higher,,,,,10.0,"white, non-hispanic","white, non-hispanic","White, Non-Hispanic",no (not latino or hispanic),white
346371,56835,56835.0,56835.0,"$40,000 to $49,999","some college, no degree","some college, no degree",i earned more,11,Middle,Some college,Some college,3,3.0,Same education level,,,,,19.0,"white, non-hispanic","white, non-hispanic","White, Non-Hispanic",no (not latino or hispanic),white
347716,1792,1792.0,1792.0,"$50,000 to $59,999",bachelors degree,bachelor's degree,we earned about the same amount,12,Middle,Bachelor's+,Bachelor's+,4,4.0,Same education level,yes,,yes,,17.0,"white, non-hispanic","white, non-hispanic","White, Non-Hispanic",no (not latino or hispanic),white
348456,11400,11400.0,11400.0,"$30,000 to $34,999","some college, no degree",hs graduate or ged,partner earned more,9,Low,Some college,HS,3,2.0,Respondent higher,yes,,yes,,5.0,"2+ races, non-hispanic","2+ races, non-hispanic","Black, Non-Hispanic",no (not latino or hispanic),black or african american
349425,117913,,,"$20,000 to $24,999",bachelors degree,,,7,Low,Bachelor's+,,4,,,,,,,,"black, non-hispanic","black, non-hispanic","Black, Non-Hispanic",,
350771,41318,41318.0,41318.0,"$35,000 to $39,999",high school graduate - high school diploma or the equivalent (ged),hs graduate or ged,partner earned more,10,Low,HS,HS,2,2.0,Same education level,,,,,56.0,"white, non-hispanic","white, non-hispanic",,no (not latino or hispanic),white
351405,4722,4722.0,4722.0,"$20,000 to $24,999",bachelors degree,"some college, no degree",i earned more,7,Low,Bachelor's+,Some college,4,3.0,Respondent higher,no,we broke up,,,0.75,"white, non-hispanic","white, non-hispanic","White, Non-Hispanic",no (not latino or hispanic),white
352336,1671,1671.0,1671.0,"$100,000 to $124,999",bachelors degree,"some college, no degree",i earned more,16,High,Bachelor's+,Some college,4,3.0,Respondent higher,,,,,15.0,"white, non-hispanic","white, non-hispanic","White, Non-Hispanic",no (not latino or hispanic),white
353285,82699,82699.0,82699.0,"$150,000 to $174,999",associate degree,"some college, no degree",we earned about the same amount,18,High,Some college,Some college,3,3.0,Same education level,,,,,11.0,"white, non-hispanic","white, non-hispanic","White, Non-Hispanic",no (not latino or hispanic),white
354331,84524,84524.0,84524.0,"$35,000 to $39,999","some college, no degree",hs graduate or ged,i earned more,10,Low,Some college,HS,3,2.0,Respondent higher,,,,,8.0,"white, non-hispanic","white, non-hispanic","White, Non-Hispanic",no (not latino or hispanic),white
355771,69845,69845.0,69845.0,"$175,000 or more",high school graduate - high school diploma or the equivalent (ged),bachelor's degree,we earned about the same amount,19,High,HS,Bachelor's+,2,4.0,Partner higher,,,,,60.0,"white, non-hispanic","white, non-hispanic","White, Non-Hispanic",no (not latino or hispanic),white
356755,21271,,,"$7,500 to $9,999",high school graduate - high school diploma or the equivalent (ged),,,3,Low,HS,,2,,,,,,,,"white, non-hispanic","white, non-hispanic",,,
358321,55554,55554.0,55554.0,"$15,000 to $19,999",high school graduate - high school diploma or the equivalent (ged),"some college, no degree",partner earned more,6,Low,HS,Some college,2,3.0,Partner higher,,,,,13.0,hispanic,hispanic,Hispanic,"yes, other latino/hispanic",refused
359511,75283,75283.0,75283.0,"$25,000 to $29,999",high school graduate - high school diploma or the equivalent (ged),9th grade,partner earned more,8,Low,HS,Less than HS,2,1.0,Respondent higher,,,,,6.0,"white, non-hispanic","white, non-hispanic","White, Non-Hispanic",no (not latino or hispanic),white
360291,62818,62818.0,62818.0,"$60,000 to $74,999",bachelors degree,bachelor's degree,partner earned more,13,Middle,Bachelor's+,Bachelor's+,4,4.0,Same education level,,,,,9.0,"white, non-hispanic","white, non-hispanic","White, Non-Hispanic",no (not latino or hispanic),white
360533,4191,,,"$75,000 to $84,999","some college, no degree",,,14,High,Some college,,3,,,,,,,,hispanic,hispanic,,,
361593,1721,1721.0,1721.0,"less than $5,000",bachelors degree,master's degree,partner earned more,1,Low,Bachelor's+,Bachelor's+,4,4.0,Same education level,yes,,yes,,8.0,"white, non-hispanic","white, non-hispanic","White, Non-Hispanic",no (not latino or hispanic),white
362491,18180,18180.0,18180.0,"$85,000 to $99,999",high school graduate - high school diploma or the equivalent (ged),hs graduate or ged,we earned about the same amount,15,High,HS,HS,2,2.0,Same education level,,,,,34.0,"white, non-hispanic","white, non-hispanic","White, Non-Hispanic",no (not latino or hispanic),white
363761,60003,60003.0,60003.0,"$15,000 to $19,999",12th grade no diploma,"some college, no degree",partner earned more,6,Low,Less than HS,Some college,1,3.0,Partner higher,,,,,61.0,"white, non-hispanic","white, non-hispanic","White, Non-Hispanic",no (not latino or hispanic),white
364365,1804,1804.0,1804.0,"$25,000 to $29,999","some college, no degree","some college, no degree",i earned more,8,Low,Some college,Some college,3,3.0,Same education level,yes,,yes,,4.0,"black, non-hispanic","black, non-hispanic","Black, Non-Hispanic",no (not latino or hispanic),white
365575,2305,,,"$25,000 to $29,999",associate degree,,,8,Low,Some college,,3,,,,,,,,"white, non-hispanic","white, non-hispanic","White, Non-Hispanic",,
366663,65192,,,"$12,500 to $14,999","some college, no degree",,,5,Low,Some college,,3,,,,,,,,"white, non-hispanic","white, non-hispanic","White, Non-Hispanic",,
367471,82893,82893.0,82893.0,"$60,000 to $74,999",10th grade,hs graduate or ged,partner earned more,13,Middle,Less than HS,HS,1,2.0,Partner higher,,,,,28.0,hispanic,hispanic,Hispanic,no (not latino or hispanic),black or african american
368611,55462,55462.0,55462.0,"$30,000 to $34,999",10th grade,11th grade,partner earned more,9,Low,Less than HS,Less than HS,1,1.0,Same education level,,,,,46.0,"white, non-hispanic","white, non-hispanic","White, Non-Hispanic",no (not latino or hispanic),white
370682,1304,,,"$85,000 to $99,999",bachelors degree,,,15,High,Bachelor's+,,4,,,,,,,,"white, non-hispanic","white, non-hispanic","White, Non-Hispanic",,
370713,35248,35248.0,35248.0,"$15,000 to $19,999","some college, no degree","some college, no degree",we earned about the same amount,6,Low,Some college,Some college,3,3.0,Same education level,,,,,43.0,"white, non-hispanic","white, non-hispanic","White, Non-Hispanic",no (not latino or hispanic),white
371551,59498,59498.0,59498.0,"$125,000 to $149,999",high school graduate - high school diploma or the equivalent (ged),hs graduate or ged,i earned more,17,High,HS,HS,2,2.0,Same education level,,,,,33.0,"white, non-hispanic","white, non-hispanic","White, Non-Hispanic",no (not latino or hispanic),white
371555,33540,,,"$40,000 to $49,999",masters degree,,,11,Middle,Bachelor's+,,4,,,,,,,,"white, non-hispanic",,,,
372265,95352,,,"$20,000 to $24,999",bachelors degree,,,7,Low,Bachelor's+,,4,,,,,,,,"white, non-hispanic","white, non-hispanic","White, Non-Hispanic",,
373513,124379,,,"$15,000 to $19,999",high school graduate - high school diploma or the equivalent (ged),,,6,Low,HS,,2,,,,,,,,"white, non-hispanic","white, non-hispanic","White, Non-Hispanic",,
374391,39597,39597.0,39597.0,"$100,000 to $124,999",professional or doctorate degree,professional or doctorate degree,i earned more,16,High,Bachelor's+,Bachelor's+,4,4.0,Same education level,,,,,11.0,hispanic,hispanic,Hispanic,no (not latino or hispanic),black or african american
375351,123185,123185.0,123185.0,"$30,000 to $34,999",high school graduate - high school diploma or the equivalent (ged),"some college, no degree",i earned more,9,Low,HS,Some college,2,3.0,Partner higher,,,,,14.0,"black, non-hispanic","black, non-hispanic",,no (not latino or hispanic),black or african american
375486,4845,4845.0,4845.0,"$50,000 to $59,999",associate degree,bachelor's degree,we earned about the same amount,12,Middle,Some college,Bachelor's+,3,4.0,Partner higher,yes,,yes,,8.0,hispanic,hispanic,Hispanic,no (not latino or hispanic),white
376545,28741,,,"$50,000 to $59,999",associate degree,,,12,Middle,Some college,,3,,,,,,,,"white, non-hispanic","white, non-hispanic",,,
378221,102164,102164.0,102164.0,"$40,000 to $49,999","some college, no degree",associate degree,partner earned more,11,Middle,Some college,Some college,3,3.0,Same education level,,,,,2.5,"white, non-hispanic","white, non-hispanic","White, Non-Hispanic",no (not latino or hispanic),white
379781,264379,264379.0,264379.0,"$40,000 to $49,999",high school graduate - high school diploma or the equivalent (ged),10th grade,i earned more,11,Middle,HS,Less than HS,2,1.0,Respondent higher,,,,,5.0,"white, non-hispanic","white, non-hispanic","White, Non-Hispanic",no (not latino or hispanic),white
380351,26114,26114.0,26114.0,"$60,000 to $74,999","some college, no degree","some college, no degree",i earned more,13,Middle,Some college,Some college,3,3.0,Same education level,,,,,15.0,"white, non-hispanic","white, non-hispanic","White, Non-Hispanic",no (not latino or hispanic),white
381295,61302,61302.0,61302.0,"$20,000 to $24,999",masters degree,master's degree,partner earned more,7,Low,Bachelor's+,Bachelor's+,4,4.0,Same education level,,,,,4.0,"white, non-hispanic","white, non-hispanic","White, Non-Hispanic",no (not latino or hispanic),white
382683,826,,,"$15,000 to $19,999","some college, no degree",,,6,Low,Some college,,3,,,,,,,,"white, non-hispanic","white, non-hispanic",,,
383281,55990,55990.0,55990.0,"$30,000 to $34,999",associate degree,hs graduate or ged,i earned more,9,Low,Some college,HS,3,2.0,Respondent higher,,,,,9.0,"white, non-hispanic","white, non-hispanic","White, Non-Hispanic",no (not latino or hispanic),white
383463,3925,,,"$20,000 to $24,999","some college, no degree",,,7,Low,Some college,,3,,,,,,,,"other, non-hispanic","2+ races, non-hispanic","Other, Non-Hispanic",,
384435,37135,,,"$50,000 to $59,999",bachelors degree,,,12,Middle,Bachelor's+,,4,,,,,,,,"white, non-hispanic","white, non-hispanic",,,
385491,2781,2781.0,2781.0,"$85,000 to $99,999",bachelors degree,master's degree,i earned more,15,High,Bachelor's+,Bachelor's+,4,4.0,Same education level,,,,,23.0,"white, non-hispanic","white, non-hispanic","White, Non-Hispanic",no (not latino or hispanic),white
386546,95535,95535.0,95535.0,"$75,000 to $84,999",12th grade no diploma,12th grade no diploma,partner earned more,14,High,Less than HS,Less than HS,1,1.0,Same education level,yes,,yes,,11.0,"black, non-hispanic","black, non-hispanic",,refused,black or african american
386583,32971,,,"$20,000 to $24,999",9th grade,,,7,Low,Less than HS,,1,,,,,,,,"white, non-hispanic","white, non-hispanic",,,
387205,69491,,,"$75,000 to $84,999","some college, no degree",,,14,High,Some college,,3,,,,,,,,"white, non-hispanic","white, non-hispanic","White, Non-Hispanic",,
388731,56694,56694.0,56694.0,"$40,000 to $49,999",high school graduate - high school diploma or the equivalent (ged),hs graduate or ged,i earned more,11,Middle,HS,HS,2,2.0,Same education level,,,,,54.0,"white, non-hispanic","white, non-hispanic","White, Non-Hispanic",no (not latino or hispanic),white
389541,40560,40560.0,40560.0,"$15,000 to $19,999",high school graduate - high school diploma or the equivalent (ged),hs graduate or ged,i earned more,6,Low,HS,HS,2,2.0,Same education level,,,,,28.0,"white, non-hispanic","white, non-hispanic","White, Non-Hispanic",no (not latino or hispanic),white
390431,63239,63239.0,63239.0,"$125,000 to $149,999",masters degree,master's degree,partner earned more,17,High,Bachelor's+,Bachelor's+,4,4.0,Same education level,,,,,8.0,hispanic,hispanic,,no (not latino or hispanic),white
392315,17844,17844.0,17844.0,"$15,000 to $19,999","some college, no degree",5th or 6th grade,i earned more,6,Low,Some college,Less than HS,3,1.0,Respondent higher,,,,,0.45,hispanic,hispanic,Hispanic,"yes, mexican, mexican american, chicano",white
392341,45927,45927.0,45927.0,"$100,000 to $124,999",bachelors degree,bachelor's degree,partner earned more,16,High,Bachelor's+,Bachelor's+,4,4.0,Same education level,,,,,12.0,"white, non-hispanic","white, non-hispanic","White, Non-Hispanic",no (not latino or hispanic),white
393591,135153,135153.0,135153.0,"$60,000 to $74,999",high school graduate - high school diploma or the equivalent (ged),hs graduate or ged,partner earned more,13,Middle,HS,HS,2,2.0,Same education level,,,,,43.0,hispanic,hispanic,Hispanic,no (not latino or hispanic),white
394765,11400,,,"$7,500 to $9,999",associate degree,,,3,Low,Some college,,3,,,,,,,,"2+ races, non-hispanic","white, non-hispanic",,,
396291,74014,74014.0,74014.0,"$20,000 to $24,999",bachelors degree,bachelor's degree,partner earned more,7,Low,Bachelor's+,Bachelor's+,4,4.0,Same education level,,,,,11.0,"white, non-hispanic","white, non-hispanic","White, Non-Hispanic",no (not latino or hispanic),white
399361,58485,58485.0,58485.0,"$35,000 to $39,999",high school graduate - high school diploma or the equivalent (ged),hs graduate or ged,i earned more,10,Low,HS,HS,2,2.0,Same education level,,,,,15.0,"white, non-hispanic","white, non-hispanic","White, Non-Hispanic",no (not latino or hispanic),white
401561,105914,105914.0,105914.0,"$60,000 to $74,999",high school graduate - high school diploma or the equivalent (ged),hs graduate or ged,i earned more,13,Middle,HS,HS,2,2.0,Same education level,,,,,16.0,hispanic,hispanic,Hispanic,no (not latino or hispanic),white
404645,2270,,,"$35,000 to $39,999","some college, no degree",,,10,Low,Some college,,3,,,,,,,,"white, non-hispanic","white, non-hispanic","White, Non-Hispanic",,
405782,32556,32556.0,32556.0,"$30,000 to $34,999","some college, no degree",professional or doctorate degree,partner earned more,9,Low,Some college,Bachelor's+,3,4.0,Partner higher,yes,,yes,,1.5,"white, non-hispanic","white, non-hispanic",,no (not latino or hispanic),white
406672,77196,77196.0,77196.0,"$7,500 to $9,999",12th grade no diploma,hs graduate or ged,i earned more,3,Low,Less than HS,HS,1,2.0,Partner higher,no,we broke up,,,0.75,"white, non-hispanic","white, non-hispanic","White, Non-Hispanic",no (not latino or hispanic),white
407802,78804,,,"$7,500 to $9,999",10th grade,,,3,Low,Less than HS,,1,,,,,,,,"white, non-hispanic","white, non-hispanic","White, Non-Hispanic",,
408642,95747,,,"$7,500 to $9,999","some college, no degree",,,3,Low,Some college,,3,,,,,,,,"white, non-hispanic","white, non-hispanic","White, Non-Hispanic",,
409345,25016,,,"$30,000 to $34,999",bachelors degree,,,9,Low,Bachelor's+,,4,,,,,,,,"white, non-hispanic","white, non-hispanic","White, Non-Hispanic",,
412281,37708,37708.0,37708.0,"$35,000 to $39,999","some college, no degree",bachelor's degree,partner earned more,10,Low,Some college,Bachelor's+,3,4.0,Partner higher,,,,,2.5,"white, non-hispanic","white, non-hispanic","White, Non-Hispanic",no (not latino or hispanic),white
413606,4133,4133.0,4133.0,"$175,000 or more",bachelors degree,master's degree,we earned about the same amount,19,High,Bachelor's+,Bachelor's+,4,4.0,Same education level,,,,,27.0,hispanic,hispanic,Hispanic,no (not latino or hispanic),white
414721,29938,29938.0,29938.0,"$15,000 to $19,999",7th or 8th grade,associate degree,partner earned more,6,Low,Less than HS,Some college,1,3.0,Partner higher,,,,,51.0,"white, non-hispanic","white, non-hispanic","White, Non-Hispanic",no (not latino or hispanic),white
415812,264379,,,"$20,000 to $24,999",high school graduate - high school diploma or the equivalent (ged),,,7,Low,HS,,2,,,,,,,,"white, non-hispanic","white, non-hispanic","White, Non-Hispanic",,
416465,5650,,,"$75,000 to $84,999",bachelors degree,,,14,High,Bachelor's+,,4,,,,,,,,hispanic,hispanic,Hispanic,,
417833,26180,,,"$15,000 to $19,999","some college, no degree",,,6,Low,Some college,,3,,,,,,,,"2+ races, non-hispanic","white, non-hispanic",,,
419535,8199,,,"$7,500 to $9,999",associate degree,,,3,Low,Some college,,3,,,,,,,,"white, non-hispanic","white, non-hispanic","White, Non-Hispanic",,
420285,39396,39396.0,39396.0,"$50,000 to $59,999",associate degree,professional or doctorate degree,partner earned more,12,Middle,Some college,Bachelor's+,3,4.0,Partner higher,yes,,yes,,1.5,"white, non-hispanic","white, non-hispanic","White, Non-Hispanic",no (not latino or hispanic),white
421436,1808,1808.0,1808.0,"$175,000 or more",bachelors degree,professional or doctorate degree,partner earned more,19,High,Bachelor's+,Bachelor's+,4,4.0,Same education level,,,,,11.0,"white, non-hispanic","white, non-hispanic",,no (not latino or hispanic),white
422485,48029,48029.0,48029.0,"$10,000 to $12,499",high school graduate - high school diploma or the equivalent (ged),11th grade,partner earned more,4,Low,HS,Less than HS,2,1.0,Respondent higher,yes,,yes,,8.0,hispanic,hispanic,Hispanic,no (not latino or hispanic),black or african american
423411,37075,37075.0,37075.0,"$60,000 to $74,999",high school graduate - high school diploma or the equivalent (ged),hs graduate or ged,i earned more,13,Middle,HS,HS,2,2.0,Same education level,,,,,18.0,"white, non-hispanic","white, non-hispanic","White, Non-Hispanic",no (not latino or hispanic),white
425381,39739,39739.0,39739.0,"$50,000 to $59,999",bachelors degree,associate degree,partner earned more,12,Middle,Bachelor's+,Some college,4,3.0,Respondent higher,,,,,22.0,"white, non-hispanic","white, non-hispanic","White, Non-Hispanic",no (not latino or hispanic),white
426245,75069,,,"$60,000 to $74,999",high school graduate - high school diploma or the equivalent (ged),,,13,Middle,HS,,2,,,,,,,,"white, non-hispanic","white, non-hispanic","White, Non-Hispanic",,
427821,93220,93220.0,93220.0,"$40,000 to $49,999",high school graduate - high school diploma or the equivalent (ged),hs graduate or ged,we earned about the same amount,11,Middle,HS,HS,2,2.0,Same education level,,,,,65.0,"white, non-hispanic","white, non-hispanic","White, Non-Hispanic",no (not latino or hispanic),white
428395,53811,,,"$35,000 to $39,999",high school graduate - high school diploma or the equivalent (ged),,,10,Low,HS,,2,,,,,,,,"white, non-hispanic","white, non-hispanic","White, Non-Hispanic",,
429306,32512,32512.0,32512.0,"$85,000 to $99,999",masters degree,hs graduate or ged,partner earned more,15,High,Bachelor's+,HS,4,2.0,Respondent higher,yes,,,,8.0,"white, non-hispanic","white, non-hispanic","White, Non-Hispanic",no (not latino or hispanic),white
430623,41704,,,"$30,000 to $34,999","some college, no degree",,,9,Low,Some college,,3,,,,,,,,"white, non-hispanic","white, non-hispanic","White, Non-Hispanic",,
431851,105185,105185.0,105185.0,"$35,000 to $39,999",masters degree,hs graduate or ged,i earned more,10,Low,Bachelor's+,HS,4,2.0,Respondent higher,,,,,28.0,"white, non-hispanic","white, non-hispanic","White, Non-Hispanic",no (not latino or hispanic),white
432411,77905,77905.0,77905.0,"$85,000 to $99,999",bachelors degree,master's degree,i earned more,15,High,Bachelor's+,Bachelor's+,4,4.0,Same education level,,,,,19.0,hispanic,hispanic,Hispanic,"yes, other latino/hispanic",white
433481,929,929.0,929.0,"$100,000 to $124,999",professional or doctorate degree,bachelor's degree,i earned more,16,High,Bachelor's+,Bachelor's+,4,4.0,Same education level,,,,,20.0,"white, non-hispanic","white, non-hispanic","White, Non-Hispanic",no (not latino or hispanic),white
434455,2991,,,"$50,000 to $59,999","some college, no degree",,,12,Middle,Some college,,3,,,,,,,,"white, non-hispanic","white, non-hispanic","White, Non-Hispanic",,
435535,2652,,,"$75,000 to $84,999",masters degree,,,14,High,Bachelor's+,,4,,,,,,,,"white, non-hispanic","white, non-hispanic","White, Non-Hispanic",,
436712,63539,,,"$35,000 to $39,999",12th grade no diploma,,,10,Low,Less than HS,,1,,,,,,,,"white, non-hispanic","white, non-hispanic",,,
437831,62700,62700.0,62700.0,"$125,000 to $149,999",bachelors degree,bachelor's degree,we earned about the same amount,17,High,Bachelor's+,Bachelor's+,4,4.0,Same education level,,,,,36.0,"white, non-hispanic","white, non-hispanic","White, Non-Hispanic",no (not latino or hispanic),white
438615,11916,,,"$25,000 to $29,999",bachelors degree,,,8,Low,Bachelor's+,,4,,,,,,,,"white, non-hispanic","white, non-hispanic","White, Non-Hispanic",,
439271,58098,58098.0,58098.0,"$50,000 to $59,999",bachelors degree,bachelor's degree,i earned more,12,Middle,Bachelor's+,Bachelor's+,4,4.0,Same education level,,,,,6.0,"white, non-hispanic","white, non-hispanic","White, Non-Hispanic",refused,white
440811,26067,26067.0,26067.0,"$25,000 to $29,999",masters degree,"some college, no degree",i earned more,8,Low,Bachelor's+,Some college,4,3.0,Respondent higher,,,,,61.0,"white, non-hispanic","white, non-hispanic","White, Non-Hispanic",no (not latino or hispanic),white
441341,55251,55251.0,55251.0,"$60,000 to $74,999",associate degree,bachelor's degree,i earned more,13,Middle,Some college,Bachelor's+,3,4.0,Partner higher,,,,,19.0,"white, non-hispanic","white, non-hispanic","White, Non-Hispanic",no (not latino or hispanic),white
442336,1972,,,"$125,000 to $149,999",bachelors degree,,,17,High,Bachelor's+,,4,,,,,,,,"white, non-hispanic","white, non-hispanic","White, Non-Hispanic",,
443301,41108,41108.0,41108.0,"$50,000 to $59,999",bachelors degree,bachelor's degree,i earned more,12,Middle,Bachelor's+,Bachelor's+,4,4.0,Same education level,,,,,2.5,"white, non-hispanic","white, non-hispanic","White, Non-Hispanic",no (not latino or hispanic),white
444371,141681,141681.0,141681.0,"$30,000 to $34,999",associate degree,"some college, no degree",i earned more,9,Low,Some college,Some college,3,3.0,Same education level,,,,,15.0,"white, non-hispanic","white, non-hispanic","White, Non-Hispanic",no (not latino or hispanic),white
445591,49591,49591.0,49591.0,"$85,000 to $99,999",high school graduate - high school diploma or the equivalent (ged),"some college, no degree",partner earned more,15,High,HS,Some college,2,3.0,Partner higher,,,,,42.0,"white, non-hispanic","white, non-hispanic",,no (not latino or hispanic),white
447445,1708,,,"$85,000 to $99,999",masters degree,,,15,High,Bachelor's+,,4,,,,,,,,"white, non-hispanic","white, non-hispanic","White, Non-Hispanic",,
448326,3481,3481.0,3481.0,"$50,000 to $59,999","some college, no degree","some college, no degree",i earned more,12,Middle,Some college,Some college,3,3.0,Same education level,yes,,no,We broke up,6.0,"white, non-hispanic","white, non-hispanic","White, Non-Hispanic",no (not latino or hispanic),white
449566,2194,2194.0,2194.0,"$75,000 to $84,999",bachelors degree,bachelor's degree,partner earned more,14,High,Bachelor's+,Bachelor's+,4,4.0,Same education level,,,,,17.0,"white, non-hispanic",,,no (not latino or hispanic),white
450291,53346,53346.0,53346.0,"$50,000 to $59,999","some college, no degree",hs graduate or ged,partner earned more,12,Middle,Some college,HS,3,2.0,Respondent higher,,,,,10.0,"white, non-hispanic","white, non-hispanic","White, Non-Hispanic",no (not latino or hispanic),white
451325,10672,,,"less than $5,000","some college, no degree",,,1,Low,Some college,,3,,,,,,,,"white, non-hispanic","white, non-hispanic","White, Non-Hispanic",,
452446,2133,2133.0,2133.0,"$125,000 to $149,999",bachelors degree,associate degree,partner earned more,17,High,Bachelor's+,Some college,4,3.0,Respondent higher,yes,,yes,,15.0,"white, non-hispanic","white, non-hispanic","White, Non-Hispanic",no (not latino or hispanic),white
453361,4478,4478.0,4478.0,"$75,000 to $84,999","some college, no degree","some college, no degree",i earned more,14,High,Some college,Some college,3,3.0,Same education level,,,,,19.0,"white, non-hispanic","white, non-hispanic","White, Non-Hispanic",no (not latino or hispanic),white
454456,2246,2246.0,2246.0,"$60,000 to $74,999",bachelors degree,bachelor's degree,i earned more,13,Middle,Bachelor's+,Bachelor's+,4,4.0,Same education level,no,we broke up,,,12.0,"white, non-hispanic","white, non-hispanic","White, Non-Hispanic",no (not latino or hispanic),white
455601,53014,53014.0,53014.0,"$60,000 to $74,999",high school graduate - high school diploma or the equivalent (ged),bachelor's degree,partner earned more,13,Middle,HS,Bachelor's+,2,4.0,Partner higher,,,,,15.0,"white, non-hispanic","white, non-hispanic",,no (not latino or hispanic),white
456692,36038,,,"$15,000 to $19,999","some college, no degree",,,6,Low,Some college,,3,,,,,,,,"white, non-hispanic","white, non-hispanic","White, Non-Hispanic",,
458621,106434,106434.0,106434.0,"$50,000 to $59,999",masters degree,professional or doctorate degree,i earned more,12,Middle,Bachelor's+,Bachelor's+,4,4.0,Same education level,,,,,31.0,"white, non-hispanic","white, non-hispanic","White, Non-Hispanic",no (not latino or hispanic),asian or pacific islander
459505,6832,,,"$12,500 to $14,999",11th grade,,,5,Low,Less than HS,,1,,,,,,,,"black, non-hispanic",hispanic,"Black, Non-Hispanic",,
461511,44450,44450.0,44450.0,"$75,000 to $84,999",12th grade no diploma,hs graduate or ged,partner earned more,14,High,Less than HS,HS,1,2.0,Partner higher,,,,,36.0,"white, non-hispanic","white, non-hispanic",,no (not latino or hispanic),white
463603,97935,,,"$25,000 to $29,999",12th grade no diploma,,,8,Low,Less than HS,,1,,,,,,,,"white, non-hispanic","white, non-hispanic","White, Non-Hispanic",,
464712,191521,,,"$30,000 to $34,999",high school graduate - high school diploma or the equivalent (ged),,,9,Low,HS,,2,,,,,,,,hispanic,hispanic,Hispanic,,
465386,4999,4999.0,4999.0,"$60,000 to $74,999",masters degree,bachelor's degree,i earned more,13,Middle,Bachelor's+,Bachelor's+,4,4.0,Same education level,yes,,yes,,7.0,"white, non-hispanic","white, non-hispanic","White, Non-Hispanic",no (not latino or hispanic),white
466852,59982,59982.0,59982.0,"$35,000 to $39,999",high school graduate - high school diploma or the equivalent (ged),bachelor's degree,partner earned more,10,Low,HS,Bachelor's+,2,4.0,Partner higher,,,,,6.0,"white, non-hispanic","white, non-hispanic",,no (not latino or hispanic),white
467563,31368,,,"$25,000 to $29,999",bachelors degree,,,8,Low,Bachelor's+,,4,,,,,,,,"white, non-hispanic","white, non-hispanic","White, Non-Hispanic",,
468225,13016,13016.0,13016.0,"$60,000 to $74,999","some college, no degree",hs graduate or ged,we earned about the same amount,13,Middle,Some college,HS,3,2.0,Respondent higher,no,we broke up,,,0.75,"black, non-hispanic","black, non-hispanic","Black, Non-Hispanic",no (not latino or hispanic),black or african american
469391,27070,27070.0,27070.0,"$100,000 to $124,999","some college, no degree",associate degree,i earned more,16,High,Some college,Some college,3,3.0,Same education level,,,,,19.0,"white, non-hispanic","white, non-hispanic","White, Non-Hispanic",no (not latino or hispanic),white
470261,92950,92950.0,92950.0,"$40,000 to $49,999",bachelors degree,master's degree,i earned more,11,Middle,Bachelor's+,Bachelor's+,4,4.0,Same education level,,,,,8.0,"white, non-hispanic","white, non-hispanic","White, Non-Hispanic",no (not latino or hispanic),white
471426,42533,42533.0,42533.0,"$7,500 to $9,999",12th grade no diploma,12th grade no diploma,partner earned more,3,Low,Less than HS,Less than HS,1,1.0,Same education level,,,,,4.0,"white, non-hispanic","white, non-hispanic","White, Non-Hispanic",no (not latino or hispanic),white
472431,81768,81768.0,81768.0,"$100,000 to $124,999",bachelors degree,bachelor's degree,i earned more,16,High,Bachelor's+,Bachelor's+,4,4.0,Same education level,no,we broke up,,,9.0,hispanic,hispanic,Hispanic,"yes, mexican, mexican american, chicano",white
473812,100086,,,"$175,000 or more",professional or doctorate degree,,,19,High,Bachelor's+,,4,,,,,,,,"white, non-hispanic","white, non-hispanic",,,
474365,3060,,,"$60,000 to $74,999",associate degree,,,13,Middle,Some college,,3,,,,,,,,"other, non-hispanic","other, non-hispanic",,,
475485,2210,2210.0,2210.0,"$20,000 to $24,999","some college, no degree",master's degree,partner earned more,7,Low,Some college,Bachelor's+,3,4.0,Partner higher,,,,,26.0,"white, non-hispanic","white, non-hispanic",,no (not latino or hispanic),white
477274,82754,,,"$60,000 to $74,999","some college, no degree",,,13,Middle,Some college,,3,,,,,,,,"black, non-hispanic","black, non-hispanic","Black, Non-Hispanic",,
478561,74184,74184.0,74184.0,"$50,000 to $59,999",high school graduate - high school diploma or the equivalent (ged),master's degree,partner earned more,12,Middle,HS,Bachelor's+,2,4.0,Partner higher,,,,,37.0,"white, non-hispanic","white, non-hispanic",,no (not latino or hispanic),white
479603,32596,,,"$10,000 to $12,499",high school graduate - high school diploma or the equivalent (ged),,,4,Low,HS,,2,,,,,,,,"white, non-hispanic","white, non-hispanic",,,
480501,48386,48386.0,48386.0,"$20,000 to $24,999",7th or 8th grade,5th or 6th grade,partner earned more,7,Low,Less than HS,Less than HS,1,1.0,Same education level,,,,,35.0,"white, non-hispanic",,,no (not latino or hispanic),white
481445,994,994.0,994.0,"$35,000 to $39,999",professional or doctorate degree,associate degree,partner earned more,10,Low,Bachelor's+,Some college,4,3.0,Respondent higher,no,we broke up,,,12.0,"2+ races, non-hispanic",,,"yes, other latino/hispanic",asian or pacific islander
482435,12922,,,"$20,000 to $24,999",high school graduate - high school diploma or the equivalent (ged),,,7,Low,HS,,2,,,,,,,,"2+ races, non-hispanic","2+ races, non-hispanic","2+ Races, Non-Hispanic",,
483591,38705,38705.0,38705.0,"$125,000 to $149,999",7th or 8th grade,"some college, no degree",i earned more,17,High,Less than HS,Some college,1,3.0,Partner higher,,,,,36.0,"white, non-hispanic","white, non-hispanic","White, Non-Hispanic",no (not latino or hispanic),white
484581,522,522.0,522.0,"$60,000 to $74,999",bachelors degree,master's degree,partner earned more,13,Middle,Bachelor's+,Bachelor's+,4,4.0,Same education level,,,,,34.0,"2+ races, non-hispanic",,"White, Non-Hispanic",no (not latino or hispanic),white
487225,61939,,,"$100,000 to $124,999",associate degree,,,16,High,Some college,,3,,,,,,,,"white, non-hispanic","white, non-hispanic","White, Non-Hispanic",,
488693,78258,,,"$25,000 to $29,999",high school graduate - high school diploma or the equivalent (ged),,,8,Low,HS,,2,,,,,,,,"white, non-hispanic","white, non-hispanic",,,
489621,69696,69696.0,69696.0,"$30,000 to $34,999",high school graduate - high school diploma or the equivalent (ged),"some college, no degree",partner earned more,9,Low,HS,Some college,2,3.0,Partner higher,,,,,44.0,"white, non-hispanic","white, non-hispanic","White, Non-Hispanic",no (not latino or hispanic),white
490291,31200,31200.0,31200.0,"$30,000 to $34,999",bachelors degree,associate degree,i earned more,9,Low,Bachelor's+,Some college,4,3.0,Respondent higher,,,,,7.0,"white, non-hispanic","white, non-hispanic","White, Non-Hispanic",no (not latino or hispanic),white
491772,57654,57654.0,57654.0,"$35,000 to $39,999",10th grade,hs graduate or ged,i earned more,10,Low,Less than HS,HS,1,2.0,Partner higher,no,we broke up,,,2.5,"white, non-hispanic","white, non-hispanic",,no (not latino or hispanic),white
492215,56350,,,"$25,000 to $29,999","some college, no degree",,,8,Low,Some college,,3,,,,,,,,"white, non-hispanic","white, non-hispanic","White, Non-Hispanic",,
493702,69557,,,"$35,000 to $39,999",high school graduate - high school diploma or the equivalent (ged),,,10,Low,HS,,2,,,,,,,,"black, non-hispanic","black, non-hispanic",,,
494215,53335,53335.0,53335.0,"$75,000 to $84,999","some college, no degree",bachelor's degree,partner earned more,14,High,Some college,Bachelor's+,3,4.0,Partner higher,yes,,yes,,2.5,"white, non-hispanic","white, non-hispanic","White, Non-Hispanic",no (not latino or hispanic),white
496215,25935,25935.0,25935.0,"$60,000 to $74,999","some college, no degree","some college, no degree",partner earned more,13,Middle,Some college,Some college,3,3.0,Same education level,yes,,yes,,0.05,hispanic,hispanic,Hispanic,"yes, puerto rican",white
497295,62667,62667.0,62667.0,"$40,000 to $49,999",bachelors degree,bachelor's degree,i earned more,11,Middle,Bachelor's+,Bachelor's+,4,4.0,Same education level,yes,,yes,,1.5,"white, non-hispanic","white, non-hispanic","White, Non-Hispanic",no (not latino or hispanic),white
499271,128952,128952.0,128952.0,"$40,000 to $49,999",bachelors degree,bachelor's degree,we earned about the same amount,11,Middle,Bachelor's+,Bachelor's+,4,4.0,Same education level,,,,,4.0,"white, non-hispanic","white, non-hispanic","White, Non-Hispanic",no (not latino or hispanic),white
500403,40684,,,"$35,000 to $39,999","some college, no degree",,,10,Low,Some college,,3,,,,,,,,"white, non-hispanic","white, non-hispanic","White, Non-Hispanic",,
501306,4305,4305.0,4305.0,"$125,000 to $149,999",associate degree,"some college, no degree",partner earned more,17,High,Some college,Some college,3,3.0,Same education level,yes,,yes,,7.0,"white, non-hispanic","white, non-hispanic","White, Non-Hispanic",no (not latino or hispanic),white
502721,59044,59044.0,59044.0,"$40,000 to $49,999",high school graduate - high school diploma or the equivalent (ged),hs graduate or ged,partner earned more,11,Middle,HS,HS,2,2.0,Same education level,,,,,55.0,"white, non-hispanic","white, non-hispanic",,no (not latino or hispanic),white
503922,65060,,,"$20,000 to $24,999",bachelors degree,,,7,Low,Bachelor's+,,4,,,,,,,,"white, non-hispanic","white, non-hispanic","White, Non-Hispanic",,
504385,55820,,,"$60,000 to $74,999",bachelors degree,,,13,Middle,Bachelor's+,,4,,,,,,,,"white, non-hispanic","white, non-hispanic","White, Non-Hispanic",,
505381,60267,60267.0,60267.0,"$150,000 to $174,999",bachelors degree,associate degree,we earned about the same amount,18,High,Bachelor's+,Some college,4,3.0,Respondent higher,,,,,21.0,"white, non-hispanic","white, non-hispanic",,no (not latino or hispanic),white
506515,2141,2141.0,2141.0,"$50,000 to $59,999",bachelors degree,bachelor's degree,partner earned more,12,Middle,Bachelor's+,Bachelor's+,4,4.0,Same education level,no,we broke up,,,1.5,"white, non-hispanic","white, non-hispanic","White, Non-Hispanic",no (not latino or hispanic),white
507491,33092,33092.0,33092.0,"$175,000 or more",high school graduate - high school diploma or the equivalent (ged),"some college, no degree",partner earned more,19,High,HS,Some college,2,3.0,Partner higher,,,,,29.0,"black, non-hispanic","black, non-hispanic","Black, Non-Hispanic",no (not latino or hispanic),black or african american
508361,78003,78003.0,78003.0,"$35,000 to $39,999",high school graduate - high school diploma or the equivalent (ged),hs graduate or ged,partner earned more,10,Low,HS,HS,2,2.0,Same education level,,,,,15.0,"white, non-hispanic","white, non-hispanic",,no (not latino or hispanic),white
509391,47054,47054.0,47054.0,"$60,000 to $74,999",associate degree,"some college, no degree",i earned more,13,Middle,Some college,Some college,3,3.0,Same education level,,,,,17.0,"white, non-hispanic","white, non-hispanic","White, Non-Hispanic",no (not latino or hispanic),white
511386,7458,7458.0,7458.0,"$75,000 to $84,999","some college, no degree",professional or doctorate degree,partner earned more,14,High,Some college,Bachelor's+,3,4.0,Partner higher,yes,,yes,,4.0,hispanic,hispanic,Hispanic,no (not latino or hispanic),"american indian, aleut, or eskimo"
512356,148229,148229.0,148229.0,"$50,000 to $59,999",high school graduate - high school diploma or the equivalent (ged),hs graduate or ged,i earned more,12,Middle,HS,HS,2,2.0,Same education level,yes,,yes,,12.0,"white, non-hispanic","white, non-hispanic","White, Non-Hispanic",no (not latino or hispanic),white
513831,43806,43806.0,43806.0,"$15,000 to $19,999",high school graduate - high school diploma or the equivalent (ged),hs graduate or ged,i earned more,6,Low,HS,HS,2,2.0,Same education level,,,,,58.0,"white, non-hispanic",,,no (not latino or hispanic),white
515281,19826,19826.0,19826.0,"$75,000 to $84,999","some college, no degree",master's degree,partner earned more,14,High,Some college,Bachelor's+,3,4.0,Partner higher,,,,,7.0,"white, non-hispanic","white, non-hispanic","White, Non-Hispanic",no (not latino or hispanic),white
516446,2266,2266.0,2266.0,"$50,000 to $59,999","some college, no degree",associate degree,we earned about the same amount,12,Middle,Some college,Some college,3,3.0,Same education level,,,,,22.0,"white, non-hispanic","white, non-hispanic",,no (not latino or hispanic),white
517455,2470,,,"$30,000 to $34,999",professional or doctorate degree,,,9,Low,Bachelor's+,,4,,,,,,,,"white, non-hispanic","white, non-hispanic","White, Non-Hispanic",,
518481,47546,47546.0,47546.0,"$125,000 to $149,999",bachelors degree,bachelor's degree,i earned more,17,High,Bachelor's+,Bachelor's+,4,4.0,Same education level,,,,,22.0,"white, non-hispanic","white, non-hispanic","White, Non-Hispanic",no (not latino or hispanic),white
519343,59723,,,"$40,000 to $49,999",bachelors degree,,,11,Middle,Bachelor's+,,4,,,,,,,,hispanic,hispanic,Hispanic,,
520581,43421,43421.0,43421.0,"$50,000 to $59,999",12th grade no diploma,hs graduate or ged,i earned more,12,Middle,Less than HS,HS,1,2.0,Partner higher,,,,,35.0,"white, non-hispanic","white, non-hispanic","White, Non-Hispanic",no (not latino or hispanic),white
521565,54849,,,"$15,000 to $19,999",bachelors degree,,,6,Low,Bachelor's+,,4,,,,,,,,"white, non-hispanic","white, non-hispanic","White, Non-Hispanic",,
522543,2716,,,"$40,000 to $49,999",masters degree,,,11,Middle,Bachelor's+,,4,,,,,,,,"white, non-hispanic","white, non-hispanic",,,
523401,33394,33394.0,33394.0,"$125,000 to $149,999",bachelors degree,master's degree,partner earned more,17,High,Bachelor's+,Bachelor's+,4,4.0,Same education level,,,,,20.0,"white, non-hispanic","white, non-hispanic",,no (not latino or hispanic),white
524471,48573,48573.0,48573.0,"$40,000 to $49,999",bachelors degree,bachelor's degree,partner earned more,11,Middle,Bachelor's+,Bachelor's+,4,4.0,Same education level,,,,,16.0,"white, non-hispanic","white, non-hispanic","White, Non-Hispanic",no (not latino or hispanic),white
525291,72928,72928.0,72928.0,"$60,000 to $74,999",bachelors degree,hs graduate or ged,we earned about the same amount,13,Middle,Bachelor's+,HS,4,2.0,Respondent higher,,,,,5.0,"black, non-hispanic","black, non-hispanic","Black, Non-Hispanic",no (not latino or hispanic),black or african american
526701,264379,264379.0,264379.0,"$50,000 to $59,999",high school graduate - high school diploma or the equivalent (ged),12th grade no diploma,i earned more,12,Middle,HS,Less than HS,2,1.0,Respondent higher,,,,,55.0,"white, non-hispanic","white, non-hispanic","White, Non-Hispanic",no (not latino or hispanic),white
527611,45122,45122.0,45122.0,"$50,000 to $59,999",11th grade,12th grade no diploma,we earned about the same amount,12,Middle,Less than HS,Less than HS,1,1.0,Same education level,,,,,36.0,"white, non-hispanic","white, non-hispanic","White, Non-Hispanic",no (not latino or hispanic),white
528245,20156,,,"$25,000 to $29,999","some college, no degree",,,8,Low,Some college,,3,,,,,,,,"white, non-hispanic","white, non-hispanic","White, Non-Hispanic",,
531265,64662,64662.0,64662.0,"$60,000 to $74,999","some college, no degree","some college, no degree",we earned about the same amount,13,Middle,Some college,Some college,3,3.0,Same education level,,,,,0.75,"white, non-hispanic",,,"yes, other latino/hispanic",white
532341,113151,113151.0,113151.0,"$50,000 to $59,999","some college, no degree","some college, no degree",i earned more,12,Middle,Some college,Some college,3,3.0,Same education level,,,,,8.0,hispanic,hispanic,Hispanic,no (not latino or hispanic),white
533831,53357,53357.0,53357.0,"$30,000 to $34,999",7th or 8th grade,11th grade,partner earned more,9,Low,Less than HS,Less than HS,1,1.0,Same education level,,,,,63.0,"white, non-hispanic","white, non-hispanic","White, Non-Hispanic",no (not latino or hispanic),white
534575,24498,,,"$10,000 to $12,499",bachelors degree,,,4,Low,Bachelor's+,,4,,,,,,,,"white, non-hispanic","white, non-hispanic","White, Non-Hispanic",,
535331,10453,10453.0,10453.0,"$60,000 to $74,999",high school graduate - high school diploma or the equivalent (ged),"some college, no degree",partner earned more,13,Middle,HS,Some college,2,3.0,Partner higher,,,,,17.0,"white, non-hispanic","white, non-hispanic",,no (not latino or hispanic),white
536205,29610,29610.0,29610.0,"$50,000 to $59,999",high school graduate - high school diploma or the equivalent (ged),"some college, no degree",i earned more,12,Middle,HS,Some college,2,3.0,Partner higher,yes,,no,We broke up,1.5,"white, non-hispanic","white, non-hispanic","White, Non-Hispanic",no (not latino or hispanic),white
537563,58138,,,"$30,000 to $34,999",bachelors degree,,,9,Low,Bachelor's+,,4,,,,,,,,"white, non-hispanic","white, non-hispanic","White, Non-Hispanic",,
538571,82057,82057.0,82057.0,"$12,500 to $14,999","some college, no degree",7th or 8th grade,i earned more,5,Low,Some college,Less than HS,3,1.0,Respondent higher,,,,,19.0,"white, non-hispanic","white, non-hispanic",,no (not latino or hispanic),white
540435,20979,20979.0,20979.0,"$50,000 to $59,999","some college, no degree","some college, no degree",i earned more,12,Middle,Some college,Some college,3,3.0,Same education level,,,,,4.0,hispanic,hispanic,,"yes, mexican, mexican american, chicano",white
541261,58635,58635.0,58635.0,"$40,000 to $49,999",11th grade,"some college, no degree",partner earned more,11,Middle,Less than HS,Some college,1,3.0,Partner higher,,,,,5.0,"white, non-hispanic","white, non-hispanic","White, Non-Hispanic",no (not latino or hispanic),white
542711,62445,62445.0,62445.0,"$60,000 to $74,999","some college, no degree",hs graduate or ged,i earned more,13,Middle,Some college,HS,3,2.0,Respondent higher,,,,,25.0,"white, non-hispanic","white, non-hispanic",,no (not latino or hispanic),white
543641,42252,42252.0,42252.0,"$75,000 to $84,999",high school graduate - high school diploma or the equivalent (ged),"some college, no degree",we earned about the same amount,14,High,HS,Some college,2,3.0,Partner higher,,,,,12.0,"white, non-hispanic","white, non-hispanic","White, Non-Hispanic",no (not latino or hispanic),white
544235,56760,,,"$40,000 to $49,999","some college, no degree",,,11,Middle,Some college,,3,,,,,,,,hispanic,hispanic,,,
545326,38966,38966.0,38966.0,"$25,000 to $29,999",bachelors degree,"some college, no degree",partner earned more,8,Low,Bachelor's+,Some college,4,3.0,Respondent higher,,,,,9.0,"black, non-hispanic","black, non-hispanic","Black, Non-Hispanic","yes, puerto rican",black or african american
546195,78565,78565.0,78565.0,"$175,000 or more",high school graduate - high school diploma or the equivalent (ged),"some college, no degree",we earned about the same amount,19,High,HS,Some college,2,3.0,Partner higher,yes,,yes,,4.0,"white, non-hispanic","white, non-hispanic","White, Non-Hispanic",no (not latino or hispanic),white
547235,181574,,,"$40,000 to $49,999","some college, no degree",,,11,Middle,Some college,,3,,,,,,,,"white, non-hispanic","white, non-hispanic",,,
548505,2682,,,"$20,000 to $24,999",associate degree,,,7,Low,Some college,,3,,,,,,,,"white, non-hispanic","white, non-hispanic","White, Non-Hispanic",,
549235,101564,101564.0,101564.0,"less than $5,000","some college, no degree",hs graduate or ged,we earned about the same amount,1,Low,Some college,HS,3,2.0,Respondent higher,,,no,We broke up,4.0,"black, non-hispanic","black, non-hispanic",,no (not latino or hispanic),black or african american
550195,69175,,,"$25,000 to $29,999",high school graduate - high school diploma or the equivalent (ged),,,8,Low,HS,,2,,,,,,,,"black, non-hispanic","black, non-hispanic","Black, Non-Hispanic",,
551782,2814,,,"$40,000 to $49,999","some college, no degree",,,11,Middle,Some college,,3,,,,,,,,"white, non-hispanic","white, non-hispanic","White, Non-Hispanic",,
552391,49128,49128.0,49128.0,"$40,000 to $49,999",bachelors degree,"some college, no degree",we earned about the same amount,11,Middle,Bachelor's+,Some college,4,3.0,Respondent higher,,,,,12.0,"white, non-hispanic","white, non-hispanic","White, Non-Hispanic",no (not latino or hispanic),white
553481,44418,44418.0,44418.0,"$75,000 to $84,999",high school graduate - high school diploma or the equivalent (ged),hs graduate or ged,i earned more,14,High,HS,HS,2,2.0,Same education level,,,,,29.0,"white, non-hispanic","white, non-hispanic","White, Non-Hispanic",no (not latino or hispanic),white
554226,37622,37622.0,37622.0,"$75,000 to $84,999","some college, no degree",bachelor's degree,partner earned more,14,High,Some college,Bachelor's+,3,4.0,Partner higher,yes,,,,0.75,"white, non-hispanic","white, non-hispanic","White, Non-Hispanic",no (not latino or hispanic),white
555401,44643,44643.0,44643.0,"$40,000 to $49,999",bachelors degree,bachelor's degree,partner earned more,11,Middle,Bachelor's+,Bachelor's+,4,4.0,Same education level,,,,,19.0,"white, non-hispanic","white, non-hispanic","White, Non-Hispanic",no (not latino or hispanic),white
556351,103015,103015.0,103015.0,"$40,000 to $49,999",high school graduate - high school diploma or the equivalent (ged),12th grade no diploma,we earned about the same amount,11,Middle,HS,Less than HS,2,1.0,Respondent higher,,,,,15.0,hispanic,,,"yes, other latino/hispanic",other (please specify)
557215,73168,73168.0,73168.0,"$150,000 to $174,999",high school graduate - high school diploma or the equivalent (ged),"some college, no degree",partner earned more,18,High,HS,Some college,2,3.0,Partner higher,no,we broke up,,,1.5,"white, non-hispanic","white, non-hispanic","White, Non-Hispanic","yes, mexican, mexican american, chicano",other (please specify)
558672,63027,,,"$10,000 to $12,499",12th grade no diploma,,,4,Low,Less than HS,,1,,,,,,,,"white, non-hispanic","white, non-hispanic","White, Non-Hispanic",,
559772,84146,,,"$20,000 to $24,999",associate degree,,,7,Low,Some college,,3,,,,,,,,"white, non-hispanic","white, non-hispanic","White, Non-Hispanic",,
560882,18447,,,"$35,000 to $39,999",bachelors degree,,,10,Low,Bachelor's+,,4,,,,,,,,"white, non-hispanic","white, non-hispanic",,,
561504,71366,71366.0,71366.0,"$5,000 to $7,499",high school graduate - high school diploma or the equivalent (ged),1st - 4th grade,partner earned more,2,Low,HS,Less than HS,2,1.0,Respondent higher,,,,,17.0,"white, non-hispanic","white, non-hispanic","White, Non-Hispanic",no (not latino or hispanic),white
562485,56594,,,"$20,000 to $24,999","some college, no degree",,,7,Low,Some college,,3,,,,,,,,"white, non-hispanic","white, non-hispanic","White, Non-Hispanic",,
563456,9823,9823.0,9823.0,"$50,000 to $59,999",10th grade,hs graduate or ged,partner earned more,12,Middle,Less than HS,HS,1,2.0,Partner higher,yes,,yes,,13.0,"white, non-hispanic","white, non-hispanic","White, Non-Hispanic",no (not latino or hispanic),white
564405,29436,29436.0,29436.0,"$75,000 to $84,999",high school graduate - high school diploma or the equivalent (ged),"some college, no degree",i earned more,14,High,HS,Some college,2,3.0,Partner higher,,,,,18.0,"white, non-hispanic","white, non-hispanic","White, Non-Hispanic",no (not latino or hispanic),white
565505,2550,,,"$100,000 to $124,999",bachelors degree,,,16,High,Bachelor's+,,4,,,,,,,,"white, non-hispanic","white, non-hispanic","White, Non-Hispanic",,
566581,55654,55654.0,55654.0,"$30,000 to $34,999",masters degree,hs graduate or ged,i earned more,9,Low,Bachelor's+,HS,4,2.0,Respondent higher,,,,,30.0,"white, non-hispanic","white, non-hispanic","White, Non-Hispanic",no (not latino or hispanic),white
567481,3403,3403.0,3403.0,"$100,000 to $124,999",associate degree,hs graduate or ged,i earned more,16,High,Some college,HS,3,2.0,Respondent higher,yes,,yes,,28.0,"white, non-hispanic","white, non-hispanic","White, Non-Hispanic",no (not latino or hispanic),white
568563,118107,,,"$35,000 to $39,999","some college, no degree",,,10,Low,Some college,,3,,,,,,,,hispanic,hispanic,,,
569215,16556,16556.0,16556.0,"$25,000 to $29,999","some college, no degree",associate degree,we earned about the same amount,8,Low,Some college,Some college,3,3.0,Same education level,,,,,1.5,"2+ races, non-hispanic","2+ races, non-hispanic","2+ Races, Non-Hispanic",no (not latino or hispanic),white
570541,98699,98699.0,98699.0,"$100,000 to $124,999",high school graduate - high school diploma or the equivalent (ged),"some college, no degree",i earned more,16,High,HS,Some college,2,3.0,Partner higher,,,,,8.0,hispanic,hispanic,Hispanic,no (not latino or hispanic),white
571671,38598,38598.0,38598.0,"$20,000 to $24,999",high school graduate - high school diploma or the equivalent (ged),5th or 6th grade,i earned more,7,Low,HS,Less than HS,2,1.0,Respondent higher,,,,,35.0,"white, non-hispanic","white, non-hispanic","White, Non-Hispanic",no (not latino or hispanic),white
572225,66009,,,"$25,000 to $29,999","some college, no degree",,,8,Low,Some college,,3,,,,,,,,"white, non-hispanic","white, non-hispanic","White, Non-Hispanic",,
573381,63318,63318.0,63318.0,"$60,000 to $74,999",high school graduate - high school diploma or the equivalent (ged),master's degree,i earned more,13,Middle,HS,Bachelor's+,2,4.0,Partner higher,,,,,11.0,"white, non-hispanic","white, non-hispanic","White, Non-Hispanic",no (not latino or hispanic),white
576461,55484,55484.0,55484.0,"$60,000 to $74,999",bachelors degree,"some college, no degree",i earned more,13,Middle,Bachelor's+,Some college,4,3.0,Respondent higher,,,,,17.0,"white, non-hispanic","white, non-hispanic","White, Non-Hispanic",no (not latino or hispanic),white
577531,2907,2907.0,2907.0,"$85,000 to $99,999",bachelors degree,professional or doctorate degree,partner earned more,15,High,Bachelor's+,Bachelor's+,4,4.0,Same education level,,,,,28.0,"white, non-hispanic","white, non-hispanic","White, Non-Hispanic",no (not latino or hispanic),white
578381,127945,127945.0,127945.0,"$35,000 to $39,999",7th or 8th grade,hs graduate or ged,partner earned more,10,Low,Less than HS,HS,1,2.0,Partner higher,,,,,22.0,"white, non-hispanic","white, non-hispanic","White, Non-Hispanic",no (not latino or hispanic),white
579591,20038,20038.0,20038.0,"$125,000 to $149,999",professional or doctorate degree,"some college, no degree",i earned more,17,High,Bachelor's+,Some college,4,3.0,Respondent higher,,,,,45.0,"white, non-hispanic","white, non-hispanic","White, Non-Hispanic",no (not latino or hispanic),white
580281,59404,59404.0,59404.0,"$75,000 to $84,999",bachelors degree,bachelor's degree,partner earned more,14,High,Bachelor's+,Bachelor's+,4,4.0,Same education level,,,,,11.0,"white, non-hispanic","white, non-hispanic","White, Non-Hispanic",no (not latino or hispanic),white
581391,40140,40140.0,40140.0,"$60,000 to $74,999",bachelors degree,hs graduate or ged,i earned more,13,Middle,Bachelor's+,HS,4,2.0,Respondent higher,,,,,19.0,"white, non-hispanic","white, non-hispanic","White, Non-Hispanic",no (not latino or hispanic),white
582561,11400,11400.0,11400.0,"$75,000 to $84,999",12th grade no diploma,hs graduate or ged,i earned more,14,High,Less than HS,HS,1,2.0,Partner higher,,,,,37.0,"2+ races, non-hispanic","white, non-hispanic",,no (not latino or hispanic),white
584543,116032,,,"$75,000 to $84,999",high school graduate - high school diploma or the equivalent (ged),,,14,High,HS,,2,,,,,,,,"white, non-hispanic","white, non-hispanic",,,
585403,34897,,,"$40,000 to $49,999",associate degree,,,11,Middle,Some college,,3,,,,,,,,"black, non-hispanic","black, non-hispanic","Black, Non-Hispanic",,
586275,53906,53906.0,53906.0,"$175,000 or more",masters degree,bachelor's degree,partner earned more,19,High,Bachelor's+,Bachelor's+,4,4.0,Same education level,no,we broke up,,,0.75,"white, non-hispanic","white, non-hispanic","White, Non-Hispanic",no (not latino or hispanic),white
587291,58381,58381.0,58381.0,"$40,000 to $49,999",associate degree,"some college, no degree",partner earned more,11,Middle,Some college,Some college,3,3.0,Same education level,,,,,13.0,"white, non-hispanic",,,no (not latino or hispanic),white
588205,75005,,,"$25,000 to $29,999","some college, no degree",,,8,Low,Some college,,3,,,,,,,,"white, non-hispanic","white, non-hispanic","White, Non-Hispanic",,
589613,1167,,,"$20,000 to $24,999",professional or doctorate degree,,,7,Low,Bachelor's+,,4,,,,,,,,"white, non-hispanic","white, non-hispanic","White, Non-Hispanic",,
591385,57738,57738.0,57738.0,"$30,000 to $34,999","some college, no degree","some college, no degree",i earned more,9,Low,Some college,Some college,3,3.0,Same education level,yes,,yes,,2.5,hispanic,hispanic,Hispanic,no (not latino or hispanic),white
593511,78537,78537.0,78537.0,"$50,000 to $59,999",high school graduate - high school diploma or the equivalent (ged),"some college, no degree",partner earned more,12,Middle,HS,Some college,2,3.0,Partner higher,,,,,35.0,"white, non-hispanic","white, non-hispanic","White, Non-Hispanic",no (not latino or hispanic),white
594631,64929,64929.0,64929.0,"$40,000 to $49,999",high school graduate - high school diploma or the equivalent (ged),10th grade,i earned more,11,Middle,HS,Less than HS,2,1.0,Respondent higher,,,,,15.0,"white, non-hispanic","white, non-hispanic",,no (not latino or hispanic),white
595611,40856,40856.0,40856.0,"$12,500 to $14,999",12th grade no diploma,"some college, no degree",i earned more,5,Low,Less than HS,Some college,1,3.0,Partner higher,,,,,30.0,"white, non-hispanic","white, non-hispanic","White, Non-Hispanic",no (not latino or hispanic),white
596591,8917,8917.0,8917.0,"$60,000 to $74,999",high school graduate - high school diploma or the equivalent (ged),"some college, no degree",i earned more,13,Middle,HS,Some college,2,3.0,Partner higher,,,,,42.0,"white, non-hispanic","white, non-hispanic","White, Non-Hispanic",no (not latino or hispanic),white
597341,61107,61107.0,61107.0,"$100,000 to $124,999",high school graduate - high school diploma or the equivalent (ged),hs graduate or ged,we earned about the same amount,16,High,HS,HS,2,2.0,Same education level,,,,,10.0,hispanic,hispanic,Hispanic,"yes, other latino/hispanic",other (please specify)
598215,49960,,,"$60,000 to $74,999","some college, no degree",,,13,Middle,Some college,,3,,,,,,,,"white, non-hispanic","white, non-hispanic","White, Non-Hispanic",,
599531,7934,7934.0,7934.0,"$100,000 to $124,999","some college, no degree","some college, no degree",we earned about the same amount,16,High,Some college,Some college,3,3.0,Same education level,,,,,18.0,"white, non-hispanic","white, non-hispanic","White, Non-Hispanic",no (not latino or hispanic),white
600571,42563,42563.0,42563.0,"$60,000 to $74,999",high school graduate - high school diploma or the equivalent (ged),hs graduate or ged,i earned more,13,Middle,HS,HS,2,2.0,Same education level,,,,,37.0,"white, non-hispanic","white, non-hispanic","White, Non-Hispanic",no (not latino or hispanic),white
601241,54568,54568.0,54568.0,"$50,000 to $59,999",bachelors degree,bachelor's degree,partner earned more,12,Middle,Bachelor's+,Bachelor's+,4,4.0,Same education level,,,,,5.0,"white, non-hispanic",,,no (not latino or hispanic),white
602406,8257,8257.0,8257.0,"$35,000 to $39,999",bachelors degree,"some college, no degree",partner earned more,10,Low,Bachelor's+,Some college,4,3.0,Respondent higher,no,we broke up,,,0.15,"black, non-hispanic","black, non-hispanic","Black, Non-Hispanic",no (not latino or hispanic),black or african american
603205,171743,,,"$60,000 to $74,999",high school graduate - high school diploma or the equivalent (ged),,,13,Middle,HS,,2,,,,,,,,"white, non-hispanic","white, non-hispanic",,,
604521,102802,102802.0,102802.0,"$20,000 to $24,999",high school graduate - high school diploma or the equivalent (ged),11th grade,i earned more,7,Low,HS,Less than HS,2,1.0,Respondent higher,,,,,36.0,hispanic,hispanic,,no (not latino or hispanic),white
605792,52120,,,"$25,000 to $29,999",7th or 8th grade,,,8,Low,Less than HS,,1,,,,,,,,"white, non-hispanic","white, non-hispanic",,,
606225,90870,90870.0,90870.0,"$50,000 to $59,999",high school graduate - high school diploma or the equivalent (ged),hs graduate or ged,i earned more,12,Middle,HS,HS,2,2.0,Same education level,yes,,yes,,1.5,"white, non-hispanic","white, non-hispanic","White, Non-Hispanic","yes, mexican, mexican american, chicano",other (please specify)
608385,43107,,,"$50,000 to $59,999",high school graduate - high school diploma or the equivalent (ged),,,12,Middle,HS,,2,,,,,,,,"white, non-hispanic","white, non-hispanic",,,
609701,2590,2590.0,2590.0,"$75,000 to $84,999",professional or doctorate degree,master's degree,partner earned more,14,High,Bachelor's+,Bachelor's+,4,4.0,Same education level,,,,,39.0,"white, non-hispanic","white, non-hispanic",,no (not latino or hispanic),white
610321,60930,60930.0,60930.0,"$20,000 to $24,999",high school graduate - high school diploma or the equivalent (ged),"some college, no degree",i earned more,7,Low,HS,Some college,2,3.0,Partner higher,,,,,6.0,"white, non-hispanic","white, non-hispanic","White, Non-Hispanic",no (not latino or hispanic),white
611351,59609,59609.0,59609.0,"$60,000 to $74,999",bachelors degree,"some college, no degree",we earned about the same amount,13,Middle,Bachelor's+,Some college,4,3.0,Respondent higher,,,,,6.0,"white, non-hispanic","white, non-hispanic",,no (not latino or hispanic),white
612291,62324,62324.0,62324.0,"$100,000 to $124,999",bachelors degree,master's degree,partner earned more,16,High,Bachelor's+,Bachelor's+,4,4.0,Same education level,,,,,5.0,"white, non-hispanic","white, non-hispanic","White, Non-Hispanic",no (not latino or hispanic),white
613781,90263,90263.0,90263.0,"$60,000 to $74,999","some college, no degree","some college, no degree",partner earned more,13,Middle,Some college,Some college,3,3.0,Same education level,,,,,55.0,"white, non-hispanic","white, non-hispanic","White, Non-Hispanic",no (not latino or hispanic),white
615255,44943,44943.0,44943.0,"$85,000 to $99,999",associate degree,"some college, no degree",partner earned more,15,High,Some college,Some college,3,3.0,Same education level,no,we broke up,,,4.0,"white, non-hispanic","white, non-hispanic","White, Non-Hispanic",no (not latino or hispanic),asian or pacific islander
617501,42489,42489.0,42489.0,"$50,000 to $59,999",high school graduate - high school diploma or the equivalent (ged),"some college, no degree",partner earned more,12,Middle,HS,Some college,2,3.0,Partner higher,,,,,14.0,"white, non-hispanic","white, non-hispanic","White, Non-Hispanic",no (not latino or hispanic),white
618655,45801,,,"$15,000 to $19,999",10th grade,,,6,Low,Less than HS,,1,,,,,,,,"white, non-hispanic","white, non-hispanic","White, Non-Hispanic",,
619451,1904,1904.0,1904.0,"$125,000 to $149,999",masters degree,bachelor's degree,partner earned more,17,High,Bachelor's+,Bachelor's+,4,4.0,Same education level,,,,,5.0,"white, non-hispanic","white, non-hispanic","White, Non-Hispanic",no (not latino or hispanic),white
620565,17302,17302.0,17302.0,"$10,000 to $12,499","some college, no degree",10th grade,partner earned more,4,Low,Some college,Less than HS,3,1.0,Respondent higher,yes,,yes,,11.0,hispanic,hispanic,Hispanic,"yes, mexican, mexican american, chicano",other (please specify)
622641,134418,134418.0,134418.0,"$85,000 to $99,999",associate degree,"some college, no degree",partner earned more,15,High,Some college,Some college,3,3.0,Same education level,,,,,40.0,"white, non-hispanic","white, non-hispanic","White, Non-Hispanic",no (not latino or hispanic),white
623493,1523,1523.0,1523.0,"$40,000 to $49,999",bachelors degree,hs graduate or ged,partner earned more,11,Middle,Bachelor's+,HS,4,2.0,Respondent higher,no,other (please describe),,,0.75,"other, non-hispanic","other, non-hispanic","Other, Non-Hispanic",no (not latino or hispanic),white
624536,2385,2385.0,2385.0,"$50,000 to $59,999","some college, no degree",bachelor's degree,we earned about the same amount,12,Middle,Some college,Bachelor's+,3,4.0,Partner higher,,,,,31.0,"white, non-hispanic","white, non-hispanic","White, Non-Hispanic",no (not latino or hispanic),white
625435,6800,,,"$50,000 to $59,999",bachelors degree,,,12,Middle,Bachelor's+,,4,,,,,,,,"white, non-hispanic","white, non-hispanic","White, Non-Hispanic",,
626255,124991,124991.0,124991.0,"$60,000 to $74,999",bachelors degree,bachelor's degree,partner earned more,13,Middle,Bachelor's+,Bachelor's+,4,4.0,Same education level,yes,,yes,,5.0,"white, non-hispanic","white, non-hispanic","White, Non-Hispanic",no (not latino or hispanic),white
627533,15200,15200.0,15200.0,"$175,000 or more",high school graduate - high school diploma or the equivalent (ged),"some college, no degree",partner earned more,19,High,HS,Some college,2,3.0,Partner higher,no,other (please describe),,,0.15,"white, non-hispanic","white, non-hispanic","White, Non-Hispanic","yes, mexican, mexican american, chicano",other (please specify)
628841,41126,41126.0,41126.0,"$30,000 to $34,999",high school graduate - high school diploma or the equivalent (ged),associate degree,partner earned more,9,Low,HS,Some college,2,3.0,Partner higher,,,,,68.0,"white, non-hispanic","white, non-hispanic",,no (not latino or hispanic),white
629205,77356,,,"$100,000 to $124,999","some college, no degree",,,16,High,Some college,,3,,,,,,,,"white, non-hispanic","white, non-hispanic","White, Non-Hispanic",,
630534,24121,24121.0,24121.0,"$12,500 to $14,999",high school graduate - high school diploma or the equivalent (ged),hs graduate or ged,i earned more,5,Low,HS,HS,2,2.0,Same education level,,,,,28.0,"white, non-hispanic","white, non-hispanic","White, Non-Hispanic",no (not latino or hispanic),white
631265,127769,,,"$12,500 to $14,999",professional or doctorate degree,,,5,Low,Bachelor's+,,4,,,,,,,,"other, non-hispanic","other, non-hispanic","Other, Non-Hispanic",,
632473,75951,75951.0,75951.0,"$15,000 to $19,999",high school graduate - high school diploma or the equivalent (ged),"some college, no degree",i earned more,6,Low,HS,Some college,2,3.0,Partner higher,,,,,21.0,"white, non-hispanic","white, non-hispanic",,no (not latino or hispanic),white
633631,48134,48134.0,48134.0,"$60,000 to $74,999",10th grade,hs graduate or ged,i earned more,13,Middle,Less than HS,HS,1,2.0,Partner higher,,,,,14.0,"white, non-hispanic","white, non-hispanic","White, Non-Hispanic",no (not latino or hispanic),white
634595,81512,,,"$7,500 to $9,999",high school graduate - high school diploma or the equivalent (ged),,,3,Low,HS,,2,,,,,,,,"white, non-hispanic","white, non-hispanic","White, Non-Hispanic",,
635411,103313,103313.0,103313.0,"$85,000 to $99,999",high school graduate - high school diploma or the equivalent (ged),"some college, no degree",partner earned more,15,High,HS,Some college,2,3.0,Partner higher,,,,,16.0,hispanic,hispanic,Hispanic,"yes, mexican, mexican american, chicano",other (please specify)
636631,68336,68336.0,68336.0,"$40,000 to $49,999",high school graduate - high school diploma or the equivalent (ged),hs graduate or ged,i earned more,11,Middle,HS,HS,2,2.0,Same education level,,,,,47.0,"white, non-hispanic","white, non-hispanic","White, Non-Hispanic",no (not latino or hispanic),white
637503,46364,,,"$35,000 to $39,999","some college, no degree",,,10,Low,Some college,,3,,,,,,,,"white, non-hispanic","white, non-hispanic",,,
638635,67571,,,"$25,000 to $29,999",professional or doctorate degree,,,8,Low,Bachelor's+,,4,,,,,,,,"white, non-hispanic","white, non-hispanic",,,
639211,145211,145211.0,145211.0,"$50,000 to $59,999","some college, no degree","some college, no degree",we earned about the same amount,12,Middle,Some college,Some college,3,3.0,Same education level,,,,,4.0,hispanic,hispanic,Hispanic,no (not latino or hispanic),white
640596,3218,3218.0,3218.0,"$125,000 to $149,999",bachelors degree,professional or doctorate degree,partner earned more,17,High,Bachelor's+,Bachelor's+,4,4.0,Same education level,yes,,yes,,4.0,"white, non-hispanic","white, non-hispanic","White, Non-Hispanic",no (not latino or hispanic),white
641454,1992,,,"$60,000 to $74,999",associate degree,,,13,Middle,Some college,,3,,,,,,,,"white, non-hispanic","white, non-hispanic","White, Non-Hispanic",,
643545,111983,,,"$85,000 to $99,999",bachelors degree,,,15,High,Bachelor's+,,4,,,,,,,,hispanic,hispanic,,,
644573,88759,,,"$7,500 to $9,999","some college, no degree",,,3,Low,Some college,,3,,,,,,,,"white, non-hispanic","white, non-hispanic","White, Non-Hispanic",,
645922,41798,41798.0,41798.0,"$15,000 to $19,999",7th or 8th grade,refused,i earned more,6,Low,Less than HS,,1,,,,,,,76.0,"white, non-hispanic","white, non-hispanic",,no (not latino or hispanic),white
646613,68198,68198.0,68198.0,"$5,000 to $7,499",9th grade,hs graduate or ged,partner earned more,2,Low,Less than HS,HS,1,2.0,Partner higher,no,"[partner] passed away, is deceased",,,1.5,"black, non-hispanic","black, non-hispanic","Black, Non-Hispanic",no (not latino or hispanic),white
648586,39263,39263.0,39263.0,"$60,000 to $74,999",10th grade,hs graduate or ged,i earned more,13,Middle,Less than HS,HS,1,2.0,Partner higher,yes,,,,21.0,"white, non-hispanic","white, non-hispanic","White, Non-Hispanic",no (not latino or hispanic),white
649295,49217,,,"$35,000 to $39,999",associate degree,,,10,Low,Some college,,3,,,,,,,,"white, non-hispanic","white, non-hispanic","White, Non-Hispanic",,
650616,109855,109855.0,109855.0,"$25,000 to $29,999",associate degree,hs graduate or ged,partner earned more,8,Low,Some college,HS,3,2.0,Respondent higher,yes,,yes,,20.0,"white, non-hispanic","white, non-hispanic",,no (not latino or hispanic),white
651701,41792,41792.0,41792.0,"$85,000 to $99,999",12th grade no diploma,"some college, no degree",i earned more,15,High,Less than HS,Some college,1,3.0,Partner higher,,,,,50.0,"white, non-hispanic","white, non-hispanic",,no (not latino or hispanic),white
652271,59797,59797.0,59797.0,"$125,000 to $149,999",masters degree,bachelor's degree,partner earned more,17,High,Bachelor's+,Bachelor's+,4,4.0,Same education level,,,,,9.0,"white, non-hispanic","white, non-hispanic","White, Non-Hispanic",no (not latino or hispanic),white
653573,2751,2751.0,2751.0,"$25,000 to $29,999",bachelors degree,professional or doctorate degree,i earned more,8,Low,Bachelor's+,Bachelor's+,4,4.0,Same education level,,,,,21.0,"other, non-hispanic","other, non-hispanic",,refused,refused
654431,34336,34336.0,34336.0,"$125,000 to $149,999",masters degree,"some college, no degree",i earned more,17,High,Bachelor's+,Some college,4,3.0,Respondent higher,,,,,17.0,"white, non-hispanic","white, non-hispanic","White, Non-Hispanic",no (not latino or hispanic),white
655505,1780,1780.0,1780.0,"$85,000 to $99,999",bachelors degree,bachelor's degree,i earned more,15,High,Bachelor's+,Bachelor's+,4,4.0,Same education level,yes,,no,Other (please describe),1.5,"white, non-hispanic","white, non-hispanic","White, Non-Hispanic",no (not latino or hispanic),other (please specify)
656225,48714,48714.0,48714.0,"$100,000 to $124,999","some college, no degree",bachelor's degree,partner earned more,16,High,Some college,Bachelor's+,3,4.0,Partner higher,yes,,yes,,4.0,"white, non-hispanic","white, non-hispanic","White, Non-Hispanic",no (not latino or hispanic),white
657761,32617,32617.0,32617.0,"$100,000 to $124,999","some college, no degree","some college, no degree",partner earned more,16,High,Some college,Some college,3,3.0,Same education level,,,,,56.0,"white, non-hispanic","white, non-hispanic",,no (not latino or hispanic),white
658356,46368,46368.0,46368.0,"$40,000 to $49,999",9th grade,hs graduate or ged,we earned about the same amount,11,Middle,Less than HS,HS,1,2.0,Partner higher,,,,,17.0,"white, non-hispanic","white, non-hispanic","White, Non-Hispanic",no (not latino or hispanic),white
660391,56940,56940.0,56940.0,"$60,000 to $74,999",masters degree,master's degree,partner earned more,13,Middle,Bachelor's+,Bachelor's+,4,4.0,Same education level,,,,,6.0,"white, non-hispanic","white, non-hispanic",,no (not latino or hispanic),white
661466,8492,8492.0,8492.0,"$125,000 to $149,999",bachelors degree,"some college, no degree",partner earned more,17,High,Bachelor's+,Some college,4,3.0,Respondent higher,yes,,yes,,20.0,"white, non-hispanic","white, non-hispanic","White, Non-Hispanic",no (not latino or hispanic),white
662732,60863,,,"$25,000 to $29,999",high school graduate - high school diploma or the equivalent (ged),,,8,Low,HS,,2,,,,,,,,"white, non-hispanic","white, non-hispanic",,,
663872,65599,65599.0,65599.0,"$20,000 to $24,999",high school graduate - high school diploma or the equivalent (ged),master's degree,partner earned more,7,Low,HS,Bachelor's+,2,4.0,Partner higher,,,,,66.0,"white, non-hispanic","white, non-hispanic","White, Non-Hispanic",no (not latino or hispanic),white
664501,154148,154148.0,154148.0,"$40,000 to $49,999",high school graduate - high school diploma or the equivalent (ged),"some college, no degree",partner earned more,11,Middle,HS,Some college,2,3.0,Partner higher,,,,,23.0,"black, non-hispanic","black, non-hispanic","Black, Non-Hispanic",no (not latino or hispanic),black or african american
665256,65857,65857.0,65857.0,"$60,000 to $74,999",associate degree,"some college, no degree",partner earned more,13,Middle,Some college,Some college,3,3.0,Same education level,yes,,yes,,4.0,"white, non-hispanic","white, non-hispanic","White, Non-Hispanic",no (not latino or hispanic),white
666686,2189,2189.0,2189.0,"$75,000 to $84,999",bachelors degree,master's degree,partner earned more,14,High,Bachelor's+,Bachelor's+,4,4.0,Same education level,yes,,yes,,11.0,"other, non-hispanic","other, non-hispanic","Other, Non-Hispanic",no (not latino or hispanic),white
667321,88426,88426.0,88426.0,"$10,000 to $12,499","some college, no degree",hs graduate or ged,i earned more,4,Low,Some college,HS,3,2.0,Respondent higher,,,,,5.0,"white, non-hispanic","white, non-hispanic",,no (not latino or hispanic),white
668501,62569,62569.0,62569.0,"$125,000 to $149,999","some college, no degree",bachelor's degree,refused,17,High,Some college,Bachelor's+,3,4.0,Partner higher,,,,,29.0,"black, non-hispanic","black, non-hispanic",,no (not latino or hispanic),black or african american
669511,217398,217398.0,217398.0,"$60,000 to $74,999",masters degree,bachelor's degree,we earned about the same amount,13,Middle,Bachelor's+,Bachelor's+,4,4.0,Same education level,,,,,25.0,"black, non-hispanic","black, non-hispanic",,no (not latino or hispanic),white
670721,72117,72117.0,72117.0,"$30,000 to $34,999",high school graduate - high school diploma or the equivalent (ged),hs graduate or ged,i earned more,9,Low,HS,HS,2,2.0,Same education level,,,,,49.0,"white, non-hispanic","white, non-hispanic","White, Non-Hispanic",no (not latino or hispanic),white
671481,66501,66501.0,66501.0,"$100,000 to $124,999",bachelors degree,"some college, no degree",partner earned more,16,High,Bachelor's+,Some college,4,3.0,Respondent higher,,,,,19.0,"white, non-hispanic","white, non-hispanic","White, Non-Hispanic",no (not latino or hispanic),white
672681,1862,1862.0,1862.0,"$150,000 to $174,999",professional or doctorate degree,professional or doctorate degree,we earned about the same amount,18,High,Bachelor's+,Bachelor's+,4,4.0,Same education level,,,,,48.0,"white, non-hispanic","white, non-hispanic","White, Non-Hispanic",no (not latino or hispanic),white
673371,53191,53191.0,53191.0,"$75,000 to $84,999",high school graduate - high school diploma or the equivalent (ged),hs graduate or ged,partner earned more,14,High,HS,HS,2,2.0,Same education level,,,,,21.0,"white, non-hispanic","white, non-hispanic","White, Non-Hispanic",no (not latino or hispanic),white
674385,1986,,,"$25,000 to $29,999","some college, no degree",,,8,Low,Some college,,3,,,,,,,,"white, non-hispanic","white, non-hispanic","White, Non-Hispanic",,
675671,45423,45423.0,45423.0,"$125,000 to $149,999",professional or doctorate degree,"some college, no degree",i earned more,17,High,Bachelor's+,Some college,4,3.0,Respondent higher,,,,,49.0,"white, non-hispanic","white, non-hispanic","White, Non-Hispanic",no (not latino or hispanic),white
676315,66779,,,"$175,000 or more","some college, no degree",,,19,High,Some college,,3,,,,,,,,"white, non-hispanic","white, non-hispanic","White, Non-Hispanic",,
677226,14134,14134.0,14134.0,"$100,000 to $124,999","some college, no degree",bachelor's degree,i earned more,16,High,Some college,Bachelor's+,3,4.0,Partner higher,yes,,,,6.0,"white, non-hispanic","white, non-hispanic","White, Non-Hispanic",no (not latino or hispanic),white
679573,78607,,,"$15,000 to $19,999","some college, no degree",,,6,Low,Some college,,3,,,,,,,,"white, non-hispanic","white, non-hispanic","White, Non-Hispanic",,
680225,33870,33870.0,33870.0,"$100,000 to $124,999","some college, no degree","some college, no degree",i earned more,16,High,Some college,Some college,3,3.0,Same education level,yes,,yes,,0.05,"white, non-hispanic","white, non-hispanic","White, Non-Hispanic",no (not latino or hispanic),white
681525,12645,,,"$7,500 to $9,999","some college, no degree",,,3,Low,Some college,,3,,,,,,,,"black, non-hispanic","black, non-hispanic","Black, Non-Hispanic",,
682691,54041,,,"less than $5,000","some college, no degree",,,1,Low,Some college,,3,,,,,,,,"white, non-hispanic","white, non-hispanic","White, Non-Hispanic",,
683593,12000,,,"$35,000 to $39,999","some college, no degree",,,10,Low,Some college,,3,,,,,,,,"white, non-hispanic","white, non-hispanic","White, Non-Hispanic",,
684695,2028,,,"$12,500 to $14,999","some college, no degree",,,5,Low,Some college,,3,,,,,,,,"white, non-hispanic","white, non-hispanic",,,
685465,1260,,,"$75,000 to $84,999",associate degree,,,14,High,Some college,,3,,,,,,,,"white, non-hispanic","white, non-hispanic","White, Non-Hispanic",,
686266,80032,80032.0,80032.0,"$85,000 to $99,999",bachelors degree,"some college, no degree",we earned about the same amount,15,High,Bachelor's+,Some college,4,3.0,Respondent higher,yes,,no,We broke up,5.0,"white, non-hispanic","white, non-hispanic","White, Non-Hispanic",no (not latino or hispanic),asian or pacific islander
687672,88929,,,"$75,000 to $84,999",12th grade no diploma,,,14,High,Less than HS,,1,,,,,,,,"white, non-hispanic","white, non-hispanic","White, Non-Hispanic",,
688245,87000,,,"$35,000 to $39,999",bachelors degree,,,10,Low,Bachelor's+,,4,,,,,,,,"white, non-hispanic","white, non-hispanic","White, Non-Hispanic",,
689556,4836,4836.0,4836.0,"$30,000 to $34,999",bachelors degree,master's degree,partner earned more,9,Low,Bachelor's+,Bachelor's+,4,4.0,Same education level,yes,,,,14.0,hispanic,hispanic,,no (not latino or hispanic),white
690195,247123,247123.0,247123.0,"$125,000 to $149,999",high school graduate - high school diploma or the equivalent (ged),bachelor's degree,partner earned more,17,High,HS,Bachelor's+,2,4.0,Partner higher,no,we broke up,,,0.75,"other, non-hispanic","other, non-hispanic","Other, Non-Hispanic",no (not latino or hispanic),asian or pacific islander
691395,2633,,,"$60,000 to $74,999","some college, no degree",,,13,Middle,Some college,,3,,,,,,,,"white, non-hispanic","white, non-hispanic","White, Non-Hispanic",,
692321,52124,52124.0,52124.0,"$40,000 to $49,999",high school graduate - high school diploma or the equivalent (ged),hs graduate or ged,we earned about the same amount,11,Middle,HS,HS,2,2.0,Same education level,,,,,8.0,"white, non-hispanic","white, non-hispanic","White, Non-Hispanic",no (not latino or hispanic),white
693365,75273,75273.0,75273.0,"$85,000 to $99,999",masters degree,master's degree,partner earned more,15,High,Bachelor's+,Bachelor's+,4,4.0,Same education level,yes,,,,2.5,"other, non-hispanic","other, non-hispanic","Other, Non-Hispanic",no (not latino or hispanic),asian or pacific islander
694703,1647,,,"$50,000 to $59,999","some college, no degree",,,12,Middle,Some college,,3,,,,,,,,"white, non-hispanic","white, non-hispanic","White, Non-Hispanic",,
695592,39876,,,"$100,000 to $124,999",professional or doctorate degree,,,16,High,Bachelor's+,,4,,,,,,,,"white, non-hispanic","white, non-hispanic","White, Non-Hispanic",,
696413,45573,45573.0,45573.0,"$40,000 to $49,999","some college, no degree","some college, no degree",i earned more,11,Middle,Some college,Some college,3,3.0,Same education level,yes,,,,0.45,"white, non-hispanic","white, non-hispanic","White, Non-Hispanic",no (not latino or hispanic),white
697396,63435,63435.0,63435.0,"$60,000 to $74,999","some college, no degree","some college, no degree",i earned more,13,Middle,Some college,Some college,3,3.0,Same education level,yes,,yes,,8.0,"white, non-hispanic","white, non-hispanic","White, Non-Hispanic",no (not latino or hispanic),white
698271,36360,36360.0,36360.0,"$20,000 to $24,999","some college, no degree",hs graduate or ged,i earned more,7,Low,Some college,HS,3,2.0,Respondent higher,,,,,9.0,"white, non-hispanic","white, non-hispanic","White, Non-Hispanic",no (not latino or hispanic),white
699762,47183,,,"$7,500 to $9,999",11th grade,,,3,Low,Less than HS,,1,,,,,,,,"white, non-hispanic","white, non-hispanic",,,
700396,3488,3488.0,3488.0,"$100,000 to $124,999",masters degree,master's degree,i earned more,16,High,Bachelor's+,Bachelor's+,4,4.0,Same education level,yes,,yes,,20.0,hispanic,hispanic,"White, Non-Hispanic",no (not latino or hispanic),white
701496,4111,4111.0,4111.0,"$60,000 to $74,999","some college, no degree","some college, no degree",partner earned more,13,Middle,Some college,Some college,3,3.0,Same education level,yes,,yes,,11.0,"white, non-hispanic","white, non-hispanic","White, Non-Hispanic",no (not latino or hispanic),white
702553,57919,,,"$30,000 to $34,999","some college, no degree",,,9,Low,Some college,,3,,,,,,,,"black, non-hispanic","black, non-hispanic","Black, Non-Hispanic",,
703215,125440,125440.0,125440.0,"$40,000 to $49,999",12th grade no diploma,"some college, no degree",partner earned more,11,Middle,Less than HS,Some college,1,3.0,Partner higher,,,,,4.0,hispanic,,,no (not latino or hispanic),white
704331,60156,60156.0,60156.0,"$100,000 to $124,999",bachelors degree,master's degree,i earned more,16,High,Bachelor's+,Bachelor's+,4,4.0,Same education level,,,,,8.0,hispanic,hispanic,Hispanic,no (not latino or hispanic),white
705295,204237,,,"$40,000 to $49,999",associate degree,,,11,Middle,Some college,,3,,,,,,,,"black, non-hispanic","black, non-hispanic","Black, Non-Hispanic",,
706306,80245,80245.0,80245.0,"$100,000 to $124,999",masters degree,bachelor's degree,partner earned more,16,High,Bachelor's+,Bachelor's+,4,4.0,Same education level,,,,,1.5,"black, non-hispanic","black, non-hispanic",,no (not latino or hispanic),white
707663,12707,,,"$10,000 to $12,499",masters degree,,,4,Low,Bachelor's+,,4,,,,,,,,"black, non-hispanic","black, non-hispanic","Black, Non-Hispanic",,
708603,42474,,,"$10,000 to $12,499",associate degree,,,4,Low,Some college,,3,,,,,,,,"white, non-hispanic","white, non-hispanic","White, Non-Hispanic",,
709205,47817,47817.0,47817.0,"$100,000 to $124,999",associate degree,"some college, no degree",partner earned more,16,High,Some college,Some college,3,3.0,Same education level,no,we broke up,,,0.05,"white, non-hispanic","white, non-hispanic","White, Non-Hispanic",no (not latino or hispanic),white
710675,3468,,,"$60,000 to $74,999","some college, no degree",,,13,Middle,Some college,,3,,,,,,,,"white, non-hispanic","white, non-hispanic","White, Non-Hispanic",,
711676,831,831.0,831.0,"$150,000 to $174,999",bachelors degree,master's degree,we earned about the same amount,18,High,Bachelor's+,Bachelor's+,4,4.0,Same education level,yes,,yes,,24.0,"white, non-hispanic","white, non-hispanic","White, Non-Hispanic",no (not latino or hispanic),white
712403,103462,103462.0,103462.0,"$35,000 to $39,999",high school graduate - high school diploma or the equivalent (ged),"some college, no degree",i earned more,10,Low,HS,Some college,2,3.0,Partner higher,no,we broke up,,,6.0,"black, non-hispanic","black, non-hispanic","Black, Non-Hispanic",no (not latino or hispanic),black or african american
713433,72212,,,"$5,000 to $7,499",12th grade no diploma,,,2,Low,Less than HS,,1,,,,,,,,"white, non-hispanic","white, non-hispanic","White, Non-Hispanic",,
714533,73207,73207.0,73207.0,"$12,500 to $14,999","some college, no degree",master's degree,partner earned more,5,Low,Some college,Bachelor's+,3,4.0,Partner higher,yes,,yes,,4.0,"white, non-hispanic","white, non-hispanic","White, Non-Hispanic",no (not latino or hispanic),white
715631,78655,78655.0,78655.0,"$25,000 to $29,999",high school graduate - high school diploma or the equivalent (ged),bachelor's degree,partner earned more,8,Low,HS,Bachelor's+,2,4.0,Partner higher,,,,,28.0,"white, non-hispanic",,,no (not latino or hispanic),white
716436,60279,,,"$10,000 to $12,499",associate degree,,,4,Low,Some college,,3,,,,,,,,"white, non-hispanic","white, non-hispanic","White, Non-Hispanic",,
717491,68158,68158.0,68158.0,"$40,000 to $49,999",bachelors degree,hs graduate or ged,partner earned more,11,Middle,Bachelor's+,HS,4,2.0,Respondent higher,,,,,15.0,"white, non-hispanic","white, non-hispanic","White, Non-Hispanic",no (not latino or hispanic),white
718255,71616,71616.0,71616.0,"$50,000 to $59,999",bachelors degree,bachelor's degree,partner earned more,12,Middle,Bachelor's+,Bachelor's+,4,4.0,Same education level,yes,,,,1.5,"other, non-hispanic","other, non-hispanic","Other, Non-Hispanic",no (not latino or hispanic),asian or pacific islander
719606,3319,3319.0,3319.0,"$100,000 to $124,999",bachelors degree,associate degree,i earned more,16,High,Bachelor's+,Some college,4,3.0,Respondent higher,yes,,yes,,35.0,hispanic,hispanic,Hispanic,"yes, mexican, mexican american, chicano",white
720753,168134,,,"$25,000 to $29,999","some college, no degree",,,8,Low,Some college,,3,,,,,,,,"black, non-hispanic","black, non-hispanic",,,
721305,47894,47894.0,47894.0,"$30,000 to $34,999",high school graduate - high school diploma or the equivalent (ged),hs graduate or ged,i earned more,9,Low,HS,HS,2,2.0,Same education level,yes,,,,1.5,"white, non-hispanic","white, non-hispanic",,no (not latino or hispanic),white
722225,19028,19028.0,19028.0,"$40,000 to $49,999",bachelors degree,associate degree,partner earned more,11,Middle,Bachelor's+,Some college,4,3.0,Respondent higher,yes,,no,We broke up,0.75,"white, non-hispanic","white, non-hispanic","White, Non-Hispanic",no (not latino or hispanic),white
723325,206013,206013.0,206013.0,"$85,000 to $99,999",masters degree,"some college, no degree",i earned more,15,High,Bachelor's+,Some college,4,3.0,Respondent higher,yes,,yes,,0.05,"white, non-hispanic","white, non-hispanic","White, Non-Hispanic",no (not latino or hispanic),white
724301,113068,113068.0,113068.0,"$60,000 to $74,999","some college, no degree","some college, no degree",i earned more,13,Middle,Some college,Some college,3,3.0,Same education level,,,,,8.0,hispanic,hispanic,Hispanic,no (not latino or hispanic),white
725421,32163,32163.0,32163.0,"$100,000 to $124,999",professional or doctorate degree,master's degree,i earned more,16,High,Bachelor's+,Bachelor's+,4,4.0,Same education level,,,,,14.0,"white, non-hispanic","white, non-hispanic","White, Non-Hispanic",no (not latino or hispanic),white
726441,43143,43143.0,43143.0,"$100,000 to $124,999",masters degree,professional or doctorate degree,i earned more,16,High,Bachelor's+,Bachelor's+,4,4.0,Same education level,,,,,26.0,"white, non-hispanic","white, non-hispanic","White, Non-Hispanic",no (not latino or hispanic),white
727261,31335,31335.0,31335.0,"$30,000 to $34,999",bachelors degree,"some college, no degree",partner earned more,9,Low,Bachelor's+,Some college,4,3.0,Respondent higher,,,,,1.5,"other, non-hispanic","other, non-hispanic","Other, Non-Hispanic","yes, mexican, mexican american, chicano",refused
728495,88832,,,"$30,000 to $34,999",high school graduate - high school diploma or the equivalent (ged),,,9,Low,HS,,2,,,,,,,,hispanic,hispanic,Hispanic,,
729486,1097,1097.0,1097.0,"$125,000 to $149,999",masters degree,master's degree,i earned more,17,High,Bachelor's+,Bachelor's+,4,4.0,Same education level,yes,,,,21.0,"white, non-hispanic","white, non-hispanic",,no (not latino or hispanic),white
730215,68219,,,"$75,000 to $84,999","some college, no degree",,,14,High,Some college,,3,,,,,,,,"white, non-hispanic","white, non-hispanic","White, Non-Hispanic",,
731431,48520,48520.0,48520.0,"$60,000 to $74,999",high school graduate - high school diploma or the equivalent (ged),hs graduate or ged,i earned more,13,Middle,HS,HS,2,2.0,Same education level,,,,,22.0,"white, non-hispanic","white, non-hispanic",,no (not latino or hispanic),white
732675,81351,,,"$7,500 to $9,999","some college, no degree",,,3,Low,Some college,,3,,,,,,,,"white, non-hispanic","white, non-hispanic","White, Non-Hispanic",,
733315,2981,2981.0,2981.0,"$60,000 to $74,999",bachelors degree,"some college, no degree",i earned more,13,Middle,Bachelor's+,Some college,4,3.0,Respondent higher,yes,,yes,,11.0,"white, non-hispanic","white, non-hispanic","White, Non-Hispanic",no (not latino or hispanic),white
734541,119986,119986.0,119986.0,"$85,000 to $99,999",high school graduate - high school diploma or the equivalent (ged),hs graduate or ged,i earned more,15,High,HS,HS,2,2.0,Same education level,,,,,17.0,"white, non-hispanic","white, non-hispanic",,no (not latino or hispanic),white
735751,53048,53048.0,53048.0,"$40,000 to $49,999",12th grade no diploma,12th grade no diploma,partner earned more,11,Middle,Less than HS,Less than HS,1,1.0,Same education level,,,,,60.0,"white, non-hispanic","white, non-hispanic","White, Non-Hispanic",no (not latino or hispanic),white
736583,60912,,,"$7,500 to $9,999",associate degree,,,3,Low,Some college,,3,,,,,,,,"white, non-hispanic",hispanic,,,
737741,6180,6180.0,6180.0,"$40,000 to $49,999",high school graduate - high school diploma or the equivalent (ged),hs graduate or ged,we earned about the same amount,11,Middle,HS,HS,2,2.0,Same education level,,,,,59.0,"white, non-hispanic","white, non-hispanic","White, Non-Hispanic",no (not latino or hispanic),white
738561,67576,67576.0,67576.0,"$20,000 to $24,999",10th grade,9th grade,partner earned more,7,Low,Less than HS,Less than HS,1,1.0,Same education level,,,,,13.0,"white, non-hispanic","white, non-hispanic",,no (not latino or hispanic),white
739585,53219,,,"$40,000 to $49,999",associate degree,,,11,Middle,Some college,,3,,,,,,,,"white, non-hispanic","white, non-hispanic",,,
740205,107958,107958.0,107958.0,"$40,000 to $49,999",11th grade,10th grade,partner earned more,11,Middle,Less than HS,Less than HS,1,1.0,Same education level,no,we broke up,,,6.0,"white, non-hispanic","white, non-hispanic","White, Non-Hispanic",no (not latino or hispanic),white
741351,41547,41547.0,41547.0,"$85,000 to $99,999",bachelors degree,master's degree,i earned more,15,High,Bachelor's+,Bachelor's+,4,4.0,Same education level,,,,,5.0,"white, non-hispanic","white, non-hispanic","White, Non-Hispanic",no (not latino or hispanic),white
742246,77609,77609.0,77609.0,"$60,000 to $74,999",bachelors degree,bachelor's degree,partner earned more,13,Middle,Bachelor's+,Bachelor's+,4,4.0,Same education level,yes,,,,8.0,"white, non-hispanic","white, non-hispanic","White, Non-Hispanic",no (not latino or hispanic),white
743505,55835,,,"$30,000 to $34,999","some college, no degree",,,9,Low,Some college,,3,,,,,,,,"white, non-hispanic","white, non-hispanic",,,
744391,69653,69653.0,69653.0,"$20,000 to $24,999",high school graduate - high school diploma or the equivalent (ged),hs graduate or ged,partner earned more,7,Low,HS,HS,2,2.0,Same education level,,,,,21.0,"white, non-hispanic","white, non-hispanic",,no (not latino or hispanic),white
745435,54121,54121.0,54121.0,"$100,000 to $124,999",masters degree,master's degree,i earned more,16,High,Bachelor's+,Bachelor's+,4,4.0,Same education level,yes,,,,,"white, non-hispanic","white, non-hispanic","White, Non-Hispanic",no (not latino or hispanic),black or african american
746481,20905,20905.0,20905.0,"$40,000 to $49,999",high school graduate - high school diploma or the equivalent (ged),master's degree,partner earned more,11,Middle,HS,Bachelor's+,2,4.0,Partner higher,,,,,33.0,"white, non-hispanic","white, non-hispanic",,no (not latino or hispanic),white
747281,48137,48137.0,48137.0,"$100,000 to $124,999",bachelors degree,bachelor's degree,i earned more,16,High,Bachelor's+,Bachelor's+,4,4.0,Same education level,,,,,7.0,"white, non-hispanic","white, non-hispanic",,no (not latino or hispanic),white
748371,118133,118133.0,118133.0,"$85,000 to $99,999",high school graduate - high school diploma or the equivalent (ged),bachelor's degree,i earned more,15,High,HS,Bachelor's+,2,4.0,Partner higher,,,,,13.0,hispanic,hispanic,Hispanic,no (not latino or hispanic),white
749566,1390,1390.0,1390.0,"$150,000 to $174,999",masters degree,master's degree,i earned more,18,High,Bachelor's+,Bachelor's+,4,4.0,Same education level,yes,,yes,,9.0,"white, non-hispanic","white, non-hispanic","White, Non-Hispanic",no (not latino or hispanic),white
750561,54127,54127.0,54127.0,"$40,000 to $49,999",high school graduate - high school diploma or the equivalent (ged),associate degree,partner earned more,11,Middle,HS,Some college,2,3.0,Partner higher,,,,,38.0,"white, non-hispanic","white, non-hispanic","White, Non-Hispanic",no (not latino or hispanic),white
752271,65411,65411.0,65411.0,"$50,000 to $59,999","some college, no degree","some college, no degree",partner earned more,12,Middle,Some college,Some college,3,3.0,Same education level,,,,,8.0,"white, non-hispanic","white, non-hispanic",,no (not latino or hispanic),black or african american
753792,64125,,,"$10,000 to $12,499",high school graduate - high school diploma or the equivalent (ged),,,4,Low,HS,,2,,,,,,,,"white, non-hispanic","white, non-hispanic",,,
754281,54327,54327.0,54327.0,"$35,000 to $39,999",bachelors degree,bachelor's degree,partner earned more,10,Low,Bachelor's+,Bachelor's+,4,4.0,Same education level,,,,,10.0,"white, non-hispanic","white, non-hispanic","White, Non-Hispanic",no (not latino or hispanic),white
755501,40404,40404.0,40404.0,"$60,000 to $74,999",high school graduate - high school diploma or the equivalent (ged),"some college, no degree",partner earned more,13,Middle,HS,Some college,2,3.0,Partner higher,,,,,20.0,"white, non-hispanic","white, non-hispanic","White, Non-Hispanic",no (not latino or hispanic),white
756296,23651,23651.0,23651.0,"$35,000 to $39,999","some college, no degree",hs graduate or ged,partner earned more,10,Low,Some college,HS,3,2.0,Respondent higher,yes,,yes,,9.0,hispanic,hispanic,Hispanic,no (not latino or hispanic),white
757562,62647,,,"$10,000 to $12,499",11th grade,,,4,Low,Less than HS,,1,,,,,,,,"white, non-hispanic","white, non-hispanic","White, Non-Hispanic",,
758456,4060,4060.0,4060.0,"$60,000 to $74,999","some college, no degree",12th grade no diploma,i earned more,13,Middle,Some college,Less than HS,3,1.0,Respondent higher,yes,,yes,,21.0,"black, non-hispanic","black, non-hispanic","Black, Non-Hispanic",no (not latino or hispanic),black or african american
760933,65071,,,"$25,000 to $29,999","some college, no degree",,,8,Low,Some college,,3,,,,,,,,"white, non-hispanic","white, non-hispanic",,,
761391,50555,50555.0,50555.0,"$40,000 to $49,999",professional or doctorate degree,master's degree,i earned more,11,Middle,Bachelor's+,Bachelor's+,4,4.0,Same education level,,,,,11.0,"white, non-hispanic","white, non-hispanic","White, Non-Hispanic",no (not latino or hispanic),white
762205,145467,145467.0,145467.0,"$85,000 to $99,999",bachelors degree,bachelor's degree,partner earned more,15,High,Bachelor's+,Bachelor's+,4,4.0,Same education level,,,,,1.5,"other, non-hispanic","other, non-hispanic","Other, Non-Hispanic",no (not latino or hispanic),asian or pacific islander
764225,31464,,,"$125,000 to $149,999",bachelors degree,,,17,High,Bachelor's+,,4,,,,,,,,"white, non-hispanic","white, non-hispanic","White, Non-Hispanic",,
766663,88834,,,"$25,000 to $29,999",high school graduate - high school diploma or the equivalent (ged),,,8,Low,HS,,2,,,,,,,,"white, non-hispanic","white, non-hispanic","White, Non-Hispanic",,
767351,73389,73389.0,73389.0,"$100,000 to $124,999",bachelors degree,associate degree,partner earned more,16,High,Bachelor's+,Some college,4,3.0,Respondent higher,,,,,14.0,"white, non-hispanic","white, non-hispanic","White, Non-Hispanic",no (not latino or hispanic),white
768371,37221,37221.0,37221.0,"$50,000 to $59,999",masters degree,bachelor's degree,i earned more,12,Middle,Bachelor's+,Bachelor's+,4,4.0,Same education level,,,,,13.0,"white, non-hispanic","white, non-hispanic","White, Non-Hispanic",no (not latino or hispanic),white
769435,91523,,,"$40,000 to $49,999",high school graduate - high school diploma or the equivalent (ged),,,11,Middle,HS,,2,,,,,,,,"white, non-hispanic","white, non-hispanic",,,
770235,24869,,,"$85,000 to $99,999",associate degree,,,15,High,Some college,,3,,,,,,,,"white, non-hispanic","white, non-hispanic",,,
771351,65495,65495.0,65495.0,"$85,000 to $99,999",bachelors degree,bachelor's degree,partner earned more,15,High,Bachelor's+,Bachelor's+,4,4.0,Same education level,,,,,16.0,"white, non-hispanic","white, non-hispanic",,no (not latino or hispanic),white
772291,71519,71519.0,71519.0,"$40,000 to $49,999",associate degree,bachelor's degree,i earned more,11,Middle,Some college,Bachelor's+,3,4.0,Partner higher,,,,,13.0,"white, non-hispanic","white, non-hispanic","White, Non-Hispanic",no (not latino or hispanic),white
773351,63611,63611.0,63611.0,"$60,000 to $74,999","some college, no degree",associate degree,i earned more,13,Middle,Some college,Some college,3,3.0,Same education level,,,,,18.0,"black, non-hispanic","black, non-hispanic","Black, Non-Hispanic",no (not latino or hispanic),black or african american
774401,45162,45162.0,45162.0,"$35,000 to $39,999","some college, no degree",hs graduate or ged,partner earned more,10,Low,Some college,HS,3,2.0,Respondent higher,,,,,10.0,"black, non-hispanic","black, non-hispanic","Black, Non-Hispanic",no (not latino or hispanic),black or african american
775703,67389,67389.0,67389.0,"$12,500 to $14,999",11th grade,10th grade,i earned more,5,Low,Less than HS,Less than HS,1,1.0,Same education level,yes,,yes,,4.0,"white, non-hispanic","white, non-hispanic","White, Non-Hispanic",no (not latino or hispanic),white
776643,23524,,,"$10,000 to $12,499","some college, no degree",,,4,Low,Some college,,3,,,,,,,,"white, non-hispanic","2+ races, non-hispanic","White, Non-Hispanic",,
777281,43272,43272.0,43272.0,"$20,000 to $24,999","some college, no degree","some college, no degree",partner earned more,7,Low,Some college,Some college,3,3.0,Same education level,,,,,7.0,"white, non-hispanic","white, non-hispanic","White, Non-Hispanic",no (not latino or hispanic),white
778421,11400,11400.0,11400.0,"$150,000 to $174,999",bachelors degree,bachelor's degree,partner earned more,18,High,Bachelor's+,Bachelor's+,4,4.0,Same education level,,,,,23.0,"2+ races, non-hispanic","white, non-hispanic","White, Non-Hispanic",no (not latino or hispanic),white
779623,61273,,,"$20,000 to $24,999",masters degree,,,7,Low,Bachelor's+,,4,,,,,,,,"white, non-hispanic","white, non-hispanic","White, Non-Hispanic",,
780753,4021,4021.0,4021.0,"$35,000 to $39,999",9th grade,"some college, no degree",partner earned more,10,Low,Less than HS,Some college,1,3.0,Partner higher,yes,,yes,,26.0,"white, non-hispanic","white, non-hispanic","White, Non-Hispanic",no (not latino or hispanic),white
781615,2635,2635.0,2635.0,"$175,000 or more",professional or doctorate degree,professional or doctorate degree,i earned more,19,High,Bachelor's+,Bachelor's+,4,4.0,Same education level,yes,,yes,,21.0,"white, non-hispanic","white, non-hispanic","White, Non-Hispanic",no (not latino or hispanic),white
782861,74608,74608.0,74608.0,"$50,000 to $59,999",bachelors degree,"some college, no degree",partner earned more,12,Middle,Bachelor's+,Some college,4,3.0,Respondent higher,,,,,60.0,"white, non-hispanic","white, non-hispanic",,no (not latino or hispanic),white
784651,39406,39406.0,39406.0,"$50,000 to $59,999",high school graduate - high school diploma or the equivalent (ged),hs graduate or ged,i earned more,12,Middle,HS,HS,2,2.0,Same education level,,,,,44.0,"white, non-hispanic","white, non-hispanic","White, Non-Hispanic",no (not latino or hispanic),white
786215,62036,62036.0,62036.0,"$25,000 to $29,999",high school graduate - high school diploma or the equivalent (ged),"some college, no degree",i earned more,8,Low,HS,Some college,2,3.0,Partner higher,yes,,yes,,7.0,"other, non-hispanic","other, non-hispanic","Other, Non-Hispanic","yes, mexican, mexican american, chicano",other (please specify)
787561,37983,37983.0,37983.0,"$100,000 to $124,999","some college, no degree",bachelor's degree,we earned about the same amount,16,High,Some college,Bachelor's+,3,4.0,Partner higher,,,,,5.0,"white, non-hispanic","white, non-hispanic","White, Non-Hispanic",no (not latino or hispanic),white
788331,51849,51849.0,51849.0,"$50,000 to $59,999",associate degree,bachelor's degree,partner earned more,12,Middle,Some college,Bachelor's+,3,4.0,Partner higher,,,,,11.0,"white, non-hispanic","white, non-hispanic","White, Non-Hispanic",no (not latino or hispanic),white
789391,121256,121256.0,121256.0,"$75,000 to $84,999",bachelors degree,associate degree,i earned more,14,High,Bachelor's+,Some college,4,3.0,Respondent higher,,,,,18.0,"white, non-hispanic","white, non-hispanic","White, Non-Hispanic",no (not latino or hispanic),white
790595,9488,9488.0,9488.0,"$10,000 to $12,499","some college, no degree",12th grade no diploma,partner earned more,4,Low,Some college,Less than HS,3,1.0,Respondent higher,no,we broke up,,,31.0,"black, non-hispanic","black, non-hispanic","Black, Non-Hispanic","yes, puerto rican",other (please specify)
791225,61681,61681.0,61681.0,"$60,000 to $74,999","some college, no degree","some college, no degree",we earned about the same amount,13,Middle,Some college,Some college,3,3.0,Same education level,no,we broke up,,,6.0,"white, non-hispanic","white, non-hispanic","White, Non-Hispanic",no (not latino or hispanic),white
792573,36700,36700.0,36700.0,"$12,500 to $14,999",high school graduate - high school diploma or the equivalent (ged),associate degree,partner earned more,5,Low,HS,Some college,2,3.0,Partner higher,,,,,11.0,"white, non-hispanic","white, non-hispanic",,"yes, puerto rican",asian or pacific islander
793436,5138,5138.0,5138.0,"$75,000 to $84,999","some college, no degree","some college, no degree",i earned more,14,High,Some college,Some college,3,3.0,Same education level,,,,,7.0,"white, non-hispanic",,,no (not latino or hispanic),white
794276,46354,46354.0,46354.0,"$60,000 to $74,999",associate degree,"some college, no degree",partner earned more,13,Middle,Some college,Some college,3,3.0,Same education level,yes,,yes,,4.0,"white, non-hispanic","white, non-hispanic","White, Non-Hispanic",no (not latino or hispanic),white
795475,11400,,,"$10,000 to $12,499",masters degree,,,4,Low,Bachelor's+,,4,,,,,,,,"2+ races, non-hispanic","2+ races, non-hispanic","2+ Races, Non-Hispanic",,
797421,58046,58046.0,58046.0,"$100,000 to $124,999",bachelors degree,master's degree,i earned more,16,High,Bachelor's+,Bachelor's+,4,4.0,Same education level,,,,,9.0,"white, non-hispanic","white, non-hispanic","White, Non-Hispanic",no (not latino or hispanic),white
798543,44211,44211.0,44211.0,"$15,000 to $19,999",bachelors degree,bachelor's degree,partner earned more,6,Low,Bachelor's+,Bachelor's+,4,4.0,Same education level,yes,,no,"[xNameP] passed away, is deceased",0.75,"white, non-hispanic","white, non-hispanic","White, Non-Hispanic",no (not latino or hispanic),white
799451,264379,264379.0,264379.0,"$75,000 to $84,999",5th or 6th grade,associate degree,partner earned more,14,High,Less than HS,Some college,1,3.0,Partner higher,,,,,,hispanic,hispanic,Hispanic,"yes, other latino/hispanic",other (please specify)
800531,264379,264379.0,264379.0,"$25,000 to $29,999",7th or 8th grade,5th or 6th grade,partner earned more,8,Low,Less than HS,Less than HS,1,1.0,Same education level,,,,,32.0,"other, non-hispanic","other, non-hispanic",,no (not latino or hispanic),"american indian, aleut, or eskimo"
801583,88686,,,"$5,000 to $7,499",associate degree,,,2,Low,Some college,,3,,,,,,,,"black, non-hispanic","black, non-hispanic",,,
802475,3733,,,"$40,000 to $49,999",masters degree,,,11,Middle,Bachelor's+,,4,,,,,,,,"white, non-hispanic","white, non-hispanic","White, Non-Hispanic",,
803573,30761,30761.0,30761.0,"$50,000 to $59,999","some college, no degree",associate degree,i earned more,12,Middle,Some college,Some college,3,3.0,Same education level,yes,,,,4.0,"white, non-hispanic","white, non-hispanic","White, Non-Hispanic",no (not latino or hispanic),white
805546,120118,120118.0,120118.0,"$25,000 to $29,999",associate degree,hs graduate or ged,i earned more,8,Low,Some college,HS,3,2.0,Respondent higher,yes,,yes,,2.5,"white, non-hispanic","white, non-hispanic","White, Non-Hispanic",no (not latino or hispanic),white
806551,2863,2863.0,2863.0,"$75,000 to $84,999",masters degree,master's degree,partner earned more,14,High,Bachelor's+,Bachelor's+,4,4.0,Same education level,,,,,36.0,"white, non-hispanic","white, non-hispanic",,no (not latino or hispanic),white
808583,40346,40346.0,40346.0,"$35,000 to $39,999",associate degree,hs graduate or ged,we earned about the same amount,10,Low,Some college,HS,3,2.0,Respondent higher,yes,,no,Other (please describe),1.5,"white, non-hispanic","white, non-hispanic",,no (not latino or hispanic),white
809281,56786,56786.0,56786.0,"$85,000 to $99,999",bachelors degree,master's degree,partner earned more,15,High,Bachelor's+,Bachelor's+,4,4.0,Same education level,,,,,8.0,"white, non-hispanic","white, non-hispanic",,no (not latino or hispanic),white
810426,64540,64540.0,64540.0,"$60,000 to $74,999",high school graduate - high school diploma or the equivalent (ged),associate degree,we earned about the same amount,13,Middle,HS,Some college,2,3.0,Partner higher,yes,,yes,,4.0,"white, non-hispanic","white, non-hispanic","White, Non-Hispanic","yes, other latino/hispanic",other (please specify)
811741,23895,23895.0,23895.0,"$40,000 to $49,999",10th grade,hs graduate or ged,i earned more,11,Middle,Less than HS,HS,1,2.0,Partner higher,,,,,54.0,"white, non-hispanic","white, non-hispanic","White, Non-Hispanic",no (not latino or hispanic),white
812613,1490,,,"$50,000 to $59,999",bachelors degree,,,12,Middle,Bachelor's+,,4,,,,,,,,"white, non-hispanic","white, non-hispanic","White, Non-Hispanic",,
813506,2736,2736.0,2736.0,"$100,000 to $124,999","some college, no degree",master's degree,i earned more,16,High,Some college,Bachelor's+,3,4.0,Partner higher,,,,,10.0,"white, non-hispanic","white, non-hispanic","White, Non-Hispanic",no (not latino or hispanic),white
814822,21057,,,"$30,000 to $34,999",high school graduate - high school diploma or the equivalent (ged),,,9,Low,HS,,2,,,,,,,,"2+ races, non-hispanic","white, non-hispanic",,,
815575,69393,,,"$35,000 to $39,999",associate degree,,,10,Low,Some college,,3,,,,,,,,"white, non-hispanic","white, non-hispanic","White, Non-Hispanic",,
816456,3023,3023.0,3023.0,"$100,000 to $124,999",masters degree,bachelor's degree,partner earned more,16,High,Bachelor's+,Bachelor's+,4,4.0,Same education level,yes,,yes,,7.0,"other, non-hispanic","other, non-hispanic","Other, Non-Hispanic",no (not latino or hispanic),white
817691,90534,90534.0,90534.0,"$50,000 to $59,999","some college, no degree","some college, no degree",partner earned more,12,Middle,Some college,Some college,3,3.0,Same education level,,,,,48.0,hispanic,hispanic,,no (not latino or hispanic),white
818301,52481,52481.0,52481.0,"$60,000 to $74,999",high school graduate - high school diploma or the equivalent (ged),master's degree,i earned more,13,Middle,HS,Bachelor's+,2,4.0,Partner higher,,,,,13.0,"white, non-hispanic","white, non-hispanic","White, Non-Hispanic",no (not latino or hispanic),white
819481,143981,143981.0,143981.0,"$50,000 to $59,999",high school graduate - high school diploma or the equivalent (ged),associate degree,i earned more,12,Middle,HS,Some college,2,3.0,Partner higher,,,,,23.0,"white, non-hispanic","white, non-hispanic","White, Non-Hispanic",no (not latino or hispanic),white
820666,739,739.0,739.0,"$75,000 to $84,999","some college, no degree","some college, no degree",partner earned more,14,High,Some college,Some college,3,3.0,Same education level,yes,,yes,,28.0,"white, non-hispanic","white, non-hispanic","White, Non-Hispanic","yes, mexican, mexican american, chicano",white
821611,55870,55870.0,55870.0,"$5,000 to $7,499",7th or 8th grade,12th grade no diploma,we earned about the same amount,2,Low,Less than HS,Less than HS,1,1.0,Same education level,,,,,41.0,"white, non-hispanic",,,no (not latino or hispanic),white
822235,49040,,,"$10,000 to $12,499","some college, no degree",,,4,Low,Some college,,3,,,,,,,,"white, non-hispanic","white, non-hispanic",,,
824713,62931,,,"$5,000 to $7,499",bachelors degree,,,2,Low,Bachelor's+,,4,,,,,,,,"white, non-hispanic","white, non-hispanic","White, Non-Hispanic",,
825281,62289,62289.0,62289.0,"$25,000 to $29,999","some college, no degree","some college, no degree",partner earned more,8,Low,Some college,Some college,3,3.0,Same education level,,,,,7.0,"white, non-hispanic","white, non-hispanic","White, Non-Hispanic",no (not latino or hispanic),white
826486,81858,81858.0,81858.0,"$15,000 to $19,999","some college, no degree",hs graduate or ged,we earned about the same amount,6,Low,Some college,HS,3,2.0,Respondent higher,yes,,no,Other (please describe),2.5,"white, non-hispanic","white, non-hispanic","White, Non-Hispanic",no (not latino or hispanic),white
827952,72705,72705.0,72705.0,"$25,000 to $29,999",professional or doctorate degree,bachelor's degree,refused,8,Low,Bachelor's+,Bachelor's+,4,4.0,Same education level,,,,,69.0,"white, non-hispanic","white, non-hispanic","White, Non-Hispanic",no (not latino or hispanic),white
828286,157327,157327.0,157327.0,"$40,000 to $49,999","some college, no degree",hs graduate or ged,partner earned more,11,Middle,Some college,HS,3,2.0,Respondent higher,,,,,11.0,"white, non-hispanic","white, non-hispanic","White, Non-Hispanic",no (not latino or hispanic),white
829216,59353,59353.0,59353.0,"$15,000 to $19,999",associate degree,"some college, no degree",partner earned more,6,Low,Some college,Some college,3,3.0,Same education level,no,we broke up,,,2.5,"white, non-hispanic","white, non-hispanic","White, Non-Hispanic",no (not latino or hispanic),white
830551,30783,30783.0,30783.0,"$50,000 to $59,999",high school graduate - high school diploma or the equivalent (ged),11th grade,we earned about the same amount,12,Middle,HS,Less than HS,2,1.0,Respondent higher,,,,,17.0,"white, non-hispanic","white, non-hispanic","White, Non-Hispanic",no (not latino or hispanic),white
831431,46576,46576.0,46576.0,"$75,000 to $84,999",12th grade no diploma,11th grade,refused,14,High,Less than HS,Less than HS,1,1.0,Same education level,,,,,22.0,hispanic,hispanic,Hispanic,"yes, mexican, mexican american, chicano",white
832551,157612,157612.0,157612.0,"$50,000 to $59,999",7th or 8th grade,hs graduate or ged,partner earned more,12,Middle,Less than HS,HS,1,2.0,Partner higher,,,,,23.0,"other, non-hispanic","other, non-hispanic","Other, Non-Hispanic",no (not latino or hispanic),white
833543,79885,,,"$7,500 to $9,999","some college, no degree",,,3,Low,Some college,,3,,,,,,,,hispanic,hispanic,Hispanic,,
834531,136261,136261.0,136261.0,"$20,000 to $24,999",11th grade,"some college, no degree",partner earned more,7,Low,Less than HS,Some college,1,3.0,Partner higher,,,,,37.0,"white, non-hispanic","white, non-hispanic","White, Non-Hispanic",no (not latino or hispanic),white
836491,264379,264379.0,264379.0,"$35,000 to $39,999",high school graduate - high school diploma or the equivalent (ged),associate degree,partner earned more,10,Low,HS,Some college,2,3.0,Partner higher,yes,,,,7.0,"black, non-hispanic","black, non-hispanic","Black, Non-Hispanic",no (not latino or hispanic),black or african american
837215,72953,72953.0,72953.0,"$50,000 to $59,999","some college, no degree","some college, no degree",partner earned more,12,Middle,Some college,Some college,3,3.0,Same education level,yes,,no,We broke up,0.75,"white, non-hispanic","white, non-hispanic","White, Non-Hispanic",no (not latino or hispanic),white
838523,2292,2292.0,2292.0,"$30,000 to $34,999",bachelors degree,associate degree,partner earned more,9,Low,Bachelor's+,Some college,4,3.0,Respondent higher,yes,,yes,,2.5,"white, non-hispanic","white, non-hispanic","White, Non-Hispanic",no (not latino or hispanic),white
839386,2080,2080.0,2080.0,"$40,000 to $49,999","some college, no degree","some college, no degree",partner earned more,11,Middle,Some college,Some college,3,3.0,Same education level,yes,,yes,,9.0,"black, non-hispanic","2+ races, non-hispanic","2+ Races, Non-Hispanic",no (not latino or hispanic),black or african american
840205,71560,71560.0,71560.0,"$30,000 to $34,999",high school graduate - high school diploma or the equivalent (ged),"some college, no degree",partner earned more,9,Low,HS,Some college,2,3.0,Partner higher,no,we broke up,,,0.45,"white, non-hispanic","white, non-hispanic","White, Non-Hispanic",no (not latino or hispanic),white
841581,40624,40624.0,40624.0,"$50,000 to $59,999","some college, no degree",bachelor's degree,partner earned more,12,Middle,Some college,Bachelor's+,3,4.0,Partner higher,,,,,41.0,"black, non-hispanic","black, non-hispanic",,no (not latino or hispanic),black or african american
842195,65971,65971.0,65971.0,"$125,000 to $149,999",high school graduate - high school diploma or the equivalent (ged),hs graduate or ged,i earned more,17,High,HS,HS,2,2.0,Same education level,yes,,yes,,1.5,"white, non-hispanic","white, non-hispanic","White, Non-Hispanic",no (not latino or hispanic),white
843215,65410,65410.0,65410.0,"$100,000 to $124,999","some college, no degree","some college, no degree",i earned more,16,High,Some college,Some college,3,3.0,Same education level,,,no,We broke up,0.15,"white, non-hispanic",,,no (not latino or hispanic),white
844645,9001,,,"$10,000 to $12,499",masters degree,,,4,Low,Bachelor's+,,4,,,,,,,,"white, non-hispanic","white, non-hispanic","White, Non-Hispanic",,
845465,108377,,,"$15,000 to $19,999","some college, no degree",,,6,Low,Some college,,3,,,,,,,,"black, non-hispanic","black, non-hispanic","Black, Non-Hispanic",,
846681,12634,12634.0,12634.0,"$60,000 to $74,999",high school graduate - high school diploma or the equivalent (ged),"some college, no degree",partner earned more,13,Middle,HS,Some college,2,3.0,Partner higher,,,,,24.0,"2+ races, non-hispanic","white, non-hispanic",,no (not latino or hispanic),white
847471,72550,72550.0,72550.0,"$85,000 to $99,999",high school graduate - high school diploma or the equivalent (ged),hs graduate or ged,i earned more,15,High,HS,HS,2,2.0,Same education level,,,,,18.0,"white, non-hispanic","white, non-hispanic","White, Non-Hispanic",no (not latino or hispanic),white
848275,71380,,,"$125,000 to $149,999",professional or doctorate degree,,,17,High,Bachelor's+,,4,,,,,,,,"black, non-hispanic","black, non-hispanic","Black, Non-Hispanic",,
849591,40136,40136.0,40136.0,"$15,000 to $19,999",high school graduate - high school diploma or the equivalent (ged),hs graduate or ged,partner earned more,6,Low,HS,HS,2,2.0,Same education level,,,,,10.0,"white, non-hispanic","white, non-hispanic","White, Non-Hispanic",no (not latino or hispanic),white
850621,1883,1883.0,1883.0,"$10,000 to $12,499",masters degree,associate degree,partner earned more,4,Low,Bachelor's+,Some college,4,3.0,Respondent higher,,,,,34.0,"other, non-hispanic","other, non-hispanic","White, Non-Hispanic",no (not latino or hispanic),white
851405,29025,,,"$100,000 to $124,999",masters degree,,,16,High,Bachelor's+,,4,,,,,,,,"black, non-hispanic","black, non-hispanic","Black, Non-Hispanic",,
852291,63733,63733.0,63733.0,"$85,000 to $99,999","some college, no degree",associate degree,i earned more,15,High,Some college,Some college,3,3.0,Same education level,,,,,5.0,"white, non-hispanic","white, non-hispanic",,no (not latino or hispanic),white
853265,52750,,,"$40,000 to $49,999",associate degree,,,11,Middle,Some college,,3,,,,,,,,"white, non-hispanic","white, non-hispanic",,,
854321,128239,128239.0,128239.0,"$20,000 to $24,999",high school graduate - high school diploma or the equivalent (ged),hs graduate or ged,i earned more,7,Low,HS,HS,2,2.0,Same education level,,,,,2.5,hispanic,hispanic,Hispanic,no (not latino or hispanic),white
855291,264379,264379.0,264379.0,"$30,000 to $34,999",high school graduate - high school diploma or the equivalent (ged),11th grade,partner earned more,9,Low,HS,Less than HS,2,1.0,Respondent higher,,,,,13.0,"white, non-hispanic","white, non-hispanic",,no (not latino or hispanic),white
857421,2575,2575.0,2575.0,"$40,000 to $49,999","some college, no degree",11th grade,partner earned more,11,Middle,Some college,Less than HS,3,1.0,Respondent higher,,,,,13.0,"white, non-hispanic","white, non-hispanic","White, Non-Hispanic","yes, mexican, mexican american, chicano",other (please specify)
859443,46241,,,"$75,000 to $84,999",professional or doctorate degree,,,14,High,Bachelor's+,,4,,,,,,,,"white, non-hispanic","white, non-hispanic","White, Non-Hispanic",,
860495,3445,3445.0,3445.0,"$40,000 to $49,999",masters degree,bachelor's degree,i earned more,11,Middle,Bachelor's+,Bachelor's+,4,4.0,Same education level,yes,,yes,,25.0,"white, non-hispanic","white, non-hispanic","White, Non-Hispanic",no (not latino or hispanic),white
862571,26455,,,"$60,000 to $74,999",12th grade no diploma,,,13,Middle,Less than HS,,1,,,,,,,,"2+ races, non-hispanic","white, non-hispanic",,,
863321,3143,3143.0,3143.0,"$35,000 to $39,999","some college, no degree",hs graduate or ged,partner earned more,10,Low,Some college,HS,3,2.0,Respondent higher,,,,,14.0,"white, non-hispanic","white, non-hispanic","White, Non-Hispanic","yes, other latino/hispanic",white
864491,37713,37713.0,37713.0,"$50,000 to $59,999",high school graduate - high school diploma or the equivalent (ged),hs graduate or ged,partner earned more,12,Middle,HS,HS,2,2.0,Same education level,,,,,30.0,"white, non-hispanic","white, non-hispanic",,no (not latino or hispanic),white
865761,72023,72023.0,72023.0,"$25,000 to $29,999",high school graduate - high school diploma or the equivalent (ged),hs graduate or ged,partner earned more,8,Low,HS,HS,2,2.0,Same education level,,,,,58.0,"white, non-hispanic","white, non-hispanic",,no (not latino or hispanic),white
866281,70341,70341.0,70341.0,"$100,000 to $124,999","some college, no degree",hs graduate or ged,we earned about the same amount,16,High,Some college,HS,3,2.0,Respondent higher,,,,,9.0,"white, non-hispanic","white, non-hispanic","White, Non-Hispanic",no (not latino or hispanic),white
867591,43285,43285.0,43285.0,"$100,000 to $124,999",11th grade,"some college, no degree",partner earned more,16,High,Less than HS,Some college,1,3.0,Partner higher,,,,,42.0,"white, non-hispanic","white, non-hispanic",,no (not latino or hispanic),white
869435,24839,,,"$12,500 to $14,999","some college, no degree",,,5,Low,Some college,,3,,,,,,,,"2+ races, non-hispanic","2+ races, non-hispanic",,,
870281,66434,66434.0,66434.0,"$30,000 to $34,999",associate degree,"some college, no degree",partner earned more,9,Low,Some college,Some college,3,3.0,Same education level,,,,,13.0,"white, non-hispanic","white, non-hispanic","White, Non-Hispanic",no (not latino or hispanic),black or african american
871691,103179,103179.0,103179.0,"$15,000 to $19,999",10th grade,9th grade,partner earned more,6,Low,Less than HS,Less than HS,1,1.0,Same education level,,,,,53.0,"white, non-hispanic","white, non-hispanic","White, Non-Hispanic",no (not latino or hispanic),white
872215,57844,57844.0,57844.0,"$85,000 to $99,999",high school graduate - high school diploma or the equivalent (ged),bachelor's degree,partner earned more,15,High,HS,Bachelor's+,2,4.0,Partner higher,no,we broke up,,,1.5,"white, non-hispanic","white, non-hispanic","White, Non-Hispanic",no (not latino or hispanic),white
873623,60426,60426.0,60426.0,"$12,500 to $14,999",high school graduate - high school diploma or the equivalent (ged),hs graduate or ged,we earned about the same amount,5,Low,HS,HS,2,2.0,Same education level,no,we broke up,,,14.0,"black, non-hispanic","black, non-hispanic",,no (not latino or hispanic),black or african american
874205,93023,,,"$125,000 to $149,999",high school graduate - high school diploma or the equivalent (ged),,,17,High,HS,,2,,,,,,,,"white, non-hispanic","white, non-hispanic","White, Non-Hispanic",,
875485,76228,76228.0,76228.0,"$5,000 to $7,499","some college, no degree",associate degree,partner earned more,2,Low,Some college,Some college,3,3.0,Same education level,no,we broke up,,,4.0,"white, non-hispanic","white, non-hispanic","White, Non-Hispanic",no (not latino or hispanic),white
876325,939,,,"$40,000 to $49,999",masters degree,,,11,Middle,Bachelor's+,,4,,,,,,,,"2+ races, non-hispanic","other, non-hispanic","2+ Races, Non-Hispanic",,
877525,73668,73668.0,73668.0,"$25,000 to $29,999","some college, no degree","some college, no degree",we earned about the same amount,8,Low,Some college,Some college,3,3.0,Same education level,yes,,no,Other (please describe),2.5,"black, non-hispanic","black, non-hispanic",,no (not latino or hispanic),black or african american
878321,4201,4201.0,4201.0,"$30,000 to $34,999",masters degree,"some college, no degree",i earned more,9,Low,Bachelor's+,Some college,4,3.0,Respondent higher,,,,,4.0,"black, non-hispanic","black, non-hispanic","Black, Non-Hispanic",no (not latino or hispanic),white
879303,53752,53752.0,53752.0,"$5,000 to $7,499",high school graduate - high school diploma or the equivalent (ged),"some college, no degree",partner earned more,2,Low,HS,Some college,2,3.0,Partner higher,no,we broke up,,,0.15,hispanic,hispanic,Hispanic,"yes, mexican, mexican american, chicano",refused
880235,62446,,,"$20,000 to $24,999","some college, no degree",,,7,Low,Some college,,3,,,,,,,,"white, non-hispanic","white, non-hispanic","White, Non-Hispanic",,
881325,2668,2668.0,2668.0,"$50,000 to $59,999",bachelors degree,bachelor's degree,i earned more,12,Middle,Bachelor's+,Bachelor's+,4,4.0,Same education level,,,,,2.5,"white, non-hispanic","white, non-hispanic",,no (not latino or hispanic),white
882515,51807,,,"$50,000 to $59,999",bachelors degree,,,12,Middle,Bachelor's+,,4,,,,,,,,"white, non-hispanic","white, non-hispanic",,,
883411,106635,106635.0,106635.0,"$85,000 to $99,999",high school graduate - high school diploma or the equivalent (ged),"some college, no degree",partner earned more,15,High,HS,Some college,2,3.0,Partner higher,,,,,23.0,hispanic,hispanic,Hispanic,no (not latino or hispanic),black or african american
884575,2268,,,"$75,000 to $84,999",bachelors degree,,,14,High,Bachelor's+,,4,,,,,,,,"white, non-hispanic","white, non-hispanic","White, Non-Hispanic",,
885511,95272,95272.0,95272.0,"$40,000 to $49,999",11th grade,hs graduate or ged,partner earned more,11,Middle,Less than HS,HS,1,2.0,Partner higher,,,,,34.0,"white, non-hispanic","white, non-hispanic",,no (not latino or hispanic),white
886295,99368,99368.0,99368.0,"$20,000 to $24,999",10th grade,hs graduate or ged,partner earned more,7,Low,Less than HS,HS,1,2.0,Partner higher,,,,,0.15,"white, non-hispanic","white, non-hispanic",,no (not latino or hispanic),white
887421,106667,106667.0,106667.0,"$35,000 to $39,999",high school graduate - high school diploma or the equivalent (ged),"some college, no degree",i earned more,10,Low,HS,Some college,2,3.0,Partner higher,,,,,26.0,"white, non-hispanic","white, non-hispanic","White, Non-Hispanic",no (not latino or hispanic),white
888391,80722,80722.0,80722.0,"$125,000 to $149,999",associate degree,master's degree,i earned more,17,High,Some college,Bachelor's+,3,4.0,Partner higher,,,,,9.0,"white, non-hispanic","white, non-hispanic",,no (not latino or hispanic),white
889295,118377,118377.0,118377.0,"$40,000 to $49,999",professional or doctorate degree,"some college, no degree",i earned more,11,Middle,Bachelor's+,Some college,4,3.0,Respondent higher,yes,,no,We broke up,1.5,"other, non-hispanic","other, non-hispanic","Other, Non-Hispanic",no (not latino or hispanic),white
890553,53855,,,"$15,000 to $19,999",12th grade no diploma,,,6,Low,Less than HS,,1,,,,,,,,"white, non-hispanic","white, non-hispanic","White, Non-Hispanic",,
891551,41297,41297.0,41297.0,"$100,000 to $124,999",masters degree,master's degree,i earned more,16,High,Bachelor's+,Bachelor's+,4,4.0,Same education level,,,,,34.0,"white, non-hispanic","white, non-hispanic","White, Non-Hispanic",no (not latino or hispanic),white
892453,31157,31157.0,31157.0,"$40,000 to $49,999",bachelors degree,12th grade no diploma,i earned more,11,Middle,Bachelor's+,Less than HS,4,1.0,Respondent higher,no,other (please describe),,,5.0,"white, non-hispanic","white, non-hispanic","White, Non-Hispanic",no (not latino or hispanic),white
893505,43524,,,"$40,000 to $49,999",high school graduate - high school diploma or the equivalent (ged),,,11,Middle,HS,,2,,,,,,,,"white, non-hispanic","white, non-hispanic",,,
894795,2068,,,"$10,000 to $12,499",bachelors degree,,,4,Low,Bachelor's+,,4,,,,,,,,"white, non-hispanic","white, non-hispanic","White, Non-Hispanic",,
895411,72981,72981.0,72981.0,"$20,000 to $24,999","some college, no degree",hs graduate or ged,partner earned more,7,Low,Some college,HS,3,2.0,Respondent higher,,,,,18.0,"white, non-hispanic","white, non-hispanic","White, Non-Hispanic",no (not latino or hispanic),white
896413,69442,69442.0,69442.0,"$85,000 to $99,999",associate degree,hs graduate or ged,i earned more,15,High,Some college,HS,3,2.0,Respondent higher,yes,,yes,,21.0,hispanic,hispanic,Hispanic,no (not latino or hispanic),white
897553,92857,,,"less than $5,000",9th grade,,,1,Low,Less than HS,,1,,,,,,,,"white, non-hispanic","other, non-hispanic","White, Non-Hispanic",,
898456,2022,2022.0,2022.0,"$40,000 to $49,999",bachelors degree,bachelor's degree,partner earned more,11,Middle,Bachelor's+,Bachelor's+,4,4.0,Same education level,yes,,yes,,12.0,"white, non-hispanic","white, non-hispanic","White, Non-Hispanic",no (not latino or hispanic),white
899246,79703,79703.0,79703.0,"$75,000 to $84,999","some college, no degree",hs graduate or ged,i earned more,14,High,Some college,HS,3,2.0,Respondent higher,yes,,yes,,1.5,"white, non-hispanic","white, non-hispanic","White, Non-Hispanic",no (not latino or hispanic),white
900391,85181,85181.0,85181.0,"$50,000 to $59,999","some college, no degree",hs graduate or ged,i earned more,12,Middle,Some college,HS,3,2.0,Respondent higher,,,,,12.0,hispanic,hispanic,Hispanic,no (not latino or hispanic),"american indian, aleut, or eskimo"
901691,33079,33079.0,33079.0,"$35,000 to $39,999","some college, no degree","some college, no degree",partner earned more,10,Low,Some college,Some college,3,3.0,Same education level,,,,,39.0,"white, non-hispanic","white, non-hispanic",,no (not latino or hispanic),white
902521,69458,69458.0,69458.0,"$30,000 to $34,999",high school graduate - high school diploma or the equivalent (ged),hs graduate or ged,i earned more,9,Low,HS,HS,2,2.0,Same education level,yes,,,,6.0,"black, non-hispanic","black, non-hispanic","Black, Non-Hispanic",no (not latino or hispanic),other (please specify)
903206,16981,16981.0,16981.0,"$10,000 to $12,499","some college, no degree","some college, no degree",we earned about the same amount,4,Low,Some college,Some college,3,3.0,Same education level,,,yes,,5.0,"white, non-hispanic","white, non-hispanic",,no (not latino or hispanic),white
904751,41278,41278.0,41278.0,"$60,000 to $74,999",high school graduate - high school diploma or the equivalent (ged),bachelor's degree,partner earned more,13,Middle,HS,Bachelor's+,2,4.0,Partner higher,,,,,22.0,"white, non-hispanic","white, non-hispanic",,no (not latino or hispanic),white
905491,32367,32367.0,32367.0,"$50,000 to $59,999",high school graduate - high school diploma or the equivalent (ged),"some college, no degree",partner earned more,12,Middle,HS,Some college,2,3.0,Partner higher,,,,,19.0,"white, non-hispanic","white, non-hispanic",,no (not latino or hispanic),white
906593,74889,74889.0,74889.0,"$15,000 to $19,999",10th grade,hs graduate or ged,partner earned more,6,Low,Less than HS,HS,1,2.0,Partner higher,no,we broke up,,,0.45,"white, non-hispanic","white, non-hispanic",,"yes, other latino/hispanic",refused
907301,56624,56624.0,56624.0,"$50,000 to $59,999",bachelors degree,bachelor's degree,we earned about the same amount,12,Middle,Bachelor's+,Bachelor's+,4,4.0,Same education level,,,,,8.0,hispanic,hispanic,Hispanic,no (not latino or hispanic),white
909792,16353,16353.0,16353.0,"$15,000 to $19,999",bachelors degree,bachelor's degree,partner earned more,6,Low,Bachelor's+,Bachelor's+,4,4.0,Same education level,no,"[partner] passed away, is deceased",,,10.0,"2+ races, non-hispanic","white, non-hispanic",,no (not latino or hispanic),white
910521,71171,71171.0,71171.0,"$50,000 to $59,999",associate degree,10th grade,partner earned more,12,Middle,Some college,Less than HS,3,1.0,Respondent higher,,,,,12.0,"white, non-hispanic","white, non-hispanic",,no (not latino or hispanic),white
912315,115828,,,"$25,000 to $29,999",high school graduate - high school diploma or the equivalent (ged),,,8,Low,HS,,2,,,,,,,,"white, non-hispanic","white, non-hispanic",,,
914265,12244,,,"$60,000 to $74,999",high school graduate - high school diploma or the equivalent (ged),,,13,Middle,HS,,2,,,,,,,,"2+ races, non-hispanic","2+ races, non-hispanic","2+ Races, Non-Hispanic",,
915555,1518,,,"$125,000 to $149,999","some college, no degree",,,17,High,Some college,,3,,,,,,,,"white, non-hispanic","white, non-hispanic","White, Non-Hispanic",,
916433,113706,,,"$10,000 to $12,499",high school graduate - high school diploma or the equivalent (ged),,,4,Low,HS,,2,,,,,,,,hispanic,hispanic,,,
918235,62830,62830.0,62830.0,"$100,000 to $124,999",bachelors degree,bachelor's degree,partner earned more,16,High,Bachelor's+,Bachelor's+,4,4.0,Same education level,yes,,no,We broke up,0.15,"white, non-hispanic","2+ races, non-hispanic","2+ Races, Non-Hispanic",no (not latino or hispanic),white
919582,75395,75395.0,75395.0,"less than $5,000",9th grade,1st - 4th grade,i earned more,1,Low,Less than HS,Less than HS,1,1.0,Same education level,,,,,27.0,"black, non-hispanic","black, non-hispanic","Black, Non-Hispanic","yes, mexican, mexican american, chicano",other (please specify)
920682,245761,,,"$50,000 to $59,999",7th or 8th grade,,,12,Middle,Less than HS,,1,,,,,,,,"white, non-hispanic","white, non-hispanic","White, Non-Hispanic",,
921395,35954,,,"$25,000 to $29,999",associate degree,,,8,Low,Some college,,3,,,,,,,,"black, non-hispanic","black, non-hispanic","Black, Non-Hispanic",,
922591,81064,81064.0,81064.0,"$60,000 to $74,999",12th grade no diploma,bachelor's degree,partner earned more,13,Middle,Less than HS,Bachelor's+,1,4.0,Partner higher,,,,,24.0,"other, non-hispanic","other, non-hispanic","Other, Non-Hispanic",no (not latino or hispanic),white
923466,1646,1646.0,1646.0,"$100,000 to $124,999","some college, no degree","some college, no degree",we earned about the same amount,16,High,Some college,Some college,3,3.0,Same education level,yes,,yes,,16.0,"other, non-hispanic","other, non-hispanic","Other, Non-Hispanic",no (not latino or hispanic),white
924602,36673,36673.0,36673.0,"$10,000 to $12,499","some college, no degree",hs graduate or ged,i earned more,4,Low,Some college,HS,3,2.0,Respondent higher,yes,,,,42.0,"black, non-hispanic","black, non-hispanic","Black, Non-Hispanic",no (not latino or hispanic),black or african american
925885,50056,,,"$25,000 to $29,999",professional or doctorate degree,,,8,Low,Bachelor's+,,4,,,,,,,,"other, non-hispanic","other, non-hispanic",,,
926551,44618,44618.0,44618.0,"$25,000 to $29,999",masters degree,bachelor's degree,i earned more,8,Low,Bachelor's+,Bachelor's+,4,4.0,Same education level,,,,,25.0,"white, non-hispanic","white, non-hispanic",,no (not latino or hispanic),white
927581,24154,,,"$125,000 to $149,999",professional or doctorate degree,,,17,High,Bachelor's+,,4,,,,,,,,"white, non-hispanic","white, non-hispanic","White, Non-Hispanic",,
928523,45945,45945.0,45945.0,"$5,000 to $7,499",high school graduate - high school diploma or the equivalent (ged),hs graduate or ged,partner earned more,2,Low,HS,HS,2,2.0,Same education level,no,we broke up,,,0.05,"white, non-hispanic","white, non-hispanic","White, Non-Hispanic",no (not latino or hispanic),white
931613,6466,,,"$10,000 to $12,499",high school graduate - high school diploma or the equivalent (ged),,,4,Low,HS,,2,,,,,,,,"white, non-hispanic",,,,
932566,3001,3001.0,3001.0,"$60,000 to $74,999",masters degree,bachelor's degree,i earned more,13,Middle,Bachelor's+,Bachelor's+,4,4.0,Same education level,yes,,,,0.45,"white, non-hispanic","white, non-hispanic",,no (not latino or hispanic),white
933465,50263,,,"$40,000 to $49,999",high school graduate - high school diploma or the equivalent (ged),,,11,Middle,HS,,2,,,,,,,,"white, non-hispanic","white, non-hispanic","White, Non-Hispanic",,
934261,155508,155508.0,155508.0,"$35,000 to $39,999","some college, no degree",associate degree,i earned more,10,Low,Some college,Some college,3,3.0,Same education level,,,,,5.0,hispanic,hispanic,Hispanic,"yes, mexican, mexican american, chicano",other (please specify)
935521,117064,117064.0,117064.0,"$10,000 to $12,499",11th grade,associate degree,partner earned more,4,Low,Less than HS,Some college,1,3.0,Partner higher,,,,,6.0,"black, non-hispanic","black, non-hispanic",,no (not latino or hispanic),white
936245,53308,,,"$75,000 to $84,999","some college, no degree",,,14,High,Some college,,3,,,,,,,,"white, non-hispanic","white, non-hispanic","White, Non-Hispanic",,
938785,75947,,,"$125,000 to $149,999",masters degree,,,17,High,Bachelor's+,,4,,,,,,,,"white, non-hispanic","white, non-hispanic","White, Non-Hispanic",,
939441,132949,132949.0,132949.0,"$60,000 to $74,999",bachelors degree,hs graduate or ged,i earned more,13,Middle,Bachelor's+,HS,4,2.0,Respondent higher,,,,,27.0,"other, non-hispanic","other, non-hispanic","Other, Non-Hispanic",no (not latino or hispanic),other (please specify)
941545,22605,,,"$5,000 to $7,499","some college, no degree",,,2,Low,Some college,,3,,,,,,,,"2+ races, non-hispanic","black, non-hispanic","2+ Races, Non-Hispanic",,
942656,3717,3717.0,3717.0,"$100,000 to $124,999",bachelors degree,bachelor's degree,partner earned more,16,High,Bachelor's+,Bachelor's+,4,4.0,Same education level,,,,,25.0,"white, non-hispanic","white, non-hispanic","White, Non-Hispanic",no (not latino or hispanic),white
943441,42076,42076.0,42076.0,"$50,000 to $59,999",11th grade,11th grade,i earned more,12,Middle,Less than HS,Less than HS,1,1.0,Same education level,,,,,13.0,"white, non-hispanic","white, non-hispanic","White, Non-Hispanic",no (not latino or hispanic),white
944531,60365,60365.0,60365.0,"$35,000 to $39,999",9th grade,associate degree,i earned more,10,Low,Less than HS,Some college,1,3.0,Partner higher,,,,,13.0,"white, non-hispanic","white, non-hispanic","White, Non-Hispanic",no (not latino or hispanic),white
945665,3045,3045.0,3045.0,"$10,000 to $12,499","some college, no degree",12th grade no diploma,partner earned more,4,Low,Some college,Less than HS,3,1.0,Respondent higher,yes,,no,We broke up,26.0,"black, non-hispanic","black, non-hispanic","Black, Non-Hispanic",no (not latino or hispanic),black or african american
946371,12388,12388.0,12388.0,"$150,000 to $174,999","some college, no degree","some college, no degree",partner earned more,18,High,Some college,Some college,3,3.0,Same education level,,,,,19.0,hispanic,hispanic,Hispanic,no (not latino or hispanic),white
948531,74087,74087.0,74087.0,"$60,000 to $74,999",high school graduate - high school diploma or the equivalent (ged),hs graduate or ged,i earned more,13,Middle,HS,HS,2,2.0,Same education level,,,,,29.0,"white, non-hispanic","white, non-hispanic","White, Non-Hispanic",no (not latino or hispanic),white
950495,95810,,,"$12,500 to $14,999",high school graduate - high school diploma or the equivalent (ged),,,5,Low,HS,,2,,,,,,,,"black, non-hispanic",,,,
951271,146707,146707.0,146707.0,"$85,000 to $99,999",masters degree,master's degree,i earned more,15,High,Bachelor's+,Bachelor's+,4,4.0,Same education level,,,,,9.0,"other, non-hispanic",hispanic,Hispanic,no (not latino or hispanic),white
952371,41273,41273.0,41273.0,"$30,000 to $34,999",professional or doctorate degree,bachelor's degree,i earned more,9,Low,Bachelor's+,Bachelor's+,4,4.0,Same education level,,,,,5.0,"other, non-hispanic","other, non-hispanic","Other, Non-Hispanic",no (not latino or hispanic),asian or pacific islander
953681,66435,66435.0,66435.0,"$35,000 to $39,999",9th grade,hs graduate or ged,partner earned more,10,Low,Less than HS,HS,1,2.0,Partner higher,,,,,35.0,"white, non-hispanic","white, non-hispanic",,no (not latino or hispanic),white
954702,56148,56148.0,56148.0,"$40,000 to $49,999",bachelors degree,master's degree,we earned about the same amount,11,Middle,Bachelor's+,Bachelor's+,4,4.0,Same education level,yes,,,,10.0,"black, non-hispanic","black, non-hispanic",,no (not latino or hispanic),black or african american
955731,40245,,,"$60,000 to $74,999","some college, no degree",,,13,Middle,Some college,,3,,,,,,,,"black, non-hispanic","black, non-hispanic",,,
956591,47270,47270.0,47270.0,"$35,000 to $39,999",high school graduate - high school diploma or the equivalent (ged),"some college, no degree",partner earned more,10,Low,HS,Some college,2,3.0,Partner higher,,,,,25.0,"white, non-hispanic","white, non-hispanic",,no (not latino or hispanic),white
959381,50424,50424.0,50424.0,"$50,000 to $59,999",high school graduate - high school diploma or the equivalent (ged),master's degree,we earned about the same amount,12,Middle,HS,Bachelor's+,2,4.0,Partner higher,,,,,10.0,"white, non-hispanic","white, non-hispanic","White, Non-Hispanic",no (not latino or hispanic),white
960593,2314,2314.0,2314.0,"$125,000 to $149,999",bachelors degree,master's degree,i earned more,17,High,Bachelor's+,Bachelor's+,4,4.0,Same education level,,,,,10.0,"white, non-hispanic","white, non-hispanic","White, Non-Hispanic","yes, other latino/hispanic",white
961605,1048,,,"$7,500 to $9,999",bachelors degree,,,3,Low,Bachelor's+,,4,,,,,,,,"white, non-hispanic","white, non-hispanic",,,
962485,1797,,,"$100,000 to $124,999",bachelors degree,,,16,High,Bachelor's+,,4,,,,,,,,"white, non-hispanic","white, non-hispanic","White, Non-Hispanic",,
963573,591,591.0,591.0,"$60,000 to $74,999",associate degree,associate degree,i earned more,13,Middle,Some college,Some college,3,3.0,Same education level,no,we broke up,,,8.0,"2+ races, non-hispanic","2+ races, non-hispanic","2+ Races, Non-Hispanic",no (not latino or hispanic),white
965575,2540,2540.0,2540.0,"$30,000 to $34,999","some college, no degree",12th grade no diploma,i earned more,9,Low,Some college,Less than HS,3,1.0,Respondent higher,yes,,no,We broke up,20.0,"white, non-hispanic","white, non-hispanic","White, Non-Hispanic",no (not latino or hispanic),white
966351,58138,58138.0,58138.0,"$85,000 to $99,999",bachelors degree,master's degree,i earned more,15,High,Bachelor's+,Bachelor's+,4,4.0,Same education level,,,,,21.0,"white, non-hispanic","white, non-hispanic","White, Non-Hispanic",no (not latino or hispanic),white
967663,68402,68402.0,68402.0,"$50,000 to $59,999",masters degree,professional or doctorate degree,partner earned more,12,Middle,Bachelor's+,Bachelor's+,4,4.0,Same education level,,,,,48.0,"white, non-hispanic","white, non-hispanic","White, Non-Hispanic",no (not latino or hispanic),white
968782,39924,,,"$15,000 to $19,999",12th grade no diploma,,,6,Low,Less than HS,,1,,,,,,,,"white, non-hispanic","white, non-hispanic",,,
970742,125639,,,"$30,000 to $34,999",high school graduate - high school diploma or the equivalent (ged),,,9,Low,HS,,2,,,,,,,,"white, non-hispanic","white, non-hispanic","White, Non-Hispanic",,
971831,17756,17756.0,17756.0,"$30,000 to $34,999",bachelors degree,master's degree,we earned about the same amount,9,Low,Bachelor's+,Bachelor's+,4,4.0,Same education level,,,,,55.0,"2+ races, non-hispanic","white, non-hispanic","2+ Races, Non-Hispanic",no (not latino or hispanic),white
972391,5716,5716.0,5716.0,"$125,000 to $149,999",professional or doctorate degree,professional or doctorate degree,i earned more,17,High,Bachelor's+,Bachelor's+,4,4.0,Same education level,,,,,7.0,"white, non-hispanic","white, non-hispanic",,no (not latino or hispanic),white
973581,1039,1039.0,1039.0,"$175,000 or more",bachelors degree,master's degree,partner earned more,19,High,Bachelor's+,Bachelor's+,4,4.0,Same education level,,,,,17.0,"white, non-hispanic","white, non-hispanic","White, Non-Hispanic",no (not latino or hispanic),white
974591,169306,169306.0,169306.0,"$50,000 to $59,999",high school graduate - high school diploma or the equivalent (ged),"some college, no degree",partner earned more,12,Middle,HS,Some college,2,3.0,Partner higher,,,,,25.0,hispanic,hispanic,Hispanic,"yes, puerto rican",white
976531,21422,21422.0,21422.0,"$85,000 to $99,999",12th grade no diploma,"some college, no degree",partner earned more,15,High,Less than HS,Some college,1,3.0,Partner higher,,,,,38.0,"white, non-hispanic","white, non-hispanic","White, Non-Hispanic",no (not latino or hispanic),white
977741,70448,70448.0,70448.0,"$40,000 to $49,999",bachelors degree,bachelor's degree,we earned about the same amount,11,Middle,Bachelor's+,Bachelor's+,4,4.0,Same education level,,,,,54.0,"white, non-hispanic","white, non-hispanic","White, Non-Hispanic",no (not latino or hispanic),white
978651,74165,74165.0,74165.0,"$20,000 to $24,999",high school graduate - high school diploma or the equivalent (ged),hs graduate or ged,partner earned more,7,Low,HS,HS,2,2.0,Same education level,,,,,48.0,"white, non-hispanic","white, non-hispanic",,no (not latino or hispanic),white
979711,66812,66812.0,66812.0,"$35,000 to $39,999","1st, 2nd, 3rd, or 4th grade",hs graduate or ged,partner earned more,10,Low,Less than HS,HS,1,2.0,Partner higher,,,,,49.0,"white, non-hispanic","white, non-hispanic",,no (not latino or hispanic),white
980603,13042,,,"$20,000 to $24,999","some college, no degree",,,7,Low,Some college,,3,,,,,,,,"2+ races, non-hispanic","other, non-hispanic","2+ Races, Non-Hispanic",,
981733,234976,,,"$20,000 to $24,999",10th grade,,,7,Low,Less than HS,,1,,,,,,,,"white, non-hispanic","white, non-hispanic","White, Non-Hispanic",,
982591,14377,14377.0,14377.0,"$75,000 to $84,999",high school graduate - high school diploma or the equivalent (ged),7th or 8th grade,partner earned more,14,High,HS,Less than HS,2,1.0,Respondent higher,,,,,4.0,"white, non-hispanic","white, non-hispanic","White, Non-Hispanic",no (not latino or hispanic),white
983661,103274,103274.0,103274.0,"$60,000 to $74,999","some college, no degree",associate degree,i earned more,13,Middle,Some college,Some college,3,3.0,Same education level,,,,,14.0,"white, non-hispanic","white, non-hispanic","White, Non-Hispanic",no (not latino or hispanic),white
984451,30691,30691.0,30691.0,"$35,000 to $39,999",11th grade,12th grade no diploma,i earned more,10,Low,Less than HS,Less than HS,1,1.0,Same education level,,,,,28.0,"black, non-hispanic","black, non-hispanic","Black, Non-Hispanic",no (not latino or hispanic),black or african american
985571,28725,28725.0,28725.0,"$35,000 to $39,999",high school graduate - high school diploma or the equivalent (ged),hs graduate or ged,partner earned more,10,Low,HS,HS,2,2.0,Same education level,,,,,35.0,"white, non-hispanic","white, non-hispanic","White, Non-Hispanic",no (not latino or hispanic),white
986481,47035,47035.0,47035.0,"$35,000 to $39,999",11th grade,11th grade,i earned more,10,Low,Less than HS,Less than HS,1,1.0,Same education level,,,,,33.0,"white, non-hispanic","white, non-hispanic","White, Non-Hispanic",no (not latino or hispanic),white
987411,65664,65664.0,65664.0,"$60,000 to $74,999",masters degree,"some college, no degree",i earned more,13,Middle,Bachelor's+,Some college,4,3.0,Respondent higher,,,,,19.0,"white, non-hispanic","white, non-hispanic",,no (not latino or hispanic),white
988445,4550,,,"$40,000 to $49,999",associate degree,,,11,Middle,Some college,,3,,,,,,,,"white, non-hispanic","white, non-hispanic","White, Non-Hispanic",,
989215,63592,63592.0,63592.0,"$50,000 to $59,999","some college, no degree",hs graduate or ged,partner earned more,12,Middle,Some college,HS,3,2.0,Respondent higher,yes,,,,6.0,"white, non-hispanic","white, non-hispanic",,no (not latino or hispanic),white
990636,2187,2187.0,2187.0,"$50,000 to $59,999",bachelors degree,bachelor's degree,i earned more,12,Middle,Bachelor's+,Bachelor's+,4,4.0,Same education level,yes,,yes,,23.0,"white, non-hispanic","white, non-hispanic","White, Non-Hispanic",no (not latino or hispanic),white
991466,73932,73932.0,73932.0,"$40,000 to $49,999",high school graduate - high school diploma or the equivalent (ged),hs graduate or ged,i earned more,11,Middle,HS,HS,2,2.0,Same education level,yes,,yes,,6.0,"white, non-hispanic","white, non-hispanic","White, Non-Hispanic",no (not latino or hispanic),white
992341,46637,46637.0,46637.0,"$125,000 to $149,999",bachelors degree,bachelor's degree,we earned about the same amount,17,High,Bachelor's+,Bachelor's+,4,4.0,Same education level,,,,,9.0,"white, non-hispanic","white, non-hispanic","White, Non-Hispanic",no (not latino or hispanic),white
995656,567,567.0,567.0,"$100,000 to $124,999",bachelors degree,hs graduate or ged,i earned more,16,High,Bachelor's+,HS,4,2.0,Respondent higher,,,,,14.0,"white, non-hispanic","white, non-hispanic","White, Non-Hispanic",no (not latino or hispanic),white
996793,175455,,,"$15,000 to $19,999","some college, no degree",,,6,Low,Some college,,3,,,,,,,,"white, non-hispanic","white, non-hispanic",,,
997532,3063,,,"$35,000 to $39,999",bachelors degree,,,10,Low,Bachelor's+,,4,,,,,,,,"white, non-hispanic","2+ races, non-hispanic","White, Non-Hispanic",,
998391,112203,112203.0,112203.0,"$85,000 to $99,999","some college, no degree",bachelor's degree,i earned more,15,High,Some college,Bachelor's+,3,4.0,Partner higher,,,,,9.0,hispanic,hispanic,Hispanic,"yes, other latino/hispanic",white
999231,41621,41621.0,41621.0,"$35,000 to $39,999","some college, no degree","some college, no degree",partner earned more,10,Low,Some college,Some college,3,3.0,Same education level,,,,,4.0,"white, non-hispanic","white, non-hispanic",,no (not latino or hispanic),white
1000561,100085,100085.0,100085.0,"$85,000 to $99,999",associate degree,associate degree,i earned more,15,High,Some college,Some college,3,3.0,Same education level,,,,,34.0,"white, non-hispanic","white, non-hispanic","White, Non-Hispanic",no (not latino or hispanic),white
1001791,69079,69079.0,69079.0,"$35,000 to $39,999",high school graduate - high school diploma or the equivalent (ged),"some college, no degree",partner earned more,10,Low,HS,Some college,2,3.0,Partner higher,,,,,53.0,hispanic,hispanic,,no (not latino or hispanic),white
1003291,52522,52522.0,52522.0,"$60,000 to $74,999",associate degree,associate degree,i earned more,13,Middle,Some college,Some college,3,3.0,Same education level,,,,,10.0,"white, non-hispanic","white, non-hispanic","White, Non-Hispanic",no (not latino or hispanic),white
1004741,53703,53703.0,53703.0,"$30,000 to $34,999",high school graduate - high school diploma or the equivalent (ged),hs graduate or ged,i earned more,9,Low,HS,HS,2,2.0,Same education level,,,,,57.0,"white, non-hispanic","white, non-hispanic",,no (not latino or hispanic),white
1005421,47404,47404.0,47404.0,"$75,000 to $84,999",10th grade,11th grade,partner earned more,14,High,Less than HS,Less than HS,1,1.0,Same education level,,,,,22.0,"white, non-hispanic","white, non-hispanic","White, Non-Hispanic",no (not latino or hispanic),white
1006611,52398,52398.0,52398.0,"$75,000 to $84,999","some college, no degree",bachelor's degree,we earned about the same amount,14,High,Some college,Bachelor's+,3,4.0,Partner higher,,,,,25.0,"white, non-hispanic","white, non-hispanic","White, Non-Hispanic",no (not latino or hispanic),white
1008275,77334,77334.0,77334.0,"$85,000 to $99,999","some college, no degree",master's degree,partner earned more,15,High,Some college,Bachelor's+,3,4.0,Partner higher,,,,,6.0,"white, non-hispanic","white, non-hispanic","White, Non-Hispanic",no (not latino or hispanic),white
1009361,60804,60804.0,60804.0,"$50,000 to $59,999","some college, no degree",hs graduate or ged,i earned more,12,Middle,Some college,HS,3,2.0,Respondent higher,,,,,7.0,"white, non-hispanic","white, non-hispanic","White, Non-Hispanic","yes, other latino/hispanic",other (please specify)
1010732,177815,177815.0,177815.0,"$25,000 to $29,999",bachelors degree,hs graduate or ged,we earned about the same amount,8,Low,Bachelor's+,HS,4,2.0,Respondent higher,,,,,51.0,"white, non-hispanic","white, non-hispanic",,no (not latino or hispanic),white
1011511,8357,8357.0,8357.0,"$75,000 to $84,999",12th grade no diploma,hs graduate or ged,we earned about the same amount,14,High,Less than HS,HS,1,2.0,Partner higher,,,,,14.0,"white, non-hispanic","white, non-hispanic","White, Non-Hispanic",no (not latino or hispanic),white
1012583,46137,,,"$15,000 to $19,999",high school graduate - high school diploma or the equivalent (ged),,,6,Low,HS,,2,,,,,,,,"white, non-hispanic","white, non-hispanic","White, Non-Hispanic",,
1013451,46341,46341.0,46341.0,"$50,000 to $59,999",high school graduate - high school diploma or the equivalent (ged),12th grade no diploma,i earned more,12,Middle,HS,Less than HS,2,1.0,Respondent higher,,,,,21.0,"white, non-hispanic","white, non-hispanic",,no (not latino or hispanic),white
1014645,60494,,,"$10,000 to $12,499",professional or doctorate degree,,,4,Low,Bachelor's+,,4,,,,,,,,"white, non-hispanic","white, non-hispanic","White, Non-Hispanic",,
1015371,87330,87330.0,87330.0,"$85,000 to $99,999",bachelors degree,master's degree,i earned more,15,High,Bachelor's+,Bachelor's+,4,4.0,Same education level,,,,,16.0,"black, non-hispanic","black, non-hispanic","Black, Non-Hispanic",no (not latino or hispanic),black or african american
1016205,72188,,,"$85,000 to $99,999","some college, no degree",,,15,High,Some college,,3,,,,,,,,"white, non-hispanic","2+ races, non-hispanic",,,
1017606,155155,155155.0,155155.0,"$40,000 to $49,999",high school graduate - high school diploma or the equivalent (ged),"some college, no degree",partner earned more,11,Middle,HS,Some college,2,3.0,Partner higher,,,,,32.0,hispanic,hispanic,,no (not latino or hispanic),white
1018641,43751,43751.0,43751.0,"$85,000 to $99,999",associate degree,"some college, no degree",i earned more,15,High,Some college,Some college,3,3.0,Same education level,,,,,44.0,"white, non-hispanic","white, non-hispanic","White, Non-Hispanic",no (not latino or hispanic),white
1021791,110587,110587.0,110587.0,"$50,000 to $59,999",high school graduate - high school diploma or the equivalent (ged),12th grade no diploma,partner earned more,12,Middle,HS,Less than HS,2,1.0,Respondent higher,,,,,59.0,"white, non-hispanic","white, non-hispanic",,no (not latino or hispanic),white
1022721,95398,95398.0,95398.0,"$35,000 to $39,999",bachelors degree,hs graduate or ged,i earned more,10,Low,Bachelor's+,HS,4,2.0,Respondent higher,,,,,40.0,"white, non-hispanic","white, non-hispanic",,no (not latino or hispanic),white
1023721,45384,45384.0,45384.0,"$75,000 to $84,999",high school graduate - high school diploma or the equivalent (ged),hs graduate or ged,partner earned more,14,High,HS,HS,2,2.0,Same education level,,,,,54.0,"white, non-hispanic","white, non-hispanic",,no (not latino or hispanic),white
1024643,101166,101166.0,101166.0,"$40,000 to $49,999","some college, no degree",bachelor's degree,we earned about the same amount,11,Middle,Some college,Bachelor's+,3,4.0,Partner higher,yes,,,,16.0,"white, non-hispanic","white, non-hispanic",,no (not latino or hispanic),white
1025543,30276,,,"$60,000 to $74,999","some college, no degree",,,13,Middle,Some college,,3,,,,,,,,"white, non-hispanic","white, non-hispanic","White, Non-Hispanic",,
1026381,36682,36682.0,36682.0,"$12,500 to $14,999",high school graduate - high school diploma or the equivalent (ged),7th or 8th grade,partner earned more,5,Low,HS,Less than HS,2,1.0,Respondent higher,,,,,7.0,"white, non-hispanic","white, non-hispanic",,no (not latino or hispanic),white
1029571,32815,32815.0,32815.0,"$40,000 to $49,999",high school graduate - high school diploma or the equivalent (ged),"some college, no degree",partner earned more,11,Middle,HS,Some college,2,3.0,Partner higher,,,,,39.0,"white, non-hispanic","white, non-hispanic","White, Non-Hispanic",no (not latino or hispanic),white
1030441,48240,48240.0,48240.0,"$100,000 to $124,999",high school graduate - high school diploma or the equivalent (ged),hs graduate or ged,i earned more,16,High,HS,HS,2,2.0,Same education level,,,,,24.0,"white, non-hispanic","white, non-hispanic","White, Non-Hispanic",no (not latino or hispanic),white
1031721,126320,126320.0,126320.0,"$50,000 to $59,999",high school graduate - high school diploma or the equivalent (ged),hs graduate or ged,i earned more,12,Middle,HS,HS,2,2.0,Same education level,,,,,16.0,"white, non-hispanic","white, non-hispanic","White, Non-Hispanic",no (not latino or hispanic),white
1032405,212477,,,"$40,000 to $49,999",high school graduate - high school diploma or the equivalent (ged),,,11,Middle,HS,,2,,,,,,,,"black, non-hispanic","black, non-hispanic","Black, Non-Hispanic",,
1033811,62334,62334.0,62334.0,"$60,000 to $74,999",12th grade no diploma,hs graduate or ged,i earned more,13,Middle,Less than HS,HS,1,2.0,Partner higher,,,,,38.0,"white, non-hispanic","white, non-hispanic","White, Non-Hispanic",no (not latino or hispanic),white
1034483,167009,167009.0,167009.0,"$50,000 to $59,999",11th grade,12th grade no diploma,we earned about the same amount,12,Middle,Less than HS,Less than HS,1,1.0,Same education level,yes,,yes,,17.0,"black, non-hispanic","black, non-hispanic","Black, Non-Hispanic",no (not latino or hispanic),black or african american
1035596,1959,1959.0,1959.0,"$150,000 to $174,999",masters degree,bachelor's degree,partner earned more,18,High,Bachelor's+,Bachelor's+,4,4.0,Same education level,yes,,yes,,19.0,"white, non-hispanic","white, non-hispanic","White, Non-Hispanic",no (not latino or hispanic),white
1036721,27018,27018.0,27018.0,"$75,000 to $84,999",9th grade,"some college, no degree",partner earned more,14,High,Less than HS,Some college,1,3.0,Partner higher,,,,,16.0,"white, non-hispanic","white, non-hispanic","White, Non-Hispanic",no (not latino or hispanic),white
1037633,86280,86280.0,86280.0,"$60,000 to $74,999",11th grade,"some college, no degree",i earned more,13,Middle,Less than HS,Some college,1,3.0,Partner higher,yes,,yes,,0.75,"white, non-hispanic","white, non-hispanic",,no (not latino or hispanic),white
1038241,36948,36948.0,36948.0,"$20,000 to $24,999","some college, no degree",hs graduate or ged,we earned about the same amount,7,Low,Some college,HS,3,2.0,Respondent higher,,,,,10.0,"white, non-hispanic","white, non-hispanic",,no (not latino or hispanic),white
1039481,51465,51465.0,51465.0,"$40,000 to $49,999",high school graduate - high school diploma or the equivalent (ged),11th grade,partner earned more,11,Middle,HS,Less than HS,2,1.0,Respondent higher,,,,,31.0,"white, non-hispanic","white, non-hispanic",,no (not latino or hispanic),white
1040361,32984,32984.0,32984.0,"$100,000 to $124,999",masters degree,master's degree,partner earned more,16,High,Bachelor's+,Bachelor's+,4,4.0,Same education level,,,,,4.0,hispanic,hispanic,,no (not latino or hispanic),white
1041291,6768,6768.0,6768.0,"$35,000 to $39,999",bachelors degree,master's degree,partner earned more,10,Low,Bachelor's+,Bachelor's+,4,4.0,Same education level,,,,,5.0,"white, non-hispanic","white, non-hispanic","White, Non-Hispanic",no (not latino or hispanic),white
1043811,68810,68810.0,68810.0,"$40,000 to $49,999",high school graduate - high school diploma or the equivalent (ged),"some college, no degree",i earned more,11,Middle,HS,Some college,2,3.0,Partner higher,,,,,60.0,"white, non-hispanic","white, non-hispanic","White, Non-Hispanic",no (not latino or hispanic),white
1044601,68766,68766.0,68766.0,"$75,000 to $84,999",associate degree,associate degree,i earned more,14,High,Some college,Some college,3,3.0,Same education level,,,,,42.0,"white, non-hispanic","white, non-hispanic",,no (not latino or hispanic),white
1045611,57281,57281.0,57281.0,"$25,000 to $29,999",11th grade,hs graduate or ged,partner earned more,8,Low,Less than HS,HS,1,2.0,Partner higher,,,,,45.0,"white, non-hispanic","white, non-hispanic",,no (not latino or hispanic),white
1046321,14886,14886.0,14886.0,"$50,000 to $59,999",associate degree,"some college, no degree",i earned more,12,Middle,Some college,Some college,3,3.0,Same education level,,,,,11.0,hispanic,hispanic,Hispanic,"yes, puerto rican",other (please specify)
1047765,30844,,,"$12,500 to $14,999",high school graduate - high school diploma or the equivalent (ged),,,5,Low,HS,,2,,,,,,,,"black, non-hispanic","black, non-hispanic",,,
1048266,43142,43142.0,43142.0,"$15,000 to $19,999",high school graduate - high school diploma or the equivalent (ged),hs graduate or ged,i earned more,6,Low,HS,HS,2,2.0,Same education level,yes,,yes,,2.5,"white, non-hispanic","white, non-hispanic","White, Non-Hispanic",no (not latino or hispanic),white
1050395,3884,3884.0,3884.0,"$50,000 to $59,999",bachelors degree,associate degree,i earned more,12,Middle,Bachelor's+,Some college,4,3.0,Respondent higher,yes,,yes,,10.0,"white, non-hispanic","white, non-hispanic","White, Non-Hispanic",no (not latino or hispanic),white
1051525,2314,,,"$15,000 to $19,999",masters degree,,,6,Low,Bachelor's+,,4,,,,,,,,"white, non-hispanic","white, non-hispanic",,,
1052595,4075,4075.0,4075.0,"$125,000 to $149,999",masters degree,professional or doctorate degree,we earned about the same amount,17,High,Bachelor's+,Bachelor's+,4,4.0,Same education level,yes,,yes,,16.0,hispanic,hispanic,Hispanic,no (not latino or hispanic),white
1054833,15612,,,"$12,500 to $14,999",high school graduate - high school diploma or the equivalent (ged),,,5,Low,HS,,2,,,,,,,,"white, non-hispanic","white, non-hispanic",,,
1055665,131713,,,"$40,000 to $49,999",associate degree,,,11,Middle,Some college,,3,,,,,,,,"white, non-hispanic","white, non-hispanic",,,
1057782,47417,47417.0,47417.0,"$25,000 to $29,999",10th grade,7th or 8th grade,i earned more,8,Low,Less than HS,Less than HS,1,1.0,Same education level,,,,,43.0,"white, non-hispanic","white, non-hispanic","White, Non-Hispanic",no (not latino or hispanic),white
1058195,57634,57634.0,57634.0,"$125,000 to $149,999",high school graduate - high school diploma or the equivalent (ged),bachelor's degree,partner earned more,17,High,HS,Bachelor's+,2,4.0,Partner higher,no,we broke up,,,0.45,"white, non-hispanic","white, non-hispanic","White, Non-Hispanic",no (not latino or hispanic),white
1059286,38015,38015.0,38015.0,"$100,000 to $124,999",bachelors degree,bachelor's degree,we earned about the same amount,16,High,Bachelor's+,Bachelor's+,4,4.0,Same education level,yes,,yes,,8.0,"white, non-hispanic","white, non-hispanic","White, Non-Hispanic",no (not latino or hispanic),white
1060515,62673,,,"$60,000 to $74,999",masters degree,,,13,Middle,Bachelor's+,,4,,,,,,,,hispanic,hispanic,Hispanic,,
1061491,82949,82949.0,82949.0,"$150,000 to $174,999",10th grade,hs graduate or ged,partner earned more,18,High,Less than HS,HS,1,2.0,Partner higher,,,,,33.0,"white, non-hispanic","white, non-hispanic","White, Non-Hispanic",no (not latino or hispanic),white
1062551,169785,169785.0,169785.0,"$50,000 to $59,999",high school graduate - high school diploma or the equivalent (ged),hs graduate or ged,we earned about the same amount,12,Middle,HS,HS,2,2.0,Same education level,,,,,27.0,hispanic,hispanic,,no (not latino or hispanic),white
1064496,66725,66725.0,66725.0,"$15,000 to $19,999",associate degree,hs graduate or ged,i earned more,6,Low,Some college,HS,3,2.0,Respondent higher,no,we broke up,,,1.5,"white, non-hispanic","white, non-hispanic",,no (not latino or hispanic),white
1065335,64418,,,"$60,000 to $74,999","some college, no degree",,,13,Middle,Some college,,3,,,,,,,,"white, non-hispanic","white, non-hispanic","White, Non-Hispanic",,
1067305,5007,,,"$100,000 to $124,999",bachelors degree,,,16,High,Bachelor's+,,4,,,,,,,,"other, non-hispanic","other, non-hispanic","Other, Non-Hispanic",,
1069616,4581,4581.0,4581.0,"$85,000 to $99,999","some college, no degree","some college, no degree",partner earned more,15,High,Some college,Some college,3,3.0,Same education level,,,,,5.0,hispanic,hispanic,,no (not latino or hispanic),white
1070563,65781,,,"$10,000 to $12,499",high school graduate - high school diploma or the equivalent (ged),,,4,Low,HS,,2,,,,,,,,"white, non-hispanic","white, non-hispanic","White, Non-Hispanic",,
1072822,44888,,,"$10,000 to $12,499",high school graduate - high school diploma or the equivalent (ged),,,4,Low,HS,,2,,,,,,,,"white, non-hispanic","white, non-hispanic","White, Non-Hispanic",,
1073351,218051,218051.0,218051.0,"$40,000 to $49,999",12th grade no diploma,12th grade no diploma,i earned more,11,Middle,Less than HS,Less than HS,1,1.0,Same education level,,,,,9.0,"white, non-hispanic","white, non-hispanic",,no (not latino or hispanic),white
1074381,70141,70141.0,70141.0,"$40,000 to $49,999",high school graduate - high school diploma or the equivalent (ged),hs graduate or ged,partner earned more,11,Middle,HS,HS,2,2.0,Same education level,,,,,24.0,"white, non-hispanic","white, non-hispanic","White, Non-Hispanic",no (not latino or hispanic),white
1075832,140814,140814.0,140814.0,"less than $5,000",7th or 8th grade,no formal education,partner earned more,1,Low,Less than HS,Less than HS,1,1.0,Same education level,,,,,65.0,"white, non-hispanic",,"White, Non-Hispanic",no (not latino or hispanic),white
1076291,63983,63983.0,63983.0,"$60,000 to $74,999",bachelors degree,bachelor's degree,i earned more,13,Middle,Bachelor's+,Bachelor's+,4,4.0,Same education level,,,,,10.0,"white, non-hispanic","white, non-hispanic",,no (not latino or hispanic),white
1078631,53759,53759.0,53759.0,"$50,000 to $59,999",high school graduate - high school diploma or the equivalent (ged),hs graduate or ged,partner earned more,12,Middle,HS,HS,2,2.0,Same education level,,,,,27.0,"white, non-hispanic","white, non-hispanic",,no (not latino or hispanic),white
1079255,67881,67881.0,67881.0,"$175,000 or more",masters degree,bachelor's degree,i earned more,19,High,Bachelor's+,Bachelor's+,4,4.0,Same education level,yes,,yes,,2.5,"white, non-hispanic","white, non-hispanic","White, Non-Hispanic",no (not latino or hispanic),white
1080831,56449,56449.0,56449.0,"$50,000 to $59,999",bachelors degree,bachelor's degree,partner earned more,12,Middle,Bachelor's+,Bachelor's+,4,4.0,Same education level,,,,,55.0,"white, non-hispanic","white, non-hispanic",,no (not latino or hispanic),white
1081505,83101,,,"$20,000 to $24,999","some college, no degree",,,7,Low,Some college,,3,,,,,,,,"white, non-hispanic","white, non-hispanic","White, Non-Hispanic",,
1082842,87544,,,"$20,000 to $24,999",bachelors degree,,,7,Low,Bachelor's+,,4,,,,,,,,"white, non-hispanic","white, non-hispanic","White, Non-Hispanic",,
1083446,1698,1698.0,1698.0,"$100,000 to $124,999",bachelors degree,bachelor's degree,i earned more,16,High,Bachelor's+,Bachelor's+,4,4.0,Same education level,yes,,yes,,17.0,"white, non-hispanic","white, non-hispanic","White, Non-Hispanic",no (not latino or hispanic),white
1084706,1838,1838.0,1838.0,"$60,000 to $74,999",bachelors degree,bachelor's degree,partner earned more,13,Middle,Bachelor's+,Bachelor's+,4,4.0,Same education level,,,,,16.0,"white, non-hispanic","white, non-hispanic",,no (not latino or hispanic),white
1085626,1885,1885.0,1885.0,"$150,000 to $174,999",masters degree,master's degree,i earned more,18,High,Bachelor's+,Bachelor's+,4,4.0,Same education level,yes,,yes,,5.0,"white, non-hispanic","white, non-hispanic","White, Non-Hispanic",no (not latino or hispanic),white
1087551,39278,39278.0,39278.0,"$85,000 to $99,999",high school graduate - high school diploma or the equivalent (ged),"some college, no degree",partner earned more,15,High,HS,Some college,2,3.0,Partner higher,,,,,35.0,"white, non-hispanic","white, non-hispanic","White, Non-Hispanic",no (not latino or hispanic),white
1088515,35934,,,"$30,000 to $34,999",high school graduate - high school diploma or the equivalent (ged),,,9,Low,HS,,2,,,,,,,,"white, non-hispanic","white, non-hispanic",,,
1089563,18849,,,"$25,000 to $29,999",high school graduate - high school diploma or the equivalent (ged),,,8,Low,HS,,2,,,,,,,,"black, non-hispanic","black, non-hispanic","Black, Non-Hispanic",,
1090535,875,875.0,875.0,"$75,000 to $84,999",professional or doctorate degree,master's degree,i earned more,14,High,Bachelor's+,Bachelor's+,4,4.0,Same education level,yes,,yes,,4.0,"white, non-hispanic","white, non-hispanic","White, Non-Hispanic",no (not latino or hispanic),white
1091712,69813,69813.0,69813.0,"$15,000 to $19,999",bachelors degree,master's degree,partner earned more,6,Low,Bachelor's+,Bachelor's+,4,4.0,Same education level,,,,,4.0,"white, non-hispanic","white, non-hispanic",,no (not latino or hispanic),white
1092291,11400,11400.0,11400.0,"$60,000 to $74,999",bachelors degree,"some college, no degree",i earned more,13,Middle,Bachelor's+,Some college,4,3.0,Respondent higher,,,,,7.0,"2+ races, non-hispanic","2+ races, non-hispanic","White, Non-Hispanic",no (not latino or hispanic),white
1093441,56644,56644.0,56644.0,"$25,000 to $29,999",12th grade no diploma,"some college, no degree",partner earned more,8,Low,Less than HS,Some college,1,3.0,Partner higher,,,,,7.0,"white, non-hispanic","white, non-hispanic","White, Non-Hispanic",no (not latino or hispanic),white
1094453,136362,136362.0,136362.0,"$7,500 to $9,999",high school graduate - high school diploma or the equivalent (ged),hs graduate or ged,partner earned more,3,Low,HS,HS,2,2.0,Same education level,yes,,no,We broke up,18.0,"black, non-hispanic","black, non-hispanic","Black, Non-Hispanic",no (not latino or hispanic),black or african american
1095573,1759,,,"less than $5,000","some college, no degree",,,1,Low,Some college,,3,,,,,,,,"white, non-hispanic","white, non-hispanic",,,
1096341,52833,52833.0,52833.0,"$50,000 to $59,999","some college, no degree",associate degree,partner earned more,12,Middle,Some college,Some college,3,3.0,Same education level,,,,,10.0,"white, non-hispanic","white, non-hispanic",,no (not latino or hispanic),white
1097281,49928,49928.0,49928.0,"$85,000 to $99,999",associate degree,"some college, no degree",partner earned more,15,High,Some college,Some college,3,3.0,Same education level,,,,,5.0,"white, non-hispanic","white, non-hispanic",,no (not latino or hispanic),white
1098406,18934,18934.0,18934.0,"$40,000 to $49,999",high school graduate - high school diploma or the equivalent (ged),hs graduate or ged,we earned about the same amount,11,Middle,HS,HS,2,2.0,Same education level,yes,,yes,,4.0,"white, non-hispanic","white, non-hispanic","White, Non-Hispanic",no (not latino or hispanic),white
1099651,154870,154870.0,154870.0,"$40,000 to $49,999","some college, no degree",hs graduate or ged,i earned more,11,Middle,Some college,HS,3,2.0,Respondent higher,,,,,45.0,"white, non-hispanic","white, non-hispanic","White, Non-Hispanic",no (not latino or hispanic),white
1100361,51175,51175.0,51175.0,"$100,000 to $124,999",high school graduate - high school diploma or the equivalent (ged),professional or doctorate degree,partner earned more,16,High,HS,Bachelor's+,2,4.0,Partner higher,,,,,15.0,"white, non-hispanic","white, non-hispanic","White, Non-Hispanic",no (not latino or hispanic),white
1101471,34129,34129.0,34129.0,"$85,000 to $99,999",high school graduate - high school diploma or the equivalent (ged),associate degree,partner earned more,15,High,HS,Some college,2,3.0,Partner higher,,,,,29.0,"white, non-hispanic","white, non-hispanic","White, Non-Hispanic",no (not latino or hispanic),white
1102555,76447,,,"less than $5,000",bachelors degree,,,1,Low,Bachelor's+,,4,,,,,,,,"white, non-hispanic","white, non-hispanic","White, Non-Hispanic",,
1103641,12493,12493.0,12493.0,"$85,000 to $99,999",12th grade no diploma,hs graduate or ged,partner earned more,15,High,Less than HS,HS,1,2.0,Partner higher,,,,,31.0,"2+ races, non-hispanic","2+ races, non-hispanic","2+ Races, Non-Hispanic",no (not latino or hispanic),black or african american
1104541,63325,63325.0,63325.0,"$60,000 to $74,999",high school graduate - high school diploma or the equivalent (ged),hs graduate or ged,i earned more,13,Middle,HS,HS,2,2.0,Same education level,,,,,34.0,"white, non-hispanic","white, non-hispanic","White, Non-Hispanic",no (not latino or hispanic),white
1105706,2509,2509.0,2509.0,"$35,000 to $39,999",bachelors degree,bachelor's degree,i earned more,10,Low,Bachelor's+,Bachelor's+,4,4.0,Same education level,,,,,20.0,"white, non-hispanic",,,no (not latino or hispanic),white
1106521,124153,124153.0,124153.0,"$10,000 to $12,499",high school graduate - high school diploma or the equivalent (ged),12th grade no diploma,partner earned more,4,Low,HS,Less than HS,2,1.0,Respondent higher,,,,,37.0,"white, non-hispanic","white, non-hispanic",,no (not latino or hispanic),white
1107772,41360,,,"$75,000 to $84,999",high school graduate - high school diploma or the equivalent (ged),,,14,High,HS,,2,,,,,,,,hispanic,hispanic,,,
1109341,79929,79929.0,79929.0,"$40,000 to $49,999",high school graduate - high school diploma or the equivalent (ged),associate degree,partner earned more,11,Middle,HS,Some college,2,3.0,Partner higher,,,,,15.0,"white, non-hispanic","white, non-hispanic",,no (not latino or hispanic),white
1110421,49182,49182.0,49182.0,"$100,000 to $124,999",masters degree,bachelor's degree,we earned about the same amount,16,High,Bachelor's+,Bachelor's+,4,4.0,Same education level,,,,,22.0,"white, non-hispanic","white, non-hispanic","White, Non-Hispanic",no (not latino or hispanic),white
1111291,75325,75325.0,75325.0,"$25,000 to $29,999","some college, no degree",hs graduate or ged,partner earned more,8,Low,Some college,HS,3,2.0,Respondent higher,,,,,4.0,"other, non-hispanic","other, non-hispanic","Other, Non-Hispanic",no (not latino or hispanic),white
1112651,53716,53716.0,53716.0,"$25,000 to $29,999",9th grade,12th grade no diploma,i earned more,8,Low,Less than HS,Less than HS,1,1.0,Same education level,,,,,48.0,"white, non-hispanic","white, non-hispanic","White, Non-Hispanic",no (not latino or hispanic),white
1113205,63088,63088.0,63088.0,"$60,000 to $74,999","some college, no degree","some college, no degree",partner earned more,13,Middle,Some college,Some college,3,3.0,Same education level,yes,,yes,,4.0,"white, non-hispanic","white, non-hispanic","White, Non-Hispanic",no (not latino or hispanic),white
1114781,18818,18818.0,18818.0,"$100,000 to $124,999",5th or 6th grade,bachelor's degree,partner earned more,16,High,Less than HS,Bachelor's+,1,4.0,Partner higher,,,,,44.0,"white, non-hispanic","white, non-hispanic",,no (not latino or hispanic),white
1115241,77952,77952.0,77952.0,"$40,000 to $49,999",bachelors degree,"some college, no degree",partner earned more,11,Middle,Bachelor's+,Some college,4,3.0,Respondent higher,,,,,6.0,"white, non-hispanic","white, non-hispanic","White, Non-Hispanic",no (not latino or hispanic),white
1116792,141774,,,"$60,000 to $74,999",bachelors degree,,,13,Middle,Bachelor's+,,4,,,,,,,,"white, non-hispanic","white, non-hispanic","White, Non-Hispanic",,
1117535,708,,,"$20,000 to $24,999","some college, no degree",,,7,Low,Some college,,3,,,,,,,,"2+ races, non-hispanic","white, non-hispanic",,,
1118711,44632,44632.0,44632.0,"$20,000 to $24,999","some college, no degree",hs graduate or ged,i earned more,7,Low,Some college,HS,3,2.0,Respondent higher,,,,,33.0,"white, non-hispanic","white, non-hispanic","White, Non-Hispanic",no (not latino or hispanic),white
1119781,32885,32885.0,32885.0,"$25,000 to $29,999",7th or 8th grade,hs graduate or ged,i earned more,8,Low,Less than HS,HS,1,2.0,Partner higher,,,,,45.0,"white, non-hispanic","white, non-hispanic","White, Non-Hispanic",no (not latino or hispanic),white
1120295,65836,,,"$7,500 to $9,999",associate degree,,,3,Low,Some college,,3,,,,,,,,hispanic,hispanic,Hispanic,,
1121235,30950,30950.0,30950.0,"$100,000 to $124,999",associate degree,bachelor's degree,partner earned more,16,High,Some college,Bachelor's+,3,4.0,Partner higher,yes,,yes,,0.75,"white, non-hispanic","white, non-hispanic","White, Non-Hispanic",no (not latino or hispanic),white
1122591,52964,,,"$35,000 to $39,999",high school graduate - high school diploma or the equivalent (ged),,,10,Low,HS,,2,,,,,,,,"white, non-hispanic","white, non-hispanic",,,
1123532,39938,39938.0,39938.0,"$100,000 to $124,999",high school graduate - high school diploma or the equivalent (ged),12th grade no diploma,i earned more,16,High,HS,Less than HS,2,1.0,Respondent higher,,,,,32.0,"white, non-hispanic","white, non-hispanic","White, Non-Hispanic",no (not latino or hispanic),white
1124611,22102,22102.0,22102.0,"$50,000 to $59,999","some college, no degree",hs graduate or ged,partner earned more,12,Middle,Some college,HS,3,2.0,Respondent higher,,,,,42.0,"white, non-hispanic","white, non-hispanic","White, Non-Hispanic",no (not latino or hispanic),white
1126643,28899,,,"$15,000 to $19,999","some college, no degree",,,6,Low,Some college,,3,,,,,,,,"white, non-hispanic","white, non-hispanic",,,
1127351,3584,3584.0,3584.0,"$100,000 to $124,999",associate degree,master's degree,partner earned more,16,High,Some college,Bachelor's+,3,4.0,Partner higher,,,,,14.0,"white, non-hispanic","white, non-hispanic",,no (not latino or hispanic),white
1128705,2333,,,"$10,000 to $12,499",associate degree,,,4,Low,Some college,,3,,,,,,,,"white, non-hispanic","white, non-hispanic","White, Non-Hispanic",,
1129655,146324,,,"$100,000 to $124,999",masters degree,,,16,High,Bachelor's+,,4,,,,,,,,"white, non-hispanic","white, non-hispanic",,,
1130254,74937,74937.0,74937.0,"$30,000 to $34,999",high school graduate - high school diploma or the equivalent (ged),hs graduate or ged,i earned more,9,Low,HS,HS,2,2.0,Same education level,,,,,8.0,"white, non-hispanic","white, non-hispanic","White, Non-Hispanic",no (not latino or hispanic),white
1131421,128161,128161.0,128161.0,"$60,000 to $74,999",masters degree,bachelor's degree,i earned more,13,Middle,Bachelor's+,Bachelor's+,4,4.0,Same education level,,,,,14.0,"white, non-hispanic","white, non-hispanic","White, Non-Hispanic",no (not latino or hispanic),black or african american
1132733,6103,,,"$7,500 to $9,999","some college, no degree",,,3,Low,Some college,,3,,,,,,,,"2+ races, non-hispanic","2+ races, non-hispanic",,,
1133286,50833,50833.0,50833.0,"$35,000 to $39,999",associate degree,hs graduate or ged,partner earned more,10,Low,Some college,HS,3,2.0,Respondent higher,yes,,yes,,10.0,"white, non-hispanic","white, non-hispanic",,no (not latino or hispanic),white
1134571,1915,1915.0,1915.0,"$85,000 to $99,999",professional or doctorate degree,bachelor's degree,partner earned more,15,High,Bachelor's+,Bachelor's+,4,4.0,Same education level,,,,,38.0,"white, non-hispanic","white, non-hispanic","White, Non-Hispanic",no (not latino or hispanic),white
1135451,798,798.0,798.0,"$25,000 to $29,999",professional or doctorate degree,hs graduate or ged,we earned about the same amount,8,Low,Bachelor's+,HS,4,2.0,Respondent higher,,,,,13.0,"white, non-hispanic","white, non-hispanic","White, Non-Hispanic",no (not latino or hispanic),white
1136341,106194,106194.0,106194.0,"$100,000 to $124,999","some college, no degree",master's degree,we earned about the same amount,16,High,Some college,Bachelor's+,3,4.0,Partner higher,,,,,6.0,"white, non-hispanic","white, non-hispanic","White, Non-Hispanic",no (not latino or hispanic),white
1137461,95211,95211.0,95211.0,"$25,000 to $29,999",10th grade,9th grade,partner earned more,8,Low,Less than HS,Less than HS,1,1.0,Same education level,,,,,24.0,"white, non-hispanic","white, non-hispanic","White, Non-Hispanic",no (not latino or hispanic),white
1138226,97497,97497.0,97497.0,"$60,000 to $74,999",associate degree,hs graduate or ged,partner earned more,13,Middle,Some college,HS,3,2.0,Respondent higher,,,,,4.0,"white, non-hispanic","white, non-hispanic",,no (not latino or hispanic),white
1139294,12664,,,"$60,000 to $74,999",bachelors degree,,,13,Middle,Bachelor's+,,4,,,,,,,,"white, non-hispanic","white, non-hispanic","White, Non-Hispanic",,
1140623,60072,60072.0,60072.0,"$35,000 to $39,999",11th grade,"some college, no degree",partner earned more,10,Low,Less than HS,Some college,1,3.0,Partner higher,yes,,yes,,4.0,hispanic,hispanic,,no (not latino or hispanic),white
1142643,70463,,,"$25,000 to $29,999",high school graduate - high school diploma or the equivalent (ged),,,8,Low,HS,,2,,,,,,,,"white, non-hispanic","white, non-hispanic","White, Non-Hispanic",,
1144612,101048,101048.0,101048.0,"$25,000 to $29,999",professional or doctorate degree,bachelor's degree,partner earned more,8,Low,Bachelor's+,Bachelor's+,4,4.0,Same education level,,,,,19.0,"white, non-hispanic",,,no (not latino or hispanic),white
1145473,1486,1486.0,1486.0,"$12,500 to $14,999","some college, no degree","some college, no degree",partner earned more,5,Low,Some college,Some college,3,3.0,Same education level,yes,,yes,,4.0,"white, non-hispanic","white, non-hispanic","White, Non-Hispanic",no (not latino or hispanic),white
1146742,38864,38864.0,38864.0,"$20,000 to $24,999",high school graduate - high school diploma or the equivalent (ged),hs graduate or ged,i earned more,7,Low,HS,HS,2,2.0,Same education level,yes,,yes,,1.5,"white, non-hispanic","white, non-hispanic",,no (not latino or hispanic),white
1147471,44053,44053.0,44053.0,"$75,000 to $84,999",11th grade,hs graduate or ged,partner earned more,14,High,Less than HS,HS,1,2.0,Partner higher,,,,,31.0,"white, non-hispanic",,,no (not latino or hispanic),white
1148571,26225,26225.0,26225.0,"$75,000 to $84,999","some college, no degree",bachelor's degree,i earned more,14,High,Some college,Bachelor's+,3,4.0,Partner higher,,,,,12.0,"white, non-hispanic","white, non-hispanic","White, Non-Hispanic",no (not latino or hispanic),white
1149591,37561,37561.0,37561.0,"$85,000 to $99,999",masters degree,"some college, no degree",we earned about the same amount,15,High,Bachelor's+,Some college,4,3.0,Respondent higher,,,,,44.0,"white, non-hispanic","white, non-hispanic","White, Non-Hispanic",no (not latino or hispanic),white
1150405,67448,,,"$20,000 to $24,999",high school graduate - high school diploma or the equivalent (ged),,,7,Low,HS,,2,,,,,,,,hispanic,"white, non-hispanic",,,
1152556,2121,2121.0,2121.0,"$85,000 to $99,999","some college, no degree",bachelor's degree,i earned more,15,High,Some college,Bachelor's+,3,4.0,Partner higher,yes,,yes,,28.0,"white, non-hispanic","white, non-hispanic","White, Non-Hispanic",no (not latino or hispanic),white
1153741,37439,37439.0,37439.0,"$15,000 to $19,999",11th grade,hs graduate or ged,we earned about the same amount,6,Low,Less than HS,HS,1,2.0,Partner higher,,,,,55.0,"white, non-hispanic","white, non-hispanic","White, Non-Hispanic",no (not latino or hispanic),white
1154421,23619,23619.0,23619.0,"$150,000 to $174,999",high school graduate - high school diploma or the equivalent (ged),11th grade,i earned more,18,High,HS,Less than HS,2,1.0,Respondent higher,,,,,16.0,"white, non-hispanic","white, non-hispanic",,no (not latino or hispanic),white
1155496,24899,24899.0,24899.0,"$125,000 to $149,999",masters degree,hs graduate or ged,i earned more,17,High,Bachelor's+,HS,4,2.0,Respondent higher,yes,,yes,,28.0,"2+ races, non-hispanic","white, non-hispanic","White, Non-Hispanic",no (not latino or hispanic),white
1156455,2188,,,"$60,000 to $74,999",masters degree,,,13,Middle,Bachelor's+,,4,,,,,,,,"white, non-hispanic","white, non-hispanic",,,
1157671,47004,47004.0,47004.0,"$85,000 to $99,999",associate degree,associate degree,partner earned more,15,High,Some college,Some college,3,3.0,Same education level,,,,,42.0,"white, non-hispanic","white, non-hispanic",,no (not latino or hispanic),white
1158513,83267,,,"$30,000 to $34,999","some college, no degree",,,9,Low,Some college,,3,,,,,,,,"white, non-hispanic","white, non-hispanic","White, Non-Hispanic",,
1159593,43882,,,"less than $5,000",high school graduate - high school diploma or the equivalent (ged),,,1,Low,HS,,2,,,,,,,,"white, non-hispanic",,,,
1160731,46631,46631.0,46631.0,"$25,000 to $29,999",11th grade,hs graduate or ged,i earned more,8,Low,Less than HS,HS,1,2.0,Partner higher,,,,,55.0,"white, non-hispanic","white, non-hispanic","White, Non-Hispanic",no (not latino or hispanic),white
1161581,11400,,,"$30,000 to $34,999","some college, no degree",,,9,Low,Some college,,3,,,,,,,,"2+ races, non-hispanic","white, non-hispanic",,,
1162493,34748,34748.0,34748.0,"$50,000 to $59,999",bachelors degree,professional or doctorate degree,partner earned more,12,Middle,Bachelor's+,Bachelor's+,4,4.0,Same education level,no,we broke up,,,4.0,"white, non-hispanic","white, non-hispanic","White, Non-Hispanic",no (not latino or hispanic),white
1163761,48694,48694.0,48694.0,"$35,000 to $39,999","some college, no degree",hs graduate or ged,i earned more,10,Low,Some college,HS,3,2.0,Respondent higher,,,,,59.0,"white, non-hispanic","white, non-hispanic",,no (not latino or hispanic),white
1164235,241288,241288.0,241288.0,"$40,000 to $49,999",high school graduate - high school diploma or the equivalent (ged),"some college, no degree",partner earned more,11,Middle,HS,Some college,2,3.0,Partner higher,,,,,0.75,hispanic,hispanic,,no (not latino or hispanic),black or african american
1166341,42250,42250.0,42250.0,"$100,000 to $124,999",masters degree,master's degree,i earned more,16,High,Bachelor's+,Bachelor's+,4,4.0,Same education level,,,,,13.0,"white, non-hispanic","white, non-hispanic","White, Non-Hispanic",no (not latino or hispanic),white
1167742,13465,,,"$25,000 to $29,999","some college, no degree",,,8,Low,Some college,,3,,,,,,,,"white, non-hispanic","white, non-hispanic","White, Non-Hispanic",,
1168762,64098,,,"$25,000 to $29,999",bachelors degree,,,8,Low,Bachelor's+,,4,,,,,,,,"white, non-hispanic","white, non-hispanic","White, Non-Hispanic",,
1169771,33356,33356.0,33356.0,"$20,000 to $24,999",10th grade,10th grade,refused,7,Low,Less than HS,Less than HS,1,1.0,Same education level,,,,,61.0,"white, non-hispanic","white, non-hispanic",,no (not latino or hispanic),white
1170601,116926,116926.0,116926.0,"$25,000 to $29,999",associate degree,"some college, no degree",partner earned more,8,Low,Some college,Some college,3,3.0,Same education level,,,,,13.0,"white, non-hispanic","white, non-hispanic",,no (not latino or hispanic),white
1171561,44200,44200.0,44200.0,"$50,000 to $59,999",11th grade,associate degree,we earned about the same amount,12,Middle,Less than HS,Some college,1,3.0,Partner higher,,,,,20.0,"white, non-hispanic","white, non-hispanic","White, Non-Hispanic",no (not latino or hispanic),white
1172792,67851,,,"$40,000 to $49,999","some college, no degree",,,11,Middle,Some college,,3,,,,,,,,"white, non-hispanic","white, non-hispanic","White, Non-Hispanic",,
1173661,97945,97945.0,97945.0,"$25,000 to $29,999","some college, no degree","some college, no degree",we earned about the same amount,8,Low,Some college,Some college,3,3.0,Same education level,,,,,10.0,"white, non-hispanic","white, non-hispanic","White, Non-Hispanic",no (not latino or hispanic),white
1174565,2911,,,"$60,000 to $74,999",masters degree,,,13,Middle,Bachelor's+,,4,,,,,,,,"white, non-hispanic","white, non-hispanic","White, Non-Hispanic",,
1175723,69217,,,"$20,000 to $24,999",associate degree,,,7,Low,Some college,,3,,,,,,,,"white, non-hispanic","white, non-hispanic","White, Non-Hispanic",,
1176743,68618,,,"$20,000 to $24,999","some college, no degree",,,7,Low,Some college,,3,,,,,,,,"white, non-hispanic","white, non-hispanic","White, Non-Hispanic",,
1177285,86967,86967.0,86967.0,"$12,500 to $14,999",bachelors degree,9th grade,we earned about the same amount,5,Low,Bachelor's+,Less than HS,4,1.0,Respondent higher,yes,,no,We broke up,0.45,"white, non-hispanic","white, non-hispanic","White, Non-Hispanic",no (not latino or hispanic),white
1178543,68740,,,"less than $5,000","some college, no degree",,,1,Low,Some college,,3,,,,,,,,"white, non-hispanic","white, non-hispanic",,,
1179591,48153,48153.0,48153.0,"$60,000 to $74,999",high school graduate - high school diploma or the equivalent (ged),hs graduate or ged,partner earned more,13,Middle,HS,HS,2,2.0,Same education level,,,,,44.0,"white, non-hispanic","white, non-hispanic","White, Non-Hispanic",no (not latino or hispanic),white
1180271,106683,106683.0,106683.0,"$175,000 or more","some college, no degree","some college, no degree",i earned more,19,High,Some college,Some college,3,3.0,Same education level,,,,,11.0,"white, non-hispanic","white, non-hispanic","White, Non-Hispanic",no (not latino or hispanic),white
1181656,36060,36060.0,36060.0,"$20,000 to $24,999",7th or 8th grade,hs graduate or ged,partner earned more,7,Low,Less than HS,HS,1,2.0,Partner higher,yes,,yes,,13.0,"white, non-hispanic","white, non-hispanic","White, Non-Hispanic",no (not latino or hispanic),white
1182613,51330,,,"$35,000 to $39,999","some college, no degree",,,10,Low,Some college,,3,,,,,,,,"white, non-hispanic","white, non-hispanic","White, Non-Hispanic",,
1183831,50766,50766.0,50766.0,"$50,000 to $59,999",10th grade,"some college, no degree",we earned about the same amount,12,Middle,Less than HS,Some college,1,3.0,Partner higher,,,,,65.0,"white, non-hispanic","white, non-hispanic",,no (not latino or hispanic),white
1184501,1869,1869.0,1869.0,"$100,000 to $124,999",bachelors degree,bachelor's degree,partner earned more,16,High,Bachelor's+,Bachelor's+,4,4.0,Same education level,,,,,32.0,"white, non-hispanic","white, non-hispanic","White, Non-Hispanic",no (not latino or hispanic),white
1185644,16965,16965.0,16965.0,"$15,000 to $19,999",high school graduate - high school diploma or the equivalent (ged),"some college, no degree",partner earned more,6,Low,HS,Some college,2,3.0,Partner higher,,,,,22.0,"2+ races, non-hispanic","2+ races, non-hispanic",,no (not latino or hispanic),white
1187235,56283,56283.0,56283.0,"$75,000 to $84,999",bachelors degree,hs graduate or ged,we earned about the same amount,14,High,Bachelor's+,HS,4,2.0,Respondent higher,yes,,yes,,1.5,"white, non-hispanic","white, non-hispanic","White, Non-Hispanic","yes, other latino/hispanic",black or african american
1188821,56739,56739.0,56739.0,"$12,500 to $14,999",12th grade no diploma,12th grade no diploma,i earned more,5,Low,Less than HS,Less than HS,1,1.0,Same education level,,,,,61.0,"white, non-hispanic","white, non-hispanic","White, Non-Hispanic",no (not latino or hispanic),white
1189486,2326,2326.0,2326.0,"$75,000 to $84,999",bachelors degree,bachelor's degree,partner earned more,14,High,Bachelor's+,Bachelor's+,4,4.0,Same education level,yes,,yes,,20.0,"white, non-hispanic","white, non-hispanic","White, Non-Hispanic",no (not latino or hispanic),white
1190613,75742,,,"$12,500 to $14,999",associate degree,,,5,Low,Some college,,3,,,,,,,,"white, non-hispanic","white, non-hispanic","White, Non-Hispanic",,
1193586,1093,1093.0,1093.0,"$175,000 or more",masters degree,10th grade,i earned more,19,High,Bachelor's+,Less than HS,4,1.0,Respondent higher,,,,,7.0,"white, non-hispanic","white, non-hispanic",,no (not latino or hispanic),white
1195802,90718,,,"$20,000 to $24,999",bachelors degree,,,7,Low,Bachelor's+,,4,,,,,,,,"white, non-hispanic",,,,
1197633,37343,,,"$75,000 to $84,999","some college, no degree",,,14,High,Some college,,3,,,,,,,,"white, non-hispanic","white, non-hispanic",,,
1198411,63107,63107.0,63107.0,"$60,000 to $74,999","some college, no degree",hs graduate or ged,partner earned more,13,Middle,Some college,HS,3,2.0,Respondent higher,,,,,22.0,"white, non-hispanic","white, non-hispanic","White, Non-Hispanic",no (not latino or hispanic),white
1199541,31584,31584.0,31584.0,"$15,000 to $19,999",9th grade,hs graduate or ged,partner earned more,6,Low,Less than HS,HS,1,2.0,Partner higher,,,,,35.0,"white, non-hispanic","white, non-hispanic",,no (not latino or hispanic),white
1200626,2312,2312.0,2312.0,"$100,000 to $124,999",masters degree,master's degree,we earned about the same amount,16,High,Bachelor's+,Bachelor's+,4,4.0,Same education level,,,,,14.0,"white, non-hispanic","white, non-hispanic","White, Non-Hispanic",no (not latino or hispanic),white
1201475,11400,,,"$20,000 to $24,999",bachelors degree,,,7,Low,Bachelor's+,,4,,,,,,,,"2+ races, non-hispanic","2+ races, non-hispanic","2+ Races, Non-Hispanic",,
1202681,62624,62624.0,62624.0,"$12,500 to $14,999","some college, no degree",hs graduate or ged,we earned about the same amount,5,Low,Some college,HS,3,2.0,Respondent higher,,,,,50.0,"white, non-hispanic","white, non-hispanic",,no (not latino or hispanic),white
1203431,45879,45879.0,45879.0,"$175,000 or more",bachelors degree,bachelor's degree,partner earned more,19,High,Bachelor's+,Bachelor's+,4,4.0,Same education level,,,,,20.0,"white, non-hispanic",,,no (not latino or hispanic),white
1204395,2304,2304.0,2304.0,"$40,000 to $49,999",professional or doctorate degree,associate degree,partner earned more,11,Middle,Bachelor's+,Some college,4,3.0,Respondent higher,yes,,yes,,1.5,"white, non-hispanic","white, non-hispanic","White, Non-Hispanic","yes, other latino/hispanic",other (please specify)
1205802,85949,85949.0,85949.0,"$12,500 to $14,999",12th grade no diploma,hs graduate or ged,refused,5,Low,Less than HS,HS,1,2.0,Partner higher,,,,,47.0,hispanic,hispanic,,"yes, mexican, mexican american, chicano",white
1206512,49221,49221.0,49221.0,"$35,000 to $39,999",high school graduate - high school diploma or the equivalent (ged),"some college, no degree",partner earned more,10,Low,HS,Some college,2,3.0,Partner higher,no,we broke up,,,27.0,"white, non-hispanic","white, non-hispanic","White, Non-Hispanic",no (not latino or hispanic),white
1207731,37240,37240.0,37240.0,"$10,000 to $12,499",bachelors degree,"some college, no degree",i earned more,4,Low,Bachelor's+,Some college,4,3.0,Respondent higher,,,,,53.0,"white, non-hispanic","white, non-hispanic",,no (not latino or hispanic),white
1208205,155155,155155.0,155155.0,"$30,000 to $34,999",high school graduate - high school diploma or the equivalent (ged),"some college, no degree",partner earned more,9,Low,HS,Some college,2,3.0,Partner higher,yes,,,,0.45,hispanic,hispanic,Hispanic,no (not latino or hispanic),asian or pacific islander
1209621,1992,1992.0,1992.0,"$35,000 to $39,999","some college, no degree",associate degree,i earned more,10,Low,Some college,Some college,3,3.0,Same education level,,,,,28.0,"white, non-hispanic","white, non-hispanic","White, Non-Hispanic",no (not latino or hispanic),white
1210536,1051,1051.0,1051.0,"$125,000 to $149,999",masters degree,master's degree,partner earned more,17,High,Bachelor's+,Bachelor's+,4,4.0,Same education level,yes,,yes,,4.0,"white, non-hispanic","white, non-hispanic","White, Non-Hispanic","yes, puerto rican",white
1211463,1130,,,"$35,000 to $39,999",associate degree,,,10,Low,Some college,,3,,,,,,,,"white, non-hispanic","white, non-hispanic","White, Non-Hispanic",,
1213771,77489,77489.0,77489.0,"$35,000 to $39,999","some college, no degree",hs graduate or ged,i earned more,10,Low,Some college,HS,3,2.0,Respondent higher,,,,,50.0,"black, non-hispanic","black, non-hispanic",,no (not latino or hispanic),black or african american
1214546,78677,78677.0,78677.0,"$5,000 to $7,499",associate degree,bachelor's degree,i earned more,2,Low,Some college,Bachelor's+,3,4.0,Partner higher,yes,,,,4.0,hispanic,hispanic,Hispanic,no (not latino or hispanic),white
1215515,29300,,,"$35,000 to $39,999","some college, no degree",,,10,Low,Some college,,3,,,,,,,,"white, non-hispanic","white, non-hispanic",,,
1216365,49597,49597.0,49597.0,"$25,000 to $29,999",high school graduate - high school diploma or the equivalent (ged),bachelor's degree,i earned more,8,Low,HS,Bachelor's+,2,4.0,Partner higher,yes,,yes,,12.0,"black, non-hispanic","black, non-hispanic","Black, Non-Hispanic",no (not latino or hispanic),black or african american
1217341,63018,63018.0,63018.0,"$20,000 to $24,999","some college, no degree","some college, no degree",i earned more,7,Low,Some college,Some college,3,3.0,Same education level,,,,,10.0,"white, non-hispanic","white, non-hispanic","White, Non-Hispanic",no (not latino or hispanic),white
1219921,79064,79064.0,79064.0,"$25,000 to $29,999",high school graduate - high school diploma or the equivalent (ged),hs graduate or ged,i earned more,8,Low,HS,HS,2,2.0,Same education level,,,,,70.0,"white, non-hispanic","white, non-hispanic","White, Non-Hispanic",no (not latino or hispanic),white
1220631,139185,139185.0,139185.0,"$50,000 to $59,999",bachelors degree,bachelor's degree,partner earned more,12,Middle,Bachelor's+,Bachelor's+,4,4.0,Same education level,,,,,29.0,"other, non-hispanic","other, non-hispanic",,no (not latino or hispanic),asian or pacific islander
1222671,106650,106650.0,106650.0,"$60,000 to $74,999",masters degree,"some college, no degree",i earned more,13,Middle,Bachelor's+,Some college,4,3.0,Respondent higher,,,,,49.0,"white, non-hispanic","white, non-hispanic",,no (not latino or hispanic),white
1223621,85226,85226.0,85226.0,"$30,000 to $34,999",high school graduate - high school diploma or the equivalent (ged),"some college, no degree",i earned more,9,Low,HS,Some college,2,3.0,Partner higher,,,,,31.0,hispanic,hispanic,Hispanic,"yes, puerto rican",asian or pacific islander
1224473,63740,,,"$40,000 to $49,999","some college, no degree",,,11,Middle,Some college,,3,,,,,,,,"white, non-hispanic","white, non-hispanic",,,
1225585,15906,15906.0,15906.0,"$100,000 to $124,999",bachelors degree,bachelor's degree,we earned about the same amount,16,High,Bachelor's+,Bachelor's+,4,4.0,Same education level,no,other (please describe),,,0.15,"white, non-hispanic","white, non-hispanic","White, Non-Hispanic",no (not latino or hispanic),white
1226651,2264,2264.0,2264.0,"$125,000 to $149,999",masters degree,master's degree,partner earned more,17,High,Bachelor's+,Bachelor's+,4,4.0,Same education level,,,,,43.0,"white, non-hispanic","white, non-hispanic","White, Non-Hispanic",no (not latino or hispanic),white
1228415,3246,3246.0,3246.0,"$60,000 to $74,999",masters degree,master's degree,i earned more,13,Middle,Bachelor's+,Bachelor's+,4,4.0,Same education level,no,other (please describe),,,0.45,"white, non-hispanic","white, non-hispanic","White, Non-Hispanic",no (not latino or hispanic),white
1232501,38350,38350.0,38350.0,"$75,000 to $84,999",high school graduate - high school diploma or the equivalent (ged),hs graduate or ged,partner earned more,14,High,HS,HS,2,2.0,Same education level,,,,,29.0,"white, non-hispanic","white, non-hispanic","White, Non-Hispanic",no (not latino or hispanic),white
1233501,53339,53339.0,53339.0,"$75,000 to $84,999",high school graduate - high school diploma or the equivalent (ged),hs graduate or ged,i earned more,14,High,HS,HS,2,2.0,Same education level,,,,,34.0,"white, non-hispanic","white, non-hispanic","White, Non-Hispanic",no (not latino or hispanic),white
1234331,198454,198454.0,198454.0,"$60,000 to $74,999",high school graduate - high school diploma or the equivalent (ged),hs graduate or ged,we earned about the same amount,13,Middle,HS,HS,2,2.0,Same education level,,,,,15.0,"white, non-hispanic",,"White, Non-Hispanic",no (not latino or hispanic),white
1235316,57568,57568.0,57568.0,"$15,000 to $19,999",9th grade,hs graduate or ged,i earned more,6,Low,Less than HS,HS,1,2.0,Partner higher,yes,,,,12.0,"white, non-hispanic","white, non-hispanic","White, Non-Hispanic",no (not latino or hispanic),white
1236265,56100,,,"$125,000 to $149,999","some college, no degree",,,17,High,Some college,,3,,,,,,,,hispanic,hispanic,,,
1238555,83696,,,"$12,500 to $14,999",high school graduate - high school diploma or the equivalent (ged),,,5,Low,HS,,2,,,,,,,,"white, non-hispanic","white, non-hispanic",,,
1239625,2178,,,"$100,000 to $124,999",masters degree,,,16,High,Bachelor's+,,4,,,,,,,,"white, non-hispanic","white, non-hispanic",,,
1240456,2603,2603.0,2603.0,"$40,000 to $49,999","some college, no degree",hs graduate or ged,i earned more,11,Middle,Some college,HS,3,2.0,Respondent higher,yes,,,,10.0,"white, non-hispanic","white, non-hispanic",,"yes, mexican, mexican american, chicano",white
1241521,93133,93133.0,93133.0,"$75,000 to $84,999",bachelors degree,professional or doctorate degree,partner earned more,14,High,Bachelor's+,Bachelor's+,4,4.0,Same education level,,,,,29.0,"other, non-hispanic",hispanic,Hispanic,no (not latino or hispanic),white
1243681,55186,55186.0,55186.0,"$40,000 to $49,999",high school graduate - high school diploma or the equivalent (ged),associate degree,we earned about the same amount,11,Middle,HS,Some college,2,3.0,Partner higher,,,,,50.0,"white, non-hispanic","white, non-hispanic","White, Non-Hispanic",no (not latino or hispanic),white
1245475,57979,,,"$12,500 to $14,999",high school graduate - high school diploma or the equivalent (ged),,,5,Low,HS,,2,,,,,,,,"white, non-hispanic","white, non-hispanic","White, Non-Hispanic",,
1247592,54998,,,"$12,500 to $14,999",high school graduate - high school diploma or the equivalent (ged),,,5,Low,HS,,2,,,,,,,,"white, non-hispanic","white, non-hispanic",,,
1248543,69181,,,"$40,000 to $49,999",high school graduate - high school diploma or the equivalent (ged),,,11,Middle,HS,,2,,,,,,,,"white, non-hispanic","white, non-hispanic","White, Non-Hispanic",,
1249671,54916,54916.0,54916.0,"$40,000 to $49,999",11th grade,hs graduate or ged,i earned more,11,Middle,Less than HS,HS,1,2.0,Partner higher,,,,,47.0,"white, non-hispanic","white, non-hispanic",,no (not latino or hispanic),white
1250456,2020,2020.0,2020.0,"$100,000 to $124,999",professional or doctorate degree,associate degree,i earned more,16,High,Bachelor's+,Some college,4,3.0,Respondent higher,yes,,,,2.5,"white, non-hispanic","white, non-hispanic","White, Non-Hispanic",no (not latino or hispanic),white
1251205,55619,,,"$40,000 to $49,999",high school graduate - high school diploma or the equivalent (ged),,,11,Middle,HS,,2,,,,,,,,"white, non-hispanic","white, non-hispanic","White, Non-Hispanic",,
1252476,2975,2975.0,2975.0,"$75,000 to $84,999",masters degree,master's degree,we earned about the same amount,14,High,Bachelor's+,Bachelor's+,4,4.0,Same education level,yes,,yes,,6.0,hispanic,hispanic,Hispanic,no (not latino or hispanic),white
1253471,44077,44077.0,44077.0,"$125,000 to $149,999",high school graduate - high school diploma or the equivalent (ged),associate degree,i earned more,17,High,HS,Some college,2,3.0,Partner higher,,,,,5.0,"black, non-hispanic","black, non-hispanic","Black, Non-Hispanic","yes, other latino/hispanic",other (please specify)
1254703,62459,62459.0,62459.0,"$40,000 to $49,999",7th or 8th grade,hs graduate or ged,i earned more,11,Middle,Less than HS,HS,1,2.0,Partner higher,,,,,8.0,"white, non-hispanic","white, non-hispanic",,no (not latino or hispanic),white
1255801,158551,158551.0,158551.0,"$20,000 to $24,999",7th or 8th grade,associate degree,i earned more,7,Low,Less than HS,Some college,1,3.0,Partner higher,,,,,60.0,"white, non-hispanic","white, non-hispanic",,"yes, mexican, mexican american, chicano",white
1256565,17298,17298.0,17298.0,"$60,000 to $74,999",bachelors degree,bachelor's degree,i earned more,13,Middle,Bachelor's+,Bachelor's+,4,4.0,Same education level,,,,,5.0,"white, non-hispanic","white, non-hispanic",,no (not latino or hispanic),white
1257371,49363,49363.0,49363.0,"$75,000 to $84,999",masters degree,associate degree,i earned more,14,High,Bachelor's+,Some college,4,3.0,Respondent higher,,,,,16.0,"white, non-hispanic","white, non-hispanic","White, Non-Hispanic",no (not latino or hispanic),white
1258751,44803,44803.0,44803.0,"$25,000 to $29,999",high school graduate - high school diploma or the equivalent (ged),bachelor's degree,i earned more,8,Low,HS,Bachelor's+,2,4.0,Partner higher,,,,,54.0,"white, non-hispanic","white, non-hispanic","White, Non-Hispanic",no (not latino or hispanic),white
1259495,57601,,,"$5,000 to $7,499",high school graduate - high school diploma or the equivalent (ged),,,2,Low,HS,,2,,,,,,,,"white, non-hispanic","white, non-hispanic","White, Non-Hispanic",,
1260536,1706,1706.0,1706.0,"$100,000 to $124,999",bachelors degree,bachelor's degree,i earned more,16,High,Bachelor's+,Bachelor's+,4,4.0,Same education level,yes,,yes,,14.0,"white, non-hispanic","white, non-hispanic","White, Non-Hispanic",no (not latino or hispanic),white
1261401,37911,37911.0,37911.0,"$50,000 to $59,999",high school graduate - high school diploma or the equivalent (ged),hs graduate or ged,i earned more,12,Middle,HS,HS,2,2.0,Same education level,,,,,15.0,"white, non-hispanic","white, non-hispanic","White, Non-Hispanic",no (not latino or hispanic),white
1262421,24957,24957.0,24957.0,"$60,000 to $74,999",high school graduate - high school diploma or the equivalent (ged),associate degree,partner earned more,13,Middle,HS,Some college,2,3.0,Partner higher,,,,,8.0,"2+ races, non-hispanic","2+ races, non-hispanic","2+ Races, Non-Hispanic","yes, mexican, mexican american, chicano",white
1263261,41270,41270.0,41270.0,"$20,000 to $24,999",bachelors degree,"some college, no degree",we earned about the same amount,7,Low,Bachelor's+,Some college,4,3.0,Respondent higher,,,,,4.0,"white, non-hispanic","white, non-hispanic","White, Non-Hispanic","yes, mexican, mexican american, chicano",other (please specify)
1265752,41798,41798.0,41798.0,"$7,500 to $9,999",high school graduate - high school diploma or the equivalent (ged),hs graduate or ged,i earned more,3,Low,HS,HS,2,2.0,Same education level,,,,,59.0,"white, non-hispanic","white, non-hispanic",,no (not latino or hispanic),white
1266516,729,729.0,729.0,"$50,000 to $59,999",bachelors degree,"some college, no degree",i earned more,12,Middle,Bachelor's+,Some college,4,3.0,Respondent higher,no,we broke up,,,17.0,"white, non-hispanic","white, non-hispanic","White, Non-Hispanic",no (not latino or hispanic),white
1267401,106824,106824.0,106824.0,"$60,000 to $74,999","some college, no degree",hs graduate or ged,i earned more,13,Middle,Some college,HS,3,2.0,Respondent higher,,,,,22.0,"white, non-hispanic","white, non-hispanic","White, Non-Hispanic",no (not latino or hispanic),white
1269411,4462,4462.0,4462.0,"$100,000 to $124,999",masters degree,hs graduate or ged,partner earned more,16,High,Bachelor's+,HS,4,2.0,Respondent higher,,,,,10.0,"white, non-hispanic","white, non-hispanic","White, Non-Hispanic",no (not latino or hispanic),white
1270636,2015,2015.0,2015.0,"$175,000 or more",professional or doctorate degree,professional or doctorate degree,partner earned more,19,High,Bachelor's+,Bachelor's+,4,4.0,Same education level,,,,,36.0,"white, non-hispanic","white, non-hispanic","White, Non-Hispanic",no (not latino or hispanic),white
1271456,786,786.0,786.0,"$100,000 to $124,999",bachelors degree,master's degree,we earned about the same amount,16,High,Bachelor's+,Bachelor's+,4,4.0,Same education level,yes,,yes,,15.0,"white, non-hispanic","white, non-hispanic",,no (not latino or hispanic),white
1272295,122593,,,"$7,500 to $9,999",associate degree,,,3,Low,Some college,,3,,,,,,,,hispanic,hispanic,,,
1273236,21880,21880.0,21880.0,"$20,000 to $24,999",associate degree,bachelor's degree,partner earned more,7,Low,Some college,Bachelor's+,3,4.0,Partner higher,yes,,yes,,4.0,"white, non-hispanic","white, non-hispanic","White, Non-Hispanic",no (not latino or hispanic),white
1274576,2361,2361.0,2361.0,"$100,000 to $124,999",masters degree,bachelor's degree,i earned more,16,High,Bachelor's+,Bachelor's+,4,4.0,Same education level,,,,,17.0,"white, non-hispanic","white, non-hispanic",,no (not latino or hispanic),white
1275585,90155,90155.0,90155.0,"$20,000 to $24,999",high school graduate - high school diploma or the equivalent (ged),"some college, no degree",partner earned more,7,Low,HS,Some college,2,3.0,Partner higher,yes,,no,"[xNameP] passed away, is deceased",0.45,"white, non-hispanic","white, non-hispanic","White, Non-Hispanic",no (not latino or hispanic),white
1277421,48526,48526.0,48526.0,"$100,000 to $124,999",high school graduate - high school diploma or the equivalent (ged),hs graduate or ged,i earned more,16,High,HS,HS,2,2.0,Same education level,,,,,24.0,"white, non-hispanic","white, non-hispanic",,no (not latino or hispanic),white
1278541,53925,53925.0,53925.0,"$125,000 to $149,999",masters degree,master's degree,partner earned more,17,High,Bachelor's+,Bachelor's+,4,4.0,Same education level,,,,,28.0,"white, non-hispanic","white, non-hispanic","White, Non-Hispanic",no (not latino or hispanic),white
1279296,55406,55406.0,55406.0,"$30,000 to $34,999",bachelors degree,bachelor's degree,i earned more,9,Low,Bachelor's+,Bachelor's+,4,4.0,Same education level,no,other (please describe),,,4.0,"white, non-hispanic","white, non-hispanic",,no (not latino or hispanic),white
1280305,51457,51457.0,51457.0,"$40,000 to $49,999",masters degree,master's degree,i earned more,11,Middle,Bachelor's+,Bachelor's+,4,4.0,Same education level,yes,,,,2.5,"white, non-hispanic","white, non-hispanic","White, Non-Hispanic",no (not latino or hispanic),white
1281395,2481,2481.0,2481.0,"$85,000 to $99,999",masters degree,professional or doctorate degree,partner earned more,15,High,Bachelor's+,Bachelor's+,4,4.0,Same education level,,,no,Other (please describe),6.0,"black, non-hispanic","black, non-hispanic",,no (not latino or hispanic),black or african american
1282355,39871,,,"$35,000 to $39,999",bachelors degree,,,10,Low,Bachelor's+,,4,,,,,,,,"white, non-hispanic","white, non-hispanic","White, Non-Hispanic",,
1283621,3521,3521.0,3521.0,"$15,000 to $19,999",high school graduate - high school diploma or the equivalent (ged),hs graduate or ged,i earned more,6,Low,HS,HS,2,2.0,Same education level,,,,,37.0,"white, non-hispanic","white, non-hispanic","White, Non-Hispanic",no (not latino or hispanic),white
1284701,69515,69515.0,69515.0,"$25,000 to $29,999",high school graduate - high school diploma or the equivalent (ged),hs graduate or ged,partner earned more,8,Low,HS,HS,2,2.0,Same education level,,,,,53.0,"white, non-hispanic","white, non-hispanic","White, Non-Hispanic",no (not latino or hispanic),white
1285703,916,916.0,916.0,"$60,000 to $74,999",masters degree,professional or doctorate degree,partner earned more,13,Middle,Bachelor's+,Bachelor's+,4,4.0,Same education level,no,we broke up,,,37.0,"white, non-hispanic","white, non-hispanic","White, Non-Hispanic",no (not latino or hispanic),white
1286415,3071,3071.0,3071.0,"$175,000 or more",bachelors degree,bachelor's degree,partner earned more,19,High,Bachelor's+,Bachelor's+,4,4.0,Same education level,yes,,yes,,4.0,"white, non-hispanic","white, non-hispanic","White, Non-Hispanic",no (not latino or hispanic),white
1287613,1513,1513.0,1513.0,"$15,000 to $19,999","some college, no degree","some college, no degree",we earned about the same amount,6,Low,Some college,Some college,3,3.0,Same education level,,,,,2.5,"white, non-hispanic","white, non-hispanic",,no (not latino or hispanic),white
1289291,52687,52687.0,52687.0,"$30,000 to $34,999","some college, no degree",hs graduate or ged,partner earned more,9,Low,Some college,HS,3,2.0,Respondent higher,,,,,15.0,"white, non-hispanic","white, non-hispanic","White, Non-Hispanic",no (not latino or hispanic),white
1290401,35965,35965.0,35965.0,"$100,000 to $124,999",bachelors degree,master's degree,i earned more,16,High,Bachelor's+,Bachelor's+,4,4.0,Same education level,,,,,7.0,"white, non-hispanic","white, non-hispanic","White, Non-Hispanic",no (not latino or hispanic),white
1291771,36887,36887.0,36887.0,"$50,000 to $59,999",12th grade no diploma,hs graduate or ged,i earned more,12,Middle,Less than HS,HS,1,2.0,Partner higher,,,,,51.0,"white, non-hispanic","white, non-hispanic",,no (not latino or hispanic),white
1293683,38360,,,"$35,000 to $39,999",high school graduate - high school diploma or the equivalent (ged),,,10,Low,HS,,2,,,,,,,,"white, non-hispanic","white, non-hispanic","White, Non-Hispanic",,
1294631,102468,102468.0,102468.0,"$40,000 to $49,999",high school graduate - high school diploma or the equivalent (ged),associate degree,i earned more,11,Middle,HS,Some college,2,3.0,Partner higher,,,,,42.0,"white, non-hispanic","white, non-hispanic",,no (not latino or hispanic),white
1296782,158624,,,"$20,000 to $24,999",high school graduate - high school diploma or the equivalent (ged),,,7,Low,HS,,2,,,,,,,,"white, non-hispanic","white, non-hispanic","White, Non-Hispanic",,
1297901,22137,22137.0,22137.0,"$35,000 to $39,999",11th grade,hs graduate or ged,i earned more,10,Low,Less than HS,HS,1,2.0,Partner higher,,,,,70.0,"white, non-hispanic","white, non-hispanic","White, Non-Hispanic",refused,white
1298581,23200,23200.0,23200.0,"$40,000 to $49,999",9th grade,hs graduate or ged,we earned about the same amount,11,Middle,Less than HS,HS,1,2.0,Partner higher,,,,,16.0,"2+ races, non-hispanic","white, non-hispanic","2+ Races, Non-Hispanic",no (not latino or hispanic),white
1299356,59020,59020.0,59020.0,"$30,000 to $34,999",high school graduate - high school diploma or the equivalent (ged),hs graduate or ged,partner earned more,9,Low,HS,HS,2,2.0,Same education level,,,,,8.0,hispanic,hispanic,Hispanic,"yes, mexican, mexican american, chicano",white
1300663,76314,,,"$30,000 to $34,999","some college, no degree",,,9,Low,Some college,,3,,,,,,,,"white, non-hispanic","white, non-hispanic","White, Non-Hispanic",,
1301626,1720,1720.0,1720.0,"$125,000 to $149,999",professional or doctorate degree,master's degree,we earned about the same amount,17,High,Bachelor's+,Bachelor's+,4,4.0,Same education level,yes,,yes,,37.0,"white, non-hispanic","white, non-hispanic","White, Non-Hispanic",no (not latino or hispanic),white
1302415,82619,82619.0,82619.0,"$50,000 to $59,999",bachelors degree,professional or doctorate degree,partner earned more,12,Middle,Bachelor's+,Bachelor's+,4,4.0,Same education level,yes,,yes,,1.5,"white, non-hispanic","white, non-hispanic","White, Non-Hispanic",no (not latino or hispanic),white
1303571,21311,21311.0,21311.0,"$75,000 to $84,999",masters degree,"some college, no degree",i earned more,14,High,Bachelor's+,Some college,4,3.0,Respondent higher,,,,,29.0,"white, non-hispanic","white, non-hispanic",,no (not latino or hispanic),white
1305741,47957,47957.0,47957.0,"$25,000 to $29,999",7th or 8th grade,hs graduate or ged,i earned more,8,Low,Less than HS,HS,1,2.0,Partner higher,,,,,57.0,"white, non-hispanic","white, non-hispanic",,no (not latino or hispanic),white
1306381,42276,42276.0,42276.0,"$60,000 to $74,999",bachelors degree,bachelor's degree,i earned more,13,Middle,Bachelor's+,Bachelor's+,4,4.0,Same education level,,,,,7.0,"white, non-hispanic","white, non-hispanic","White, Non-Hispanic",no (not latino or hispanic),white
1307306,15237,15237.0,15237.0,"$15,000 to $19,999",high school graduate - high school diploma or the equivalent (ged),"some college, no degree",partner earned more,6,Low,HS,Some college,2,3.0,Partner higher,,,,,4.0,"white, non-hispanic","white, non-hispanic",,no (not latino or hispanic),white
1308821,54971,54971.0,54971.0,"$20,000 to $24,999",bachelors degree,"some college, no degree",i earned more,7,Low,Bachelor's+,Some college,4,3.0,Respondent higher,,,,,62.0,"white, non-hispanic","white, non-hispanic",,no (not latino or hispanic),white
1309513,851,,,"$60,000 to $74,999",bachelors degree,,,13,Middle,Bachelor's+,,4,,,,,,,,"white, non-hispanic","white, non-hispanic","White, Non-Hispanic",,
1310523,3311,3311.0,3311.0,"$50,000 to $59,999",bachelors degree,"some college, no degree",we earned about the same amount,12,Middle,Bachelor's+,Some college,4,3.0,Respondent higher,yes,,yes,,0.75,"white, non-hispanic","white, non-hispanic","White, Non-Hispanic",no (not latino or hispanic),white
1311822,164757,,,"$20,000 to $24,999",high school graduate - high school diploma or the equivalent (ged),,,7,Low,HS,,2,,,,,,,,"black, non-hispanic","black, non-hispanic","Black, Non-Hispanic",,
1312301,95708,95708.0,95708.0,"$75,000 to $84,999",7th or 8th grade,7th or 8th grade,i earned more,14,High,Less than HS,Less than HS,1,1.0,Same education level,,,,,10.0,"white, non-hispanic","white, non-hispanic","White, Non-Hispanic",no (not latino or hispanic),white
1313431,23264,23264.0,23264.0,"$60,000 to $74,999",high school graduate - high school diploma or the equivalent (ged),associate degree,i earned more,13,Middle,HS,Some college,2,3.0,Partner higher,,,,,21.0,"2+ races, non-hispanic","white, non-hispanic","2+ Races, Non-Hispanic",no (not latino or hispanic),white
1314201,38603,38603.0,38603.0,"$75,000 to $84,999","some college, no degree","some college, no degree",partner earned more,14,High,Some college,Some college,3,3.0,Same education level,,,,,2.5,"white, non-hispanic","white, non-hispanic",,no (not latino or hispanic),white
1315536,7895,7895.0,7895.0,"$50,000 to $59,999",associate degree,"some college, no degree",partner earned more,12,Middle,Some college,Some college,3,3.0,Same education level,yes,,yes,,4.0,hispanic,hispanic,Hispanic,no (not latino or hispanic),white
1316391,51235,51235.0,51235.0,"$35,000 to $39,999",masters degree,bachelor's degree,partner earned more,10,Low,Bachelor's+,Bachelor's+,4,4.0,Same education level,,,,,17.0,"white, non-hispanic","white, non-hispanic","White, Non-Hispanic",no (not latino or hispanic),white
1317503,87163,,,"$5,000 to $7,499",9th grade,,,2,Low,Less than HS,,1,,,,,,,,"white, non-hispanic","white, non-hispanic","White, Non-Hispanic",,
1318833,1544,,,"$7,500 to $9,999",masters degree,,,3,Low,Bachelor's+,,4,,,,,,,,"white, non-hispanic","white, non-hispanic","White, Non-Hispanic",,
1319523,126319,,,"$40,000 to $49,999",high school graduate - high school diploma or the equivalent (ged),,,11,Middle,HS,,2,,,,,,,,"white, non-hispanic","white, non-hispanic",,,
1320215,63933,63933.0,63933.0,"$125,000 to $149,999","some college, no degree","some college, no degree",i earned more,17,High,Some college,Some college,3,3.0,Same education level,yes,,,,5.0,"white, non-hispanic","white, non-hispanic",,no (not latino or hispanic),white
1322205,54725,,,"$125,000 to $149,999",high school graduate - high school diploma or the equivalent (ged),,,17,High,HS,,2,,,,,,,,"white, non-hispanic","white, non-hispanic","White, Non-Hispanic",,
1323596,34276,34276.0,34276.0,"$85,000 to $99,999",professional or doctorate degree,"some college, no degree",partner earned more,15,High,Bachelor's+,Some college,4,3.0,Respondent higher,,,,,13.0,hispanic,hispanic,Hispanic,"yes, mexican, mexican american, chicano",other (please specify)
1325391,62612,62612.0,62612.0,"$50,000 to $59,999",high school graduate - high school diploma or the equivalent (ged),"some college, no degree",partner earned more,12,Middle,HS,Some college,2,3.0,Partner higher,,,,,24.0,"white, non-hispanic","white, non-hispanic",,no (not latino or hispanic),white
1326451,46255,46255.0,46255.0,"$60,000 to $74,999",12th grade no diploma,hs graduate or ged,i earned more,13,Middle,Less than HS,HS,1,2.0,Partner higher,,,,,19.0,"white, non-hispanic","white, non-hispanic","White, Non-Hispanic",no (not latino or hispanic),white
1327693,1787,1787.0,1787.0,"$40,000 to $49,999","some college, no degree",hs graduate or ged,i earned more,11,Middle,Some college,HS,3,2.0,Respondent higher,yes,,yes,,15.0,"white, non-hispanic","white, non-hispanic","White, Non-Hispanic",no (not latino or hispanic),black or african american
1328713,39441,39441.0,39441.0,"$175,000 or more",11th grade,hs graduate or ged,i earned more,19,High,Less than HS,HS,1,2.0,Partner higher,,,,,39.0,"white, non-hispanic","white, non-hispanic","White, Non-Hispanic",no (not latino or hispanic),white
1329235,57133,57133.0,57133.0,"$75,000 to $84,999",bachelors degree,master's degree,i earned more,14,High,Bachelor's+,Bachelor's+,4,4.0,Same education level,yes,,,,2.5,"white, non-hispanic","white, non-hispanic","White, Non-Hispanic",no (not latino or hispanic),white
1330251,60182,60182.0,60182.0,"$40,000 to $49,999",bachelors degree,master's degree,i earned more,11,Middle,Bachelor's+,Bachelor's+,4,4.0,Same education level,,,,,4.0,"white, non-hispanic","white, non-hispanic","White, Non-Hispanic","yes, mexican, mexican american, chicano",white
1331645,2307,,,"$50,000 to $59,999","some college, no degree",,,12,Middle,Some college,,3,,,,,,,,"white, non-hispanic","white, non-hispanic","White, Non-Hispanic",,
1332405,55094,55094.0,55094.0,"$30,000 to $34,999",high school graduate - high school diploma or the equivalent (ged),hs graduate or ged,we earned about the same amount,9,Low,HS,HS,2,2.0,Same education level,yes,,yes,,1.5,"white, non-hispanic","white, non-hispanic","White, Non-Hispanic",no (not latino or hispanic),white
1333711,264379,264379.0,264379.0,"$15,000 to $19,999",11th grade,"some college, no degree",refused,6,Low,Less than HS,Some college,1,3.0,Partner higher,,,,,53.0,"black, non-hispanic","black, non-hispanic",,no (not latino or hispanic),black or african american
1334261,32881,32881.0,32881.0,"$75,000 to $84,999",masters degree,bachelor's degree,i earned more,14,High,Bachelor's+,Bachelor's+,4,4.0,Same education level,,,,,7.0,"white, non-hispanic","white, non-hispanic","White, Non-Hispanic",no (not latino or hispanic),white
1335363,1986,1986.0,1986.0,"$40,000 to $49,999",bachelors degree,bachelor's degree,i earned more,11,Middle,Bachelor's+,Bachelor's+,4,4.0,Same education level,yes,,yes,,0.75,"white, non-hispanic","white, non-hispanic","White, Non-Hispanic",no (not latino or hispanic),asian or pacific islander
1337321,60704,,,"$60,000 to $74,999",bachelors degree,,,13,Middle,Bachelor's+,,4,,,,,,,,"white, non-hispanic","white, non-hispanic","White, Non-Hispanic",,
1338632,43834,,,"$35,000 to $39,999",high school graduate - high school diploma or the equivalent (ged),,,10,Low,HS,,2,,,,,,,,"white, non-hispanic","white, non-hispanic",,,
1340556,2696,2696.0,2696.0,"$40,000 to $49,999",bachelors degree,7th or 8th grade,partner earned more,11,Middle,Bachelor's+,Less than HS,4,1.0,Respondent higher,yes,,yes,,29.0,"white, non-hispanic","white, non-hispanic","White, Non-Hispanic",no (not latino or hispanic),white
1341511,3063,3063.0,3063.0,"$60,000 to $74,999",bachelors degree,bachelor's degree,i earned more,13,Middle,Bachelor's+,Bachelor's+,4,4.0,Same education level,,,,,32.0,"white, non-hispanic","white, non-hispanic","White, Non-Hispanic",no (not latino or hispanic),white
1343603,94412,,,"$175,000 or more","some college, no degree",,,19,High,Some college,,3,,,,,,,,"white, non-hispanic","white, non-hispanic","White, Non-Hispanic",,
1345356,3364,3364.0,3364.0,"$25,000 to $29,999",high school graduate - high school diploma or the equivalent (ged),professional or doctorate degree,partner earned more,8,Low,HS,Bachelor's+,2,4.0,Partner higher,yes,,yes,,4.0,"2+ races, non-hispanic","white, non-hispanic","White, Non-Hispanic",no (not latino or hispanic),white
1346465,37823,,,"$50,000 to $59,999",bachelors degree,,,12,Middle,Bachelor's+,,4,,,,,,,,"white, non-hispanic","white, non-hispanic",,,
1347703,103027,,,"$20,000 to $24,999",high school graduate - high school diploma or the equivalent (ged),,,7,Low,HS,,2,,,,,,,,"white, non-hispanic","white, non-hispanic","White, Non-Hispanic",,
1348345,32676,32676.0,32676.0,"$12,500 to $14,999",masters degree,bachelor's degree,partner earned more,5,Low,Bachelor's+,Bachelor's+,4,4.0,Same education level,no,we broke up,,,0.15,"other, non-hispanic","other, non-hispanic","Other, Non-Hispanic",no (not latino or hispanic),white
1349311,58087,58087.0,58087.0,"$175,000 or more",bachelors degree,bachelor's degree,partner earned more,19,High,Bachelor's+,Bachelor's+,4,4.0,Same education level,,,,,6.0,"white, non-hispanic","white, non-hispanic","White, Non-Hispanic",no (not latino or hispanic),white
1350732,52946,,,"$10,000 to $12,499","some college, no degree",,,4,Low,Some college,,3,,,,,,,,"black, non-hispanic","black, non-hispanic",,,
1351572,95790,,,"$5,000 to $7,499",high school graduate - high school diploma or the equivalent (ged),,,2,Low,HS,,2,,,,,,,,"white, non-hispanic","white, non-hispanic","White, Non-Hispanic",,
1352771,49578,49578.0,49578.0,"$100,000 to $124,999",bachelors degree,hs graduate or ged,i earned more,16,High,Bachelor's+,HS,4,2.0,Respondent higher,,,,,54.0,"white, non-hispanic","white, non-hispanic","White, Non-Hispanic",no (not latino or hispanic),white
1353823,72790,,,"$20,000 to $24,999",bachelors degree,,,7,Low,Bachelor's+,,4,,,,,,,,"black, non-hispanic","black, non-hispanic",,,
1354291,13973,13973.0,13973.0,"$50,000 to $59,999",masters degree,bachelor's degree,i earned more,12,Middle,Bachelor's+,Bachelor's+,4,4.0,Same education level,,,,,10.0,"white, non-hispanic","white, non-hispanic","White, Non-Hispanic",no (not latino or hispanic),white
1355692,39423,,,"$40,000 to $49,999",high school graduate - high school diploma or the equivalent (ged),,,11,Middle,HS,,2,,,,,,,,"white, non-hispanic","white, non-hispanic",,,
1356751,21408,21408.0,21408.0,"$40,000 to $49,999","some college, no degree",hs graduate or ged,i earned more,11,Middle,Some college,HS,3,2.0,Respondent higher,,,,,58.0,"white, non-hispanic","white, non-hispanic","White, Non-Hispanic",no (not latino or hispanic),white
1357415,91516,,,"$20,000 to $24,999",high school graduate - high school diploma or the equivalent (ged),,,7,Low,HS,,2,,,,,,,,"white, non-hispanic","white, non-hispanic","White, Non-Hispanic",,
1358455,24814,24814.0,24814.0,"$40,000 to $49,999",bachelors degree,hs graduate or ged,i earned more,11,Middle,Bachelor's+,HS,4,2.0,Respondent higher,yes,,yes,,2.5,"white, non-hispanic","white, non-hispanic","White, Non-Hispanic",no (not latino or hispanic),white
1359663,60383,,,"$7,500 to $9,999",11th grade,,,3,Low,Less than HS,,1,,,,,,,,"white, non-hispanic","2+ races, non-hispanic",,,
1360485,8887,,,"less than $5,000",bachelors degree,,,1,Low,Bachelor's+,,4,,,,,,,,"white, non-hispanic","white, non-hispanic","White, Non-Hispanic",,
1361771,15520,15520.0,15520.0,"$50,000 to $59,999",bachelors degree,hs graduate or ged,we earned about the same amount,12,Middle,Bachelor's+,HS,4,2.0,Respondent higher,,,,,52.0,"2+ races, non-hispanic","white, non-hispanic",,no (not latino or hispanic),white
1363253,61527,61527.0,61527.0,"$75,000 to $84,999","some college, no degree","some college, no degree",partner earned more,14,High,Some college,Some college,3,3.0,Same education level,yes,,,,6.0,"white, non-hispanic","white, non-hispanic","White, Non-Hispanic",no (not latino or hispanic),white
1364533,72370,72370.0,72370.0,"$40,000 to $49,999",high school graduate - high school diploma or the equivalent (ged),bachelor's degree,partner earned more,11,Middle,HS,Bachelor's+,2,4.0,Partner higher,no,other (please describe),,,2.5,"white, non-hispanic","white, non-hispanic","White, Non-Hispanic",no (not latino or hispanic),white
1365673,9002,,,"$35,000 to $39,999",bachelors degree,,,10,Low,Bachelor's+,,4,,,,,,,,"white, non-hispanic","white, non-hispanic","White, Non-Hispanic",,
1366341,260811,260811.0,260811.0,"$60,000 to $74,999","some college, no degree",hs graduate or ged,i earned more,13,Middle,Some college,HS,3,2.0,Respondent higher,,,,,13.0,"white, non-hispanic","white, non-hispanic","White, Non-Hispanic",no (not latino or hispanic),white
1367841,53481,53481.0,53481.0,"$35,000 to $39,999",7th or 8th grade,hs graduate or ged,i earned more,10,Low,Less than HS,HS,1,2.0,Partner higher,,,,,57.0,"white, non-hispanic","white, non-hispanic",,no (not latino or hispanic),white
1368545,17150,17150.0,17150.0,"$7,500 to $9,999","some college, no degree",professional or doctorate degree,partner earned more,3,Low,Some college,Bachelor's+,3,4.0,Partner higher,no,we broke up,,,0.75,"other, non-hispanic","other, non-hispanic","Other, Non-Hispanic",no (not latino or hispanic),white
1369721,27067,27067.0,27067.0,"$85,000 to $99,999",professional or doctorate degree,"some college, no degree",i earned more,15,High,Bachelor's+,Some college,4,3.0,Respondent higher,,,,,17.0,"white, non-hispanic","white, non-hispanic","White, Non-Hispanic",no (not latino or hispanic),white
1370453,92118,92118.0,92118.0,"$15,000 to $19,999",high school graduate - high school diploma or the equivalent (ged),hs graduate or ged,partner earned more,6,Low,HS,HS,2,2.0,Same education level,no,we broke up,,,11.0,"white, non-hispanic","white, non-hispanic","White, Non-Hispanic",no (not latino or hispanic),white
1371681,154142,154142.0,154142.0,"$30,000 to $34,999",high school graduate - high school diploma or the equivalent (ged),hs graduate or ged,partner earned more,9,Low,HS,HS,2,2.0,Same education level,,,,,52.0,"white, non-hispanic","white, non-hispanic",,no (not latino or hispanic),white
1372391,87344,87344.0,87344.0,"$50,000 to $59,999",bachelors degree,bachelor's degree,i earned more,12,Middle,Bachelor's+,Bachelor's+,4,4.0,Same education level,,,,,18.0,hispanic,hispanic,Hispanic,"yes, mexican, mexican american, chicano",white
1373663,84129,84129.0,84129.0,"$5,000 to $7,499",9th grade,hs graduate or ged,i earned more,2,Low,Less than HS,HS,1,2.0,Partner higher,no,we broke up,,,1.5,"white, non-hispanic","white, non-hispanic","White, Non-Hispanic","yes, other latino/hispanic",black or african american
1374731,59903,59903.0,59903.0,"$35,000 to $39,999",7th or 8th grade,hs graduate or ged,i earned more,10,Low,Less than HS,HS,1,2.0,Partner higher,,,,,51.0,"white, non-hispanic","white, non-hispanic",,no (not latino or hispanic),white
1375681,45042,45042.0,45042.0,"$25,000 to $29,999",7th or 8th grade,"some college, no degree",partner earned more,8,Low,Less than HS,Some college,1,3.0,Partner higher,,,,,36.0,"white, non-hispanic","white, non-hispanic","White, Non-Hispanic",no (not latino or hispanic),white
1376386,9681,9681.0,9681.0,"$100,000 to $124,999",high school graduate - high school diploma or the equivalent (ged),professional or doctorate degree,i earned more,16,High,HS,Bachelor's+,2,4.0,Partner higher,yes,,yes,,4.0,"white, non-hispanic","white, non-hispanic","White, Non-Hispanic",no (not latino or hispanic),white
1377811,13499,13499.0,13499.0,"$35,000 to $39,999",high school graduate - high school diploma or the equivalent (ged),hs graduate or ged,i earned more,10,Low,HS,HS,2,2.0,Same education level,,,,,61.0,"2+ races, non-hispanic","white, non-hispanic",,no (not latino or hispanic),white
1378732,110584,110584.0,110584.0,"$12,500 to $14,999",associate degree,professional or doctorate degree,i earned more,5,Low,Some college,Bachelor's+,3,4.0,Partner higher,,,,,54.0,"white, non-hispanic","white, non-hispanic","White, Non-Hispanic",no (not latino or hispanic),white
1379291,64057,64057.0,64057.0,"$60,000 to $74,999",bachelors degree,master's degree,partner earned more,13,Middle,Bachelor's+,Bachelor's+,4,4.0,Same education level,,,,,8.0,"white, non-hispanic","white, non-hispanic","White, Non-Hispanic",no (not latino or hispanic),white
1380606,522,522.0,522.0,"$100,000 to $124,999","some college, no degree","some college, no degree",i earned more,16,High,Some college,Some college,3,3.0,Same education level,yes,,yes,,24.0,"white, non-hispanic","white, non-hispanic","White, Non-Hispanic",no (not latino or hispanic),white
1381205,47667,47667.0,47667.0,"$50,000 to $59,999","some college, no degree",associate degree,partner earned more,12,Middle,Some college,Some college,3,3.0,Same education level,yes,,,,0.75,"white, non-hispanic","white, non-hispanic",,no (not latino or hispanic),white
1382546,63108,63108.0,63108.0,"$35,000 to $39,999",high school graduate - high school diploma or the equivalent (ged),"some college, no degree",i earned more,10,Low,HS,Some college,2,3.0,Partner higher,,,,,9.0,"white, non-hispanic","white, non-hispanic","White, Non-Hispanic",no (not latino or hispanic),white
1383671,28042,28042.0,28042.0,"$15,000 to $19,999","some college, no degree","some college, no degree",i earned more,6,Low,Some college,Some college,3,3.0,Same education level,,,,,46.0,"white, non-hispanic","white, non-hispanic","White, Non-Hispanic",no (not latino or hispanic),white
1384431,69190,69190.0,69190.0,"$85,000 to $99,999",high school graduate - high school diploma or the equivalent (ged),bachelor's degree,we earned about the same amount,15,High,HS,Bachelor's+,2,4.0,Partner higher,,,,,13.0,"white, non-hispanic","white, non-hispanic","White, Non-Hispanic",no (not latino or hispanic),asian or pacific islander
1386291,64144,64144.0,64144.0,"$40,000 to $49,999",masters degree,master's degree,partner earned more,11,Middle,Bachelor's+,Bachelor's+,4,4.0,Same education level,,,,,9.0,"white, non-hispanic","white, non-hispanic",,no (not latino or hispanic),white
1387255,41699,41699.0,41699.0,"$100,000 to $124,999",bachelors degree,"some college, no degree",i earned more,16,High,Bachelor's+,Some college,4,3.0,Respondent higher,yes,,yes,,1.5,"white, non-hispanic","white, non-hispanic","White, Non-Hispanic",no (not latino or hispanic),white
1388606,4114,4114.0,4114.0,"$35,000 to $39,999",bachelors degree,hs graduate or ged,i earned more,10,Low,Bachelor's+,HS,4,2.0,Respondent higher,,,,,4.0,"white, non-hispanic","white, non-hispanic",,no (not latino or hispanic),asian or pacific islander
1389863,79033,,,"$12,500 to $14,999",high school graduate - high school diploma or the equivalent (ged),,,5,Low,HS,,2,,,,,,,,"white, non-hispanic","white, non-hispanic",,,
1390585,44613,,,"$15,000 to $19,999","some college, no degree",,,6,Low,Some college,,3,,,,,,,,"white, non-hispanic","white, non-hispanic","White, Non-Hispanic",,
1392612,938,938.0,938.0,"$30,000 to $34,999",bachelors degree,bachelor's degree,we earned about the same amount,9,Low,Bachelor's+,Bachelor's+,4,4.0,Same education level,yes,,yes,,8.0,"white, non-hispanic","white, non-hispanic","White, Non-Hispanic",no (not latino or hispanic),white
1393286,71951,71951.0,71951.0,"$35,000 to $39,999",high school graduate - high school diploma or the equivalent (ged),associate degree,partner earned more,10,Low,HS,Some college,2,3.0,Partner higher,,,,,15.0,"white, non-hispanic","white, non-hispanic","White, Non-Hispanic",no (not latino or hispanic),white
1394385,38304,38304.0,38304.0,"$60,000 to $74,999",bachelors degree,master's degree,i earned more,13,Middle,Bachelor's+,Bachelor's+,4,4.0,Same education level,yes,,yes,,6.0,"white, non-hispanic","white, non-hispanic",,no (not latino or hispanic),white
1396626,79783,79783.0,79783.0,"$40,000 to $49,999","some college, no degree",hs graduate or ged,i earned more,11,Middle,Some college,HS,3,2.0,Respondent higher,no,other (please describe),,,7.0,"black, non-hispanic","black, non-hispanic",,no (not latino or hispanic),black or african american
1398431,45064,45064.0,45064.0,"$40,000 to $49,999",high school graduate - high school diploma or the equivalent (ged),hs graduate or ged,i earned more,11,Middle,HS,HS,2,2.0,Same education level,,,,,15.0,"white, non-hispanic","white, non-hispanic","White, Non-Hispanic",no (not latino or hispanic),white
1399603,11400,,,"$75,000 to $84,999","some college, no degree",,,14,High,Some college,,3,,,,,,,,hispanic,hispanic,Hispanic,,
1400536,11400,,,"$75,000 to $84,999",bachelors degree,,,14,High,Bachelor's+,,4,,,,,,,,"2+ races, non-hispanic","2+ races, non-hispanic","2+ Races, Non-Hispanic",,
1401456,812,812.0,812.0,"$175,000 or more","some college, no degree",9th grade,we earned about the same amount,19,High,Some college,Less than HS,3,1.0,Respondent higher,,,,,20.0,"2+ races, non-hispanic","2+ races, non-hispanic",,no (not latino or hispanic),white
1402461,46412,46412.0,46412.0,"$85,000 to $99,999","some college, no degree",bachelor's degree,i earned more,15,High,Some college,Bachelor's+,3,4.0,Partner higher,,,,,25.0,"white, non-hispanic","white, non-hispanic",,no (not latino or hispanic),white
1403571,60242,60242.0,60242.0,"$175,000 or more","some college, no degree",associate degree,i earned more,19,High,Some college,Some college,3,3.0,Same education level,,,,,37.0,hispanic,hispanic,Hispanic,no (not latino or hispanic),white
1405701,79388,79388.0,79388.0,"$25,000 to $29,999",associate degree,hs graduate or ged,partner earned more,8,Low,Some college,HS,3,2.0,Respondent higher,,,,,31.0,"white, non-hispanic","white, non-hispanic","White, Non-Hispanic",no (not latino or hispanic),white
1406352,53841,,,"$35,000 to $39,999",high school graduate - high school diploma or the equivalent (ged),,,10,Low,HS,,2,,,,,,,,"white, non-hispanic","white, non-hispanic",,,
1408531,2773,2773.0,2773.0,"$100,000 to $124,999",masters degree,master's degree,we earned about the same amount,16,High,Bachelor's+,Bachelor's+,4,4.0,Same education level,,,,,40.0,"white, non-hispanic","white, non-hispanic","White, Non-Hispanic",no (not latino or hispanic),white
1409551,111271,111271.0,111271.0,"$85,000 to $99,999","some college, no degree",hs graduate or ged,i earned more,15,High,Some college,HS,3,2.0,Respondent higher,,,,,35.0,"white, non-hispanic","white, non-hispanic","White, Non-Hispanic",no (not latino or hispanic),white
1410441,73527,73527.0,73527.0,"$25,000 to $29,999","some college, no degree","some college, no degree",we earned about the same amount,8,Low,Some college,Some college,3,3.0,Same education level,yes,,no,We broke up,23.0,"white, non-hispanic",,"White, Non-Hispanic",no (not latino or hispanic),white
1411661,2539,2539.0,2539.0,"$50,000 to $59,999","some college, no degree","some college, no degree",i earned more,12,Middle,Some college,Some college,3,3.0,Same education level,,,,,41.0,"white, non-hispanic","white, non-hispanic","White, Non-Hispanic",no (not latino or hispanic),white
1412495,38850,38850.0,38850.0,"$7,500 to $9,999","some college, no degree",hs graduate or ged,i earned more,3,Low,Some college,HS,3,2.0,Respondent higher,yes,,no,We broke up,10.0,hispanic,hispanic,Hispanic,no (not latino or hispanic),black or african american
1413821,76033,76033.0,76033.0,"$15,000 to $19,999","some college, no degree",hs graduate or ged,i earned more,6,Low,Some college,HS,3,2.0,Respondent higher,,,,,4.0,"white, non-hispanic","white, non-hispanic","White, Non-Hispanic",no (not latino or hispanic),white
1414483,64675,,,"$20,000 to $24,999",high school graduate - high school diploma or the equivalent (ged),,,7,Low,HS,,2,,,,,,,,"black, non-hispanic","black, non-hispanic",,,
1415793,97729,,,"$10,000 to $12,499","some college, no degree",,,4,Low,Some college,,3,,,,,,,,"white, non-hispanic","white, non-hispanic","White, Non-Hispanic",,
1416791,77286,77286.0,77286.0,"$25,000 to $29,999",high school graduate - high school diploma or the equivalent (ged),hs graduate or ged,we earned about the same amount,8,Low,HS,HS,2,2.0,Same education level,,,,,58.0,"white, non-hispanic","white, non-hispanic",,no (not latino or hispanic),white
1418265,62176,62176.0,62176.0,"$125,000 to $149,999",bachelors degree,bachelor's degree,we earned about the same amount,17,High,Bachelor's+,Bachelor's+,4,4.0,Same education level,yes,,yes,,4.0,"white, non-hispanic","white, non-hispanic","White, Non-Hispanic",no (not latino or hispanic),white
1420535,86544,,,"$20,000 to $24,999","some college, no degree",,,7,Low,Some college,,3,,,,,,,,"white, non-hispanic","white, non-hispanic","White, Non-Hispanic",,
1421401,74090,74090.0,74090.0,"$60,000 to $74,999",high school graduate - high school diploma or the equivalent (ged),master's degree,i earned more,13,Middle,HS,Bachelor's+,2,4.0,Partner higher,,,,,18.0,"white, non-hispanic","white, non-hispanic","White, Non-Hispanic",no (not latino or hispanic),white
1422621,522,522.0,522.0,"$50,000 to $59,999",associate degree,"some college, no degree",i earned more,12,Middle,Some college,Some college,3,3.0,Same education level,,,,,40.0,"2+ races, non-hispanic","white, non-hispanic","White, Non-Hispanic","yes, mexican, mexican american, chicano",white
1424245,45053,,,"$35,000 to $39,999","some college, no degree",,,10,Low,Some college,,3,,,,,,,,"white, non-hispanic","white, non-hispanic","White, Non-Hispanic",,
1425271,39092,39092.0,39092.0,"$50,000 to $59,999",masters degree,associate degree,partner earned more,12,Middle,Bachelor's+,Some college,4,3.0,Respondent higher,,,,,9.0,"black, non-hispanic","black, non-hispanic","Black, Non-Hispanic",no (not latino or hispanic),black or african american
1426355,76418,76418.0,76418.0,"$60,000 to $74,999","some college, no degree",hs graduate or ged,i earned more,13,Middle,Some college,HS,3,2.0,Respondent higher,yes,,,,2.5,hispanic,hispanic,Hispanic,"yes, other latino/hispanic",white
1427636,1341,1341.0,1341.0,"$85,000 to $99,999",associate degree,master's degree,partner earned more,15,High,Some college,Bachelor's+,3,4.0,Partner higher,,,,,23.0,"white, non-hispanic","white, non-hispanic",,no (not latino or hispanic),white
1428631,43162,43162.0,43162.0,"$20,000 to $24,999",masters degree,"some college, no degree",partner earned more,7,Low,Bachelor's+,Some college,4,3.0,Respondent higher,,,,,39.0,"white, non-hispanic","white, non-hispanic",,no (not latino or hispanic),white
1430681,142220,142220.0,142220.0,"$35,000 to $39,999",12th grade no diploma,hs graduate or ged,partner earned more,10,Low,Less than HS,HS,1,2.0,Partner higher,,,,,14.0,"white, non-hispanic","white, non-hispanic",,no (not latino or hispanic),white
1431445,49378,,,"$20,000 to $24,999",associate degree,,,7,Low,Some college,,3,,,,,,,,"black, non-hispanic","black, non-hispanic","Black, Non-Hispanic",,
1432733,12756,,,"$7,500 to $9,999",bachelors degree,,,3,Low,Bachelor's+,,4,,,,,,,,"2+ races, non-hispanic","white, non-hispanic",,,
1433533,45896,45896.0,45896.0,"$35,000 to $39,999",12th grade no diploma,hs graduate or ged,i earned more,10,Low,Less than HS,HS,1,2.0,Partner higher,yes,,yes,,38.0,"white, non-hispanic","white, non-hispanic",,no (not latino or hispanic),white
1434421,40048,40048.0,40048.0,"$30,000 to $34,999",associate degree,bachelor's degree,partner earned more,9,Low,Some college,Bachelor's+,3,4.0,Partner higher,,,,,14.0,"black, non-hispanic","black, non-hispanic","Black, Non-Hispanic",no (not latino or hispanic),black or african american
1435285,85654,85654.0,85654.0,"$60,000 to $74,999","some college, no degree",bachelor's degree,partner earned more,13,Middle,Some college,Bachelor's+,3,4.0,Partner higher,no,we broke up,,,0.05,hispanic,"black, non-hispanic",Hispanic,no (not latino or hispanic),black or african american
1436742,163778,,,"$25,000 to $29,999",10th grade,,,8,Low,Less than HS,,1,,,,,,,,"white, non-hispanic","white, non-hispanic","White, Non-Hispanic",,
1437591,132255,132255.0,132255.0,"$15,000 to $19,999",associate degree,"some college, no degree",partner earned more,6,Low,Some college,Some college,3,3.0,Same education level,,,,,39.0,"other, non-hispanic","other, non-hispanic","Other, Non-Hispanic",no (not latino or hispanic),"american indian, aleut, or eskimo"
1438781,50596,50596.0,50596.0,"$60,000 to $74,999",high school graduate - high school diploma or the equivalent (ged),hs graduate or ged,we earned about the same amount,13,Middle,HS,HS,2,2.0,Same education level,,,,,54.0,"white, non-hispanic","white, non-hispanic",,no (not latino or hispanic),white
1439225,106510,106510.0,106510.0,"$60,000 to $74,999",associate degree,"some college, no degree",partner earned more,13,Middle,Some college,Some college,3,3.0,Same education level,no,we broke up,,,1.5,"white, non-hispanic","white, non-hispanic","White, Non-Hispanic",no (not latino or hispanic),white
1440573,42483,42483.0,42483.0,"$35,000 to $39,999","some college, no degree","some college, no degree",we earned about the same amount,10,Low,Some college,Some college,3,3.0,Same education level,yes,,yes,,0.75,hispanic,hispanic,Hispanic,no (not latino or hispanic),white
1441235,19696,,,"$75,000 to $84,999","some college, no degree",,,14,High,Some college,,3,,,,,,,,"white, non-hispanic","white, non-hispanic","White, Non-Hispanic",,
1442415,3384,,,"$30,000 to $34,999",associate degree,,,9,Low,Some college,,3,,,,,,,,"white, non-hispanic","white, non-hispanic","White, Non-Hispanic",,
1443503,170580,,,"$25,000 to $29,999",high school graduate - high school diploma or the equivalent (ged),,,8,Low,HS,,2,,,,,,,,"black, non-hispanic","black, non-hispanic","Black, Non-Hispanic",,
1444575,19736,,,"$35,000 to $39,999",bachelors degree,,,10,Low,Bachelor's+,,4,,,,,,,,"white, non-hispanic","white, non-hispanic","White, Non-Hispanic",,
1445491,12687,12687.0,12687.0,"$75,000 to $84,999",masters degree,hs graduate or ged,i earned more,14,High,Bachelor's+,HS,4,2.0,Respondent higher,,,,,14.0,"white, non-hispanic","white, non-hispanic","White, Non-Hispanic",no (not latino or hispanic),white
1446561,43611,43611.0,43611.0,"$50,000 to $59,999",bachelors degree,bachelor's degree,partner earned more,12,Middle,Bachelor's+,Bachelor's+,4,4.0,Same education level,,,,,29.0,"white, non-hispanic","white, non-hispanic","White, Non-Hispanic",no (not latino or hispanic),white
1447506,29221,29221.0,29221.0,"$25,000 to $29,999","some college, no degree",associate degree,partner earned more,8,Low,Some college,Some college,3,3.0,Same education level,,,,,0.75,"2+ races, non-hispanic","black, non-hispanic",,no (not latino or hispanic),black or african american
1449706,2220,2220.0,2220.0,"$40,000 to $49,999","some college, no degree","some college, no degree",partner earned more,11,Middle,Some college,Some college,3,3.0,Same education level,,,,,17.0,"white, non-hispanic",,"White, Non-Hispanic",no (not latino or hispanic),white
1450553,60356,60356.0,60356.0,"$50,000 to $59,999","some college, no degree","some college, no degree",i earned more,12,Middle,Some college,Some college,3,3.0,Same education level,,,,,0.45,"white, non-hispanic","white, non-hispanic",,no (not latino or hispanic),white
1451501,42213,42213.0,42213.0,"$100,000 to $124,999",professional or doctorate degree,professional or doctorate degree,partner earned more,16,High,Bachelor's+,Bachelor's+,4,4.0,Same education level,,,,,31.0,"white, non-hispanic","white, non-hispanic","White, Non-Hispanic",no (not latino or hispanic),white
1453663,25520,25520.0,25520.0,"$7,500 to $9,999",professional or doctorate degree,bachelor's degree,partner earned more,3,Low,Bachelor's+,Bachelor's+,4,4.0,Same education level,,,,,0.05,"2+ races, non-hispanic","white, non-hispanic","2+ Races, Non-Hispanic",no (not latino or hispanic),white
1454411,53351,53351.0,53351.0,"$40,000 to $49,999",high school graduate - high school diploma or the equivalent (ged),hs graduate or ged,partner earned more,11,Middle,HS,HS,2,2.0,Same education level,,,,,17.0,"white, non-hispanic","2+ races, non-hispanic","White, Non-Hispanic",no (not latino or hispanic),white
1455762,115945,,,"$12,500 to $14,999",high school graduate - high school diploma or the equivalent (ged),,,5,Low,HS,,2,,,,,,,,"white, non-hispanic","white, non-hispanic",,,
1456556,1164,1164.0,1164.0,"$40,000 to $49,999",bachelors degree,bachelor's degree,we earned about the same amount,11,Middle,Bachelor's+,Bachelor's+,4,4.0,Same education level,,,,,13.0,"white, non-hispanic","white, non-hispanic","White, Non-Hispanic",no (not latino or hispanic),white
1457395,34021,,,"$35,000 to $39,999",high school graduate - high school diploma or the equivalent (ged),,,10,Low,HS,,2,,,,,,,,"white, non-hispanic","white, non-hispanic",,,
1458801,44513,44513.0,44513.0,"$20,000 to $24,999",high school graduate - high school diploma or the equivalent (ged),hs graduate or ged,partner earned more,7,Low,HS,HS,2,2.0,Same education level,,,,,62.0,"white, non-hispanic","white, non-hispanic",,"yes, other latino/hispanic",white
1459321,1620,1620.0,1620.0,"$40,000 to $49,999","some college, no degree",bachelor's degree,partner earned more,11,Middle,Some college,Bachelor's+,3,4.0,Partner higher,,,,,8.0,"2+ races, non-hispanic","2+ races, non-hispanic",,no (not latino or hispanic),white
1461341,34141,34141.0,34141.0,"$60,000 to $74,999",professional or doctorate degree,master's degree,i earned more,13,Middle,Bachelor's+,Bachelor's+,4,4.0,Same education level,,,,,12.0,"white, non-hispanic","white, non-hispanic","White, Non-Hispanic",no (not latino or hispanic),white
1462605,31076,,,"$100,000 to $124,999",bachelors degree,,,16,High,Bachelor's+,,4,,,,,,,,"white, non-hispanic","white, non-hispanic",,,
1463856,108499,108499.0,108499.0,"$75,000 to $84,999","some college, no degree",hs graduate or ged,we earned about the same amount,14,High,Some college,HS,3,2.0,Respondent higher,no,we broke up,,,0.15,"white, non-hispanic","white, non-hispanic","White, Non-Hispanic",no (not latino or hispanic),white
1464431,103583,103583.0,103583.0,"$100,000 to $124,999",bachelors degree,bachelor's degree,i earned more,16,High,Bachelor's+,Bachelor's+,4,4.0,Same education level,,,,,15.0,hispanic,hispanic,Hispanic,"yes, mexican, mexican american, chicano",white
1465371,89367,89367.0,89367.0,"$60,000 to $74,999",bachelors degree,professional or doctorate degree,i earned more,13,Middle,Bachelor's+,Bachelor's+,4,4.0,Same education level,,,,,17.0,hispanic,hispanic,Hispanic,no (not latino or hispanic),white
1466245,80109,80109.0,80109.0,"$100,000 to $124,999",bachelors degree,bachelor's degree,partner earned more,16,High,Bachelor's+,Bachelor's+,4,4.0,Same education level,,,,,8.0,"white, non-hispanic","white, non-hispanic","White, Non-Hispanic",no (not latino or hispanic),white
1467541,130779,130779.0,130779.0,"$25,000 to $29,999",9th grade,hs graduate or ged,refused,8,Low,Less than HS,HS,1,2.0,Partner higher,,,,,21.0,"white, non-hispanic","white, non-hispanic",,no (not latino or hispanic),white
1468606,70122,70122.0,70122.0,"$50,000 to $59,999",associate degree,"some college, no degree",partner earned more,12,Middle,Some college,Some college,3,3.0,Same education level,yes,,yes,,36.0,"white, non-hispanic","white, non-hispanic","White, Non-Hispanic",no (not latino or hispanic),white
1469225,98274,98274.0,98274.0,"$50,000 to $59,999","some college, no degree",bachelor's degree,i earned more,12,Middle,Some college,Bachelor's+,3,4.0,Partner higher,yes,,yes,,0.45,"white, non-hispanic","white, non-hispanic","White, Non-Hispanic",no (not latino or hispanic),white
1470685,63493,,,"$10,000 to $12,499","some college, no degree",,,4,Low,Some college,,3,,,,,,,,"white, non-hispanic","white, non-hispanic","White, Non-Hispanic",,
1471753,74666,,,"$50,000 to $59,999",associate degree,,,12,Middle,Some college,,3,,,,,,,,"black, non-hispanic","black, non-hispanic",,,
1472491,2455,2455.0,2455.0,"$75,000 to $84,999","some college, no degree",associate degree,i earned more,14,High,Some college,Some college,3,3.0,Same education level,,,,,27.0,"white, non-hispanic","white, non-hispanic","White, Non-Hispanic",no (not latino or hispanic),white
1473421,48060,48060.0,48060.0,"$60,000 to $74,999",high school graduate - high school diploma or the equivalent (ged),associate degree,i earned more,13,Middle,HS,Some college,2,3.0,Partner higher,,,,,15.0,"white, non-hispanic","white, non-hispanic","White, Non-Hispanic",no (not latino or hispanic),white
1474566,3170,3170.0,3170.0,"$125,000 to $149,999",professional or doctorate degree,"some college, no degree",i earned more,17,High,Bachelor's+,Some college,4,3.0,Respondent higher,yes,,yes,,26.0,hispanic,hispanic,Hispanic,no (not latino or hispanic),white
1475711,67458,67458.0,67458.0,"$40,000 to $49,999",11th grade,hs graduate or ged,partner earned more,11,Middle,Less than HS,HS,1,2.0,Partner higher,,,,,48.0,hispanic,"white, non-hispanic","White, Non-Hispanic",no (not latino or hispanic),white
1476271,52329,52329.0,52329.0,"$50,000 to $59,999","some college, no degree",hs graduate or ged,partner earned more,12,Middle,Some college,HS,3,2.0,Respondent higher,,,,,9.0,"white, non-hispanic","white, non-hispanic",,no (not latino or hispanic),white
1477205,61980,61980.0,61980.0,"$100,000 to $124,999","some college, no degree","some college, no degree",i earned more,16,High,Some college,Some college,3,3.0,Same education level,yes,,yes,,1.5,"white, non-hispanic","white, non-hispanic","White, Non-Hispanic",no (not latino or hispanic),white
1478566,2472,2472.0,2472.0,"$75,000 to $84,999","some college, no degree",bachelor's degree,we earned about the same amount,14,High,Some college,Bachelor's+,3,4.0,Partner higher,yes,,yes,,37.0,"white, non-hispanic","white, non-hispanic","White, Non-Hispanic",no (not latino or hispanic),white
1479275,63230,63230.0,63230.0,"$40,000 to $49,999","some college, no degree","some college, no degree",i earned more,11,Middle,Some college,Some college,3,3.0,Same education level,no,we broke up,,,0.15,"white, non-hispanic","white, non-hispanic","White, Non-Hispanic",no (not latino or hispanic),white
1480621,27247,27247.0,27247.0,"$85,000 to $99,999",bachelors degree,bachelor's degree,we earned about the same amount,15,High,Bachelor's+,Bachelor's+,4,4.0,Same education level,,,,,43.0,"white, non-hispanic","white, non-hispanic","White, Non-Hispanic",no (not latino or hispanic),white
1482336,5967,5967.0,5967.0,"$150,000 to $174,999",bachelors degree,"some college, no degree",i earned more,18,High,Bachelor's+,Some college,4,3.0,Respondent higher,,,,,9.0,"white, non-hispanic","white, non-hispanic","White, Non-Hispanic",no (not latino or hispanic),white
1483395,4068,,,"$20,000 to $24,999",bachelors degree,,,7,Low,Bachelor's+,,4,,,,,,,,"white, non-hispanic","white, non-hispanic","White, Non-Hispanic",,
1484521,48937,48937.0,48937.0,"$50,000 to $59,999",high school graduate - high school diploma or the equivalent (ged),associate degree,partner earned more,12,Middle,HS,Some college,2,3.0,Partner higher,,,,,36.0,"white, non-hispanic","white, non-hispanic","White, Non-Hispanic",no (not latino or hispanic),white
1485791,74854,74854.0,74854.0,"$30,000 to $34,999","some college, no degree",hs graduate or ged,i earned more,9,Low,Some college,HS,3,2.0,Respondent higher,,,,,,"white, non-hispanic","white, non-hispanic","White, Non-Hispanic",no (not latino or hispanic),white
1486713,161977,,,"$10,000 to $12,499",high school graduate - high school diploma or the equivalent (ged),,,4,Low,HS,,2,,,,,,,,"white, non-hispanic","white, non-hispanic",,,
1487565,122100,,,"$5,000 to $7,499","some college, no degree",,,2,Low,Some college,,3,,,,,,,,"black, non-hispanic","black, non-hispanic","Black, Non-Hispanic",,
1488486,94645,94645.0,94645.0,"$50,000 to $59,999",high school graduate - high school diploma or the equivalent (ged),associate degree,partner earned more,12,Middle,HS,Some college,2,3.0,Partner higher,yes,,,,9.0,"white, non-hispanic","white, non-hispanic",,no (not latino or hispanic),white
1489295,264379,,,"$10,000 to $12,499",associate degree,,,4,Low,Some college,,3,,,,,,,,"white, non-hispanic","white, non-hispanic","White, Non-Hispanic",,
1490563,3671,3671.0,3671.0,"$60,000 to $74,999",professional or doctorate degree,master's degree,i earned more,13,Middle,Bachelor's+,Bachelor's+,4,4.0,Same education level,no,we broke up,,,9.0,hispanic,hispanic,Hispanic,no (not latino or hispanic),refused
1491391,35171,35171.0,35171.0,"$60,000 to $74,999","some college, no degree",bachelor's degree,i earned more,13,Middle,Some college,Bachelor's+,3,4.0,Partner higher,,,,,16.0,"black, non-hispanic","black, non-hispanic","Black, Non-Hispanic",no (not latino or hispanic),black or african american
1492642,24482,24482.0,24482.0,"$30,000 to $34,999",high school graduate - high school diploma or the equivalent (ged),7th or 8th grade,partner earned more,9,Low,HS,Less than HS,2,1.0,Respondent higher,yes,,yes,,4.0,"white, non-hispanic","white, non-hispanic","White, Non-Hispanic",no (not latino or hispanic),white
1493501,64519,64519.0,64519.0,"$100,000 to $124,999","some college, no degree","some college, no degree",i earned more,16,High,Some college,Some college,3,3.0,Same education level,,,,,29.0,"white, non-hispanic","white, non-hispanic","White, Non-Hispanic",no (not latino or hispanic),white
1494381,79930,79930.0,79930.0,"$85,000 to $99,999",associate degree,"some college, no degree",i earned more,15,High,Some college,Some college,3,3.0,Same education level,,,,,15.0,"black, non-hispanic","black, non-hispanic","Black, Non-Hispanic",no (not latino or hispanic),other (please specify)
1495643,46388,46388.0,46388.0,"$10,000 to $12,499",bachelors degree,hs graduate or ged,we earned about the same amount,4,Low,Bachelor's+,HS,4,2.0,Respondent higher,no,other (please describe),,,14.0,"white, non-hispanic","white, non-hispanic",,no (not latino or hispanic),white
1496621,34852,34852.0,34852.0,"$40,000 to $49,999",high school graduate - high school diploma or the equivalent (ged),"some college, no degree",partner earned more,11,Middle,HS,Some college,2,3.0,Partner higher,,,,,46.0,"white, non-hispanic","white, non-hispanic",,no (not latino or hispanic),white
1497641,46065,46065.0,46065.0,"$25,000 to $29,999",high school graduate - high school diploma or the equivalent (ged),hs graduate or ged,i earned more,8,Low,HS,HS,2,2.0,Same education level,,,,,37.0,"white, non-hispanic","white, non-hispanic","White, Non-Hispanic",no (not latino or hispanic),white
1498471,89898,89898.0,89898.0,"$125,000 to $149,999",high school graduate - high school diploma or the equivalent (ged),master's degree,partner earned more,17,High,HS,Bachelor's+,2,4.0,Partner higher,,,,,27.0,"white, non-hispanic","white, non-hispanic","White, Non-Hispanic",no (not latino or hispanic),white
1499563,66388,,,"$30,000 to $34,999",high school graduate - high school diploma or the equivalent (ged),,,9,Low,HS,,2,,,,,,,,"white, non-hispanic",,,,
1500551,52597,52597.0,52597.0,"$50,000 to $59,999",bachelors degree,bachelor's degree,partner earned more,12,Middle,Bachelor's+,Bachelor's+,4,4.0,Same education level,,,,,7.0,hispanic,hispanic,,"yes, other latino/hispanic",white
1502575,1761,,,"$25,000 to $29,999","some college, no degree",,,8,Low,Some college,,3,,,,,,,,"white, non-hispanic","white, non-hispanic","White, Non-Hispanic",,
1504675,2356,,,"$40,000 to $49,999",masters degree,,,11,Middle,Bachelor's+,,4,,,,,,,,hispanic,"white, non-hispanic",,,
1505246,91158,91158.0,91158.0,"$7,500 to $9,999",high school graduate - high school diploma or the equivalent (ged),10th grade,i earned more,3,Low,HS,Less than HS,2,1.0,Respondent higher,yes,,yes,,10.0,"white, non-hispanic","white, non-hispanic","White, Non-Hispanic",no (not latino or hispanic),white
1506761,51498,51498.0,51498.0,"$75,000 to $84,999",high school graduate - high school diploma or the equivalent (ged),hs graduate or ged,i earned more,14,High,HS,HS,2,2.0,Same education level,,,,,26.0,"white, non-hispanic","white, non-hispanic",,no (not latino or hispanic),white
1507475,40933,40933.0,40933.0,"$40,000 to $49,999","some college, no degree","some college, no degree",i earned more,11,Middle,Some college,Some college,3,3.0,Same education level,no,"[partner] passed away, is deceased",,,0.15,"white, non-hispanic","white, non-hispanic","White, Non-Hispanic",no (not latino or hispanic),white
1509726,6324,6324.0,6324.0,"$30,000 to $34,999",11th grade,bachelor's degree,we earned about the same amount,9,Low,Less than HS,Bachelor's+,1,4.0,Partner higher,no,"[partner] passed away, is deceased",,,35.0,"white, non-hispanic","white, non-hispanic","White, Non-Hispanic",no (not latino or hispanic),white
1511571,67541,67541.0,67541.0,"$60,000 to $74,999",high school graduate - high school diploma or the equivalent (ged),hs graduate or ged,partner earned more,13,Middle,HS,HS,2,2.0,Same education level,,,,,39.0,"white, non-hispanic","white, non-hispanic","White, Non-Hispanic",no (not latino or hispanic),white
1512761,110351,110351.0,110351.0,"$60,000 to $74,999",high school graduate - high school diploma or the equivalent (ged),hs graduate or ged,partner earned more,13,Middle,HS,HS,2,2.0,Same education level,,,,,59.0,"white, non-hispanic","white, non-hispanic",,no (not latino or hispanic),white
1513511,55761,55761.0,55761.0,"$60,000 to $74,999",bachelors degree,associate degree,i earned more,13,Middle,Bachelor's+,Some college,4,3.0,Respondent higher,,,,,30.0,"white, non-hispanic","white, non-hispanic","White, Non-Hispanic",no (not latino or hispanic),white
1514561,40755,40755.0,40755.0,"$85,000 to $99,999","some college, no degree",hs graduate or ged,i earned more,15,High,Some college,HS,3,2.0,Respondent higher,,,,,34.0,"white, non-hispanic","white, non-hispanic","White, Non-Hispanic",no (not latino or hispanic),white
1515601,60369,60369.0,60369.0,"$75,000 to $84,999",masters degree,bachelor's degree,i earned more,14,High,Bachelor's+,Bachelor's+,4,4.0,Same education level,,,,,38.0,"white, non-hispanic","white, non-hispanic","White, Non-Hispanic",no (not latino or hispanic),white
1516441,91547,91547.0,91547.0,"$60,000 to $74,999",10th grade,hs graduate or ged,partner earned more,13,Middle,Less than HS,HS,1,2.0,Partner higher,,,,,13.0,hispanic,hispanic,Hispanic,"yes, mexican, mexican american, chicano",other (please specify)
1517771,68543,68543.0,68543.0,"$50,000 to $59,999",10th grade,hs graduate or ged,i earned more,12,Middle,Less than HS,HS,1,2.0,Partner higher,,,,,49.0,"white, non-hispanic","white, non-hispanic",,no (not latino or hispanic),white
1518501,2360,2360.0,2360.0,"$125,000 to $149,999",masters degree,"some college, no degree",we earned about the same amount,17,High,Bachelor's+,Some college,4,3.0,Respondent higher,,,,,15.0,"white, non-hispanic","white, non-hispanic","White, Non-Hispanic",no (not latino or hispanic),white
1519266,152277,152277.0,152277.0,"$85,000 to $99,999","some college, no degree","some college, no degree",i earned more,15,High,Some college,Some college,3,3.0,Same education level,no,other (please describe),,,0.15,"white, non-hispanic","white, non-hispanic","White, Non-Hispanic",no (not latino or hispanic),white
1520271,17156,17156.0,17156.0,"$7,500 to $9,999",associate degree,9th grade,partner earned more,3,Low,Some college,Less than HS,3,1.0,Respondent higher,,,,,11.0,"white, non-hispanic","white, non-hispanic","White, Non-Hispanic",no (not latino or hispanic),white
1521461,38313,38313.0,38313.0,"$75,000 to $84,999",bachelors degree,hs graduate or ged,i earned more,14,High,Bachelor's+,HS,4,2.0,Respondent higher,,,,,29.0,"white, non-hispanic","white, non-hispanic","White, Non-Hispanic",no (not latino or hispanic),white
1522341,72398,72398.0,72398.0,"$35,000 to $39,999",high school graduate - high school diploma or the equivalent (ged),bachelor's degree,i earned more,10,Low,HS,Bachelor's+,2,4.0,Partner higher,,,,,9.0,"white, non-hispanic","white, non-hispanic","White, Non-Hispanic",no (not latino or hispanic),white
1523526,22636,22636.0,22636.0,"$150,000 to $174,999",high school graduate - high school diploma or the equivalent (ged),hs graduate or ged,i earned more,18,High,HS,HS,2,2.0,Same education level,yes,,yes,,12.0,hispanic,hispanic,Hispanic,"yes, mexican, mexican american, chicano",white
1524351,45290,45290.0,45290.0,"$50,000 to $59,999",bachelors degree,bachelor's degree,i earned more,12,Middle,Bachelor's+,Bachelor's+,4,4.0,Same education level,,,,,10.0,"white, non-hispanic","white, non-hispanic","White, Non-Hispanic",no (not latino or hispanic),white
1525665,2010,2010.0,2010.0,"$85,000 to $99,999",masters degree,professional or doctorate degree,i earned more,15,High,Bachelor's+,Bachelor's+,4,4.0,Same education level,yes,,yes,,10.0,"white, non-hispanic","white, non-hispanic","White, Non-Hispanic",no (not latino or hispanic),white
1527295,53122,53122.0,53122.0,"$40,000 to $49,999",masters degree,master's degree,i earned more,11,Middle,Bachelor's+,Bachelor's+,4,4.0,Same education level,yes,,,,0.75,"white, non-hispanic","white, non-hispanic",,no (not latino or hispanic),white
1528583,18954,,,"$7,500 to $9,999",bachelors degree,,,3,Low,Bachelor's+,,4,,,,,,,,"2+ races, non-hispanic","other, non-hispanic","2+ Races, Non-Hispanic",,
1529205,74628,74628.0,74628.0,"$40,000 to $49,999",high school graduate - high school diploma or the equivalent (ged),"some college, no degree",we earned about the same amount,11,Middle,HS,Some college,2,3.0,Partner higher,no,we broke up,,,1.5,"white, non-hispanic","white, non-hispanic",,no (not latino or hispanic),other (please specify)
1530311,39555,39555.0,39555.0,"$50,000 to $59,999","some college, no degree","some college, no degree",i earned more,12,Middle,Some college,Some college,3,3.0,Same education level,,,,,10.0,"white, non-hispanic","white, non-hispanic","White, Non-Hispanic",no (not latino or hispanic),white
1531821,32760,32760.0,32760.0,"$50,000 to $59,999",professional or doctorate degree,12th grade no diploma,i earned more,12,Middle,Bachelor's+,Less than HS,4,1.0,Respondent higher,,,,,41.0,"white, non-hispanic","white, non-hispanic",,no (not latino or hispanic),white
1532631,59057,59057.0,59057.0,"$30,000 to $34,999",12th grade no diploma,"some college, no degree",i earned more,9,Low,Less than HS,Some college,1,3.0,Partner higher,,,,,29.0,"white, non-hispanic","white, non-hispanic","White, Non-Hispanic","yes, other latino/hispanic",white
1534361,36886,36886.0,36886.0,"$25,000 to $29,999",high school graduate - high school diploma or the equivalent (ged),"some college, no degree",i earned more,8,Low,HS,Some college,2,3.0,Partner higher,,,,,4.0,"white, non-hispanic","white, non-hispanic","White, Non-Hispanic",no (not latino or hispanic),white
1535765,1966,,,"$10,000 to $12,499","some college, no degree",,,4,Low,Some college,,3,,,,,,,,"white, non-hispanic","white, non-hispanic",,,
1536831,79239,79239.0,79239.0,"$40,000 to $49,999","some college, no degree",10th grade,we earned about the same amount,11,Middle,Some college,Less than HS,3,1.0,Respondent higher,,,,,63.0,"white, non-hispanic","white, non-hispanic","White, Non-Hispanic",no (not latino or hispanic),white
1537541,32594,32594.0,32594.0,"$175,000 or more","some college, no degree",master's degree,partner earned more,19,High,Some college,Bachelor's+,3,4.0,Partner higher,,,,,13.0,"white, non-hispanic","white, non-hispanic","White, Non-Hispanic",no (not latino or hispanic),white
1538731,36734,36734.0,36734.0,"$50,000 to $59,999",bachelors degree,hs graduate or ged,i earned more,12,Middle,Bachelor's+,HS,4,2.0,Respondent higher,,,,,54.0,"white, non-hispanic","white, non-hispanic","White, Non-Hispanic",no (not latino or hispanic),white
1539225,75247,,,"$20,000 to $24,999",high school graduate - high school diploma or the equivalent (ged),,,7,Low,HS,,2,,,,,,,,"white, non-hispanic","white, non-hispanic",,,
1540693,158002,158002.0,158002.0,"$5,000 to $7,499","some college, no degree",bachelor's degree,partner earned more,2,Low,Some college,Bachelor's+,3,4.0,Partner higher,yes,,,,1.5,"white, non-hispanic","white, non-hispanic",,no (not latino or hispanic),white
1541384,264379,264379.0,264379.0,"$50,000 to $59,999",bachelors degree,master's degree,partner earned more,12,Middle,Bachelor's+,Bachelor's+,4,4.0,Same education level,yes,,yes,,0.45,"other, non-hispanic","white, non-hispanic",Hispanic,no (not latino or hispanic),black or african american
1542395,44638,,,"$60,000 to $74,999",bachelors degree,,,13,Middle,Bachelor's+,,4,,,,,,,,"white, non-hispanic","white, non-hispanic","White, Non-Hispanic",,
1544581,59283,59283.0,59283.0,"$75,000 to $84,999",masters degree,hs graduate or ged,i earned more,14,High,Bachelor's+,HS,4,2.0,Respondent higher,,,,,7.0,"white, non-hispanic","white, non-hispanic","White, Non-Hispanic",no (not latino or hispanic),white
1545735,33880,,,"$20,000 to $24,999",bachelors degree,,,7,Low,Bachelor's+,,4,,,,,,,,"white, non-hispanic","white, non-hispanic","White, Non-Hispanic",,
1546505,4236,4236.0,4236.0,"$125,000 to $149,999","some college, no degree",bachelor's degree,we earned about the same amount,17,High,Some college,Bachelor's+,3,4.0,Partner higher,yes,,yes,,8.0,"white, non-hispanic","white, non-hispanic","White, Non-Hispanic",no (not latino or hispanic),white
1547271,54857,54857.0,54857.0,"$40,000 to $49,999",high school graduate - high school diploma or the equivalent (ged),associate degree,partner earned more,11,Middle,HS,Some college,2,3.0,Partner higher,,,,,6.0,"white, non-hispanic","white, non-hispanic",,no (not latino or hispanic),white
1548763,37707,,,"$12,500 to $14,999","some college, no degree",,,5,Low,Some college,,3,,,,,,,,"white, non-hispanic","white, non-hispanic",,,
1549701,104951,104951.0,104951.0,"$10,000 to $12,499",9th grade,9th grade,i earned more,4,Low,Less than HS,Less than HS,1,1.0,Same education level,,,,,25.0,"white, non-hispanic","white, non-hispanic","White, Non-Hispanic",no (not latino or hispanic),white
1550851,76923,76923.0,76923.0,"$75,000 to $84,999","some college, no degree",7th or 8th grade,we earned about the same amount,14,High,Some college,Less than HS,3,1.0,Respondent higher,,,,,64.0,"white, non-hispanic","white, non-hispanic",,no (not latino or hispanic),white
1551231,75353,75353.0,75353.0,"$35,000 to $39,999",12th grade no diploma,master's degree,i earned more,10,Low,Less than HS,Bachelor's+,1,4.0,Partner higher,,,,,0.05,"white, non-hispanic","2+ races, non-hispanic","White, Non-Hispanic",no (not latino or hispanic),white
1552386,43255,43255.0,43255.0,"$85,000 to $99,999",bachelors degree,hs graduate or ged,we earned about the same amount,15,High,Bachelor's+,HS,4,2.0,Respondent higher,yes,,no,We broke up,0.75,"white, non-hispanic","white, non-hispanic","White, Non-Hispanic",no (not latino or hispanic),white
1553205,60676,60676.0,60676.0,"$60,000 to $74,999","some college, no degree","some college, no degree",i earned more,13,Middle,Some college,Some college,3,3.0,Same education level,no,we broke up,,,0.05,"white, non-hispanic","white, non-hispanic","White, Non-Hispanic",no (not latino or hispanic),white
1554466,1785,1785.0,1785.0,"$100,000 to $124,999",masters degree,professional or doctorate degree,partner earned more,16,High,Bachelor's+,Bachelor's+,4,4.0,Same education level,yes,,yes,,15.0,"white, non-hispanic","white, non-hispanic","White, Non-Hispanic",no (not latino or hispanic),white
1555195,99578,99578.0,99578.0,"$100,000 to $124,999",high school graduate - high school diploma or the equivalent (ged),hs graduate or ged,i earned more,16,High,HS,HS,2,2.0,Same education level,yes,,yes,,0.75,"white, non-hispanic","white, non-hispanic","White, Non-Hispanic",no (not latino or hispanic),white
1556205,137003,,,"$30,000 to $34,999",11th grade,,,9,Low,Less than HS,,1,,,,,,,,"2+ races, non-hispanic",,,,
1557565,3809,,,"$125,000 to $149,999",professional or doctorate degree,,,17,High,Bachelor's+,,4,,,,,,,,"white, non-hispanic","white, non-hispanic","White, Non-Hispanic",,
1558251,76176,76176.0,76176.0,"$75,000 to $84,999",bachelors degree,associate degree,partner earned more,14,High,Bachelor's+,Some college,4,3.0,Respondent higher,,,,,6.0,"white, non-hispanic","white, non-hispanic","White, Non-Hispanic",no (not latino or hispanic),white
1559571,86188,86188.0,86188.0,"$40,000 to $49,999",high school graduate - high school diploma or the equivalent (ged),master's degree,i earned more,11,Middle,HS,Bachelor's+,2,4.0,Partner higher,,,,,10.0,hispanic,hispanic,Hispanic,no (not latino or hispanic),"american indian, aleut, or eskimo"
1560702,104032,104032.0,104032.0,"$50,000 to $59,999","some college, no degree",12th grade no diploma,i earned more,12,Middle,Some college,Less than HS,3,1.0,Respondent higher,,,,,49.0,hispanic,hispanic,Hispanic,no (not latino or hispanic),white
1563713,69531,69531.0,69531.0,"$7,500 to $9,999",bachelors degree,hs graduate or ged,partner earned more,3,Low,Bachelor's+,HS,4,2.0,Respondent higher,,,,,0.15,"white, non-hispanic","white, non-hispanic",,no (not latino or hispanic),white
1564453,1852,1852.0,1852.0,"$7,500 to $9,999",associate degree,hs graduate or ged,i earned more,3,Low,Some college,HS,3,2.0,Respondent higher,,,,,0.75,"white, non-hispanic","white, non-hispanic","White, Non-Hispanic",no (not latino or hispanic),white
1565636,29011,29011.0,29011.0,"$40,000 to $49,999",high school graduate - high school diploma or the equivalent (ged),12th grade no diploma,i earned more,11,Middle,HS,Less than HS,2,1.0,Respondent higher,yes,,yes,,25.0,"white, non-hispanic","white, non-hispanic",,"yes, mexican, mexican american, chicano",white
1567444,3536,3536.0,3536.0,"less than $5,000",12th grade no diploma,associate degree,we earned about the same amount,1,Low,Less than HS,Some college,1,3.0,Partner higher,yes,,yes,,8.0,"2+ races, non-hispanic","white, non-hispanic","White, Non-Hispanic",no (not latino or hispanic),white
1568251,33792,33792.0,33792.0,"$85,000 to $99,999",bachelors degree,associate degree,we earned about the same amount,15,High,Bachelor's+,Some college,4,3.0,Respondent higher,,,,,4.0,"white, non-hispanic","white, non-hispanic","White, Non-Hispanic",no (not latino or hispanic),white
1569351,53816,53816.0,53816.0,"$50,000 to $59,999",high school graduate - high school diploma or the equivalent (ged),"some college, no degree",i earned more,12,Middle,HS,Some college,2,3.0,Partner higher,,,,,15.0,"white, non-hispanic","white, non-hispanic","White, Non-Hispanic",no (not latino or hispanic),white
1570286,28784,28784.0,28784.0,"$40,000 to $49,999","some college, no degree",associate degree,i earned more,11,Middle,Some college,Some college,3,3.0,Same education level,yes,,yes,,8.0,"white, non-hispanic","white, non-hispanic","White, Non-Hispanic",no (not latino or hispanic),white
1571463,80550,80550.0,80550.0,"$50,000 to $59,999",high school graduate - high school diploma or the equivalent (ged),12th grade no diploma,i earned more,12,Middle,HS,Less than HS,2,1.0,Respondent higher,no,we broke up,,,1.5,hispanic,hispanic,Hispanic,no (not latino or hispanic),white
1572443,6180,,,"$20,000 to $24,999",high school graduate - high school diploma or the equivalent (ged),,,7,Low,HS,,2,,,,,,,,"white, non-hispanic","white, non-hispanic","White, Non-Hispanic",,
1573641,88914,88914.0,88914.0,"$40,000 to $49,999",12th grade no diploma,bachelor's degree,partner earned more,11,Middle,Less than HS,Bachelor's+,1,4.0,Partner higher,,,,,41.0,"other, non-hispanic","other, non-hispanic","Other, Non-Hispanic",no (not latino or hispanic),white
1574481,45159,45159.0,45159.0,"$85,000 to $99,999",high school graduate - high school diploma or the equivalent (ged),bachelor's degree,i earned more,15,High,HS,Bachelor's+,2,4.0,Partner higher,,,,,11.0,"white, non-hispanic","white, non-hispanic","White, Non-Hispanic",no (not latino or hispanic),white
1575691,103599,103599.0,103599.0,"$15,000 to $19,999",11th grade,hs graduate or ged,partner earned more,6,Low,Less than HS,HS,1,2.0,Partner higher,,,,,54.0,"white, non-hispanic","white, non-hispanic","2+ Races, Non-Hispanic",no (not latino or hispanic),white
1576255,61035,,,"$50,000 to $59,999",bachelors degree,,,12,Middle,Bachelor's+,,4,,,,,,,,"white, non-hispanic","white, non-hispanic","White, Non-Hispanic",,
1577546,1861,1861.0,1861.0,"$100,000 to $124,999",bachelors degree,associate degree,i earned more,16,High,Bachelor's+,Some college,4,3.0,Respondent higher,yes,,yes,,4.0,"white, non-hispanic","white, non-hispanic","White, Non-Hispanic",no (not latino or hispanic),white
1578603,2697,,,"$20,000 to $24,999","some college, no degree",,,7,Low,Some college,,3,,,,,,,,"white, non-hispanic","white, non-hispanic","White, Non-Hispanic",,
1579693,61099,61099.0,61099.0,"$20,000 to $24,999",bachelors degree,master's degree,i earned more,7,Low,Bachelor's+,Bachelor's+,4,4.0,Same education level,yes,,yes,,25.0,"white, non-hispanic","white, non-hispanic","White, Non-Hispanic",no (not latino or hispanic),white
1580691,24681,24681.0,24681.0,"$60,000 to $74,999",high school graduate - high school diploma or the equivalent (ged),associate degree,we earned about the same amount,13,Middle,HS,Some college,2,3.0,Partner higher,,,,,19.0,"white, non-hispanic","white, non-hispanic","White, Non-Hispanic",no (not latino or hispanic),white
1581206,50323,,,"$15,000 to $19,999",high school graduate - high school diploma or the equivalent (ged),,,6,Low,HS,,2,,,,,,,,"white, non-hispanic","white, non-hispanic","White, Non-Hispanic",,
1582653,57049,57049.0,57049.0,"$60,000 to $74,999",associate degree,bachelor's degree,partner earned more,13,Middle,Some college,Bachelor's+,3,4.0,Partner higher,yes,,yes,,0.75,"white, non-hispanic","white, non-hispanic","White, Non-Hispanic",no (not latino or hispanic),white
1584491,98944,98944.0,98944.0,"$150,000 to $174,999",professional or doctorate degree,professional or doctorate degree,i earned more,18,High,Bachelor's+,Bachelor's+,4,4.0,Same education level,,,,,21.0,"white, non-hispanic","white, non-hispanic","White, Non-Hispanic",no (not latino or hispanic),white
1585543,90031,90031.0,90031.0,"$7,500 to $9,999",bachelors degree,12th grade no diploma,we earned about the same amount,3,Low,Bachelor's+,Less than HS,4,1.0,Respondent higher,,,,,0.15,"black, non-hispanic","black, non-hispanic",,no (not latino or hispanic),black or african american
1586641,21322,21322.0,21322.0,"$35,000 to $39,999",high school graduate - high school diploma or the equivalent (ged),11th grade,i earned more,10,Low,HS,Less than HS,2,1.0,Respondent higher,,,,,15.0,"white, non-hispanic","white, non-hispanic","White, Non-Hispanic",no (not latino or hispanic),white
1587316,11748,11748.0,11748.0,"$60,000 to $74,999",masters degree,"some college, no degree",partner earned more,13,Middle,Bachelor's+,Some college,4,3.0,Respondent higher,yes,,,,5.0,"white, non-hispanic","white, non-hispanic","White, Non-Hispanic","yes, other latino/hispanic",other (please specify)
1588416,54835,54835.0,54835.0,"$20,000 to $24,999",high school graduate - high school diploma or the equivalent (ged),hs graduate or ged,i earned more,7,Low,HS,HS,2,2.0,Same education level,yes,,yes,,4.0,"white, non-hispanic","white, non-hispanic","White, Non-Hispanic",no (not latino or hispanic),white
1589361,20832,20832.0,20832.0,"$100,000 to $124,999",high school graduate - high school diploma or the equivalent (ged),"some college, no degree",i earned more,16,High,HS,Some college,2,3.0,Partner higher,,,,,21.0,"white, non-hispanic","white, non-hispanic",,no (not latino or hispanic),white
1590491,76890,76890.0,76890.0,"$175,000 or more",high school graduate - high school diploma or the equivalent (ged),professional or doctorate degree,partner earned more,19,High,HS,Bachelor's+,2,4.0,Partner higher,,,,,5.0,"white, non-hispanic","white, non-hispanic","White, Non-Hispanic",no (not latino or hispanic),white
1591601,49432,49432.0,49432.0,"$40,000 to $49,999",high school graduate - high school diploma or the equivalent (ged),"some college, no degree",we earned about the same amount,11,Middle,HS,Some college,2,3.0,Partner higher,,,,,15.0,"white, non-hispanic","white, non-hispanic",,no (not latino or hispanic),white
1592631,54915,54915.0,54915.0,"$75,000 to $84,999",high school graduate - high school diploma or the equivalent (ged),hs graduate or ged,partner earned more,14,High,HS,HS,2,2.0,Same education level,,,,,20.0,"white, non-hispanic","2+ races, non-hispanic",,no (not latino or hispanic),black or african american
1593301,58665,58665.0,58665.0,"$60,000 to $74,999",high school graduate - high school diploma or the equivalent (ged),hs graduate or ged,i earned more,13,Middle,HS,HS,2,2.0,Same education level,,,,,4.0,"white, non-hispanic","white, non-hispanic",,no (not latino or hispanic),white
1594842,54018,54018.0,54018.0,"$12,500 to $14,999","some college, no degree",7th or 8th grade,refused,5,Low,Some college,Less than HS,3,1.0,Respondent higher,,,,,63.0,"white, non-hispanic","white, non-hispanic","White, Non-Hispanic",no (not latino or hispanic),white
1595371,60588,60588.0,60588.0,"$25,000 to $29,999","some college, no degree","some college, no degree",partner earned more,8,Low,Some college,Some college,3,3.0,Same education level,,,,,9.0,"white, non-hispanic","white, non-hispanic","White, Non-Hispanic",no (not latino or hispanic),white
1597546,1936,1936.0,1936.0,"$60,000 to $74,999",bachelors degree,"some college, no degree",partner earned more,13,Middle,Bachelor's+,Some college,4,3.0,Respondent higher,,,,,32.0,"white, non-hispanic","white, non-hispanic",,no (not latino or hispanic),white
1599291,95316,95316.0,95316.0,"$75,000 to $84,999","some college, no degree",associate degree,i earned more,14,High,Some college,Some college,3,3.0,Same education level,,,,,4.0,hispanic,hispanic,Hispanic,no (not latino or hispanic),white
1600711,39765,39765.0,39765.0,"$75,000 to $84,999",associate degree,hs graduate or ged,i earned more,14,High,Some college,HS,3,2.0,Respondent higher,,,,,51.0,"white, non-hispanic","white, non-hispanic","White, Non-Hispanic",no (not latino or hispanic),white
1601511,80638,80638.0,80638.0,"$60,000 to $74,999",high school graduate - high school diploma or the equivalent (ged),hs graduate or ged,i earned more,13,Middle,HS,HS,2,2.0,Same education level,,,,,32.0,"white, non-hispanic","white, non-hispanic","White, Non-Hispanic",no (not latino or hispanic),white
1602401,20449,20449.0,20449.0,"$75,000 to $84,999",bachelors degree,professional or doctorate degree,partner earned more,14,High,Bachelor's+,Bachelor's+,4,4.0,Same education level,,,,,17.0,"white, non-hispanic","white, non-hispanic","White, Non-Hispanic",no (not latino or hispanic),white
1603265,26154,26154.0,26154.0,"$100,000 to $124,999",bachelors degree,bachelor's degree,partner earned more,16,High,Bachelor's+,Bachelor's+,4,4.0,Same education level,,,,,2.5,"white, non-hispanic","white, non-hispanic","White, Non-Hispanic",no (not latino or hispanic),white
1604683,111849,,,"$50,000 to $59,999","some college, no degree",,,12,Middle,Some college,,3,,,,,,,,"white, non-hispanic","white, non-hispanic","White, Non-Hispanic",,
1605481,189768,189768.0,189768.0,"$50,000 to $59,999",high school graduate - high school diploma or the equivalent (ged),associate degree,i earned more,12,Middle,HS,Some college,2,3.0,Partner higher,,,,,12.0,"white, non-hispanic","white, non-hispanic","White, Non-Hispanic",no (not latino or hispanic),white
1606456,2364,2364.0,2364.0,"$85,000 to $99,999",bachelors degree,hs graduate or ged,i earned more,15,High,Bachelor's+,HS,4,2.0,Respondent higher,yes,,yes,,9.0,"white, non-hispanic","white, non-hispanic","White, Non-Hispanic",no (not latino or hispanic),white
1607275,60324,,,"$40,000 to $49,999",bachelors degree,,,11,Middle,Bachelor's+,,4,,,,,,,,"white, non-hispanic","white, non-hispanic",,,
1608266,80393,80393.0,80393.0,"$20,000 to $24,999",9th grade,hs graduate or ged,partner earned more,7,Low,Less than HS,HS,1,2.0,Partner higher,yes,,yes,,7.0,"white, non-hispanic","white, non-hispanic","White, Non-Hispanic",no (not latino or hispanic),white
1610771,178322,178322.0,178322.0,"$30,000 to $34,999",5th or 6th grade,hs graduate or ged,i earned more,9,Low,Less than HS,HS,1,2.0,Partner higher,,,,,54.0,hispanic,hispanic,Hispanic,no (not latino or hispanic),white
1611503,45146,45146.0,45146.0,"$100,000 to $124,999",bachelors degree,hs graduate or ged,i earned more,16,High,Bachelor's+,HS,4,2.0,Respondent higher,yes,,no,We broke up,8.0,"white, non-hispanic","white, non-hispanic","White, Non-Hispanic",no (not latino or hispanic),white
1612235,50142,50142.0,50142.0,"$175,000 or more","some college, no degree","some college, no degree",i earned more,19,High,Some college,Some college,3,3.0,Same education level,yes,,,,2.5,"white, non-hispanic","white, non-hispanic",,no (not latino or hispanic),white
1613271,56047,56047.0,56047.0,"$60,000 to $74,999",bachelors degree,"some college, no degree",i earned more,13,Middle,Bachelor's+,Some college,4,3.0,Respondent higher,,,,,6.0,"white, non-hispanic","white, non-hispanic","White, Non-Hispanic",no (not latino or hispanic),white
1615431,28822,28822.0,28822.0,"$60,000 to $74,999",high school graduate - high school diploma or the equivalent (ged),associate degree,partner earned more,13,Middle,HS,Some college,2,3.0,Partner higher,,,no,Other (please describe),0.45,"white, non-hispanic","white, non-hispanic",,no (not latino or hispanic),white
1616515,46172,,,"$25,000 to $29,999",high school graduate - high school diploma or the equivalent (ged),,,8,Low,HS,,2,,,,,,,,"white, non-hispanic","white, non-hispanic",,,
1617575,1005,1005.0,1005.0,"$35,000 to $39,999",bachelors degree,master's degree,partner earned more,10,Low,Bachelor's+,Bachelor's+,4,4.0,Same education level,no,other (please describe),,,1.5,"white, non-hispanic","white, non-hispanic","White, Non-Hispanic",no (not latino or hispanic),other (please specify)
1619401,58686,58686.0,58686.0,"$60,000 to $74,999",bachelors degree,master's degree,i earned more,13,Middle,Bachelor's+,Bachelor's+,4,4.0,Same education level,,,,,12.0,"white, non-hispanic","white, non-hispanic","White, Non-Hispanic",no (not latino or hispanic),white
1620371,50310,50310.0,50310.0,"$125,000 to $149,999",bachelors degree,bachelor's degree,i earned more,17,High,Bachelor's+,Bachelor's+,4,4.0,Same education level,,,,,8.0,"white, non-hispanic","white, non-hispanic",,no (not latino or hispanic),white
1621812,63522,63522.0,63522.0,"$35,000 to $39,999",masters degree,"some college, no degree",refused,10,Low,Bachelor's+,Some college,4,3.0,Respondent higher,,,,,61.0,"white, non-hispanic","white, non-hispanic","White, Non-Hispanic",no (not latino or hispanic),white
1622621,80414,80414.0,80414.0,"$15,000 to $19,999","some college, no degree","some college, no degree",i earned more,6,Low,Some college,Some college,3,3.0,Same education level,,,,,41.0,"white, non-hispanic","white, non-hispanic","White, Non-Hispanic",no (not latino or hispanic),"american indian, aleut, or eskimo"
1623351,137759,137759.0,137759.0,"$50,000 to $59,999","some college, no degree",associate degree,we earned about the same amount,12,Middle,Some college,Some college,3,3.0,Same education level,,,,,14.0,"white, non-hispanic","white, non-hispanic","White, Non-Hispanic",no (not latino or hispanic),white
1624601,76273,76273.0,76273.0,"$40,000 to $49,999",bachelors degree,hs graduate or ged,partner earned more,11,Middle,Bachelor's+,HS,4,2.0,Respondent higher,,,,,32.0,"white, non-hispanic","white, non-hispanic","White, Non-Hispanic",no (not latino or hispanic),white
1625871,49335,49335.0,49335.0,"$40,000 to $49,999",12th grade no diploma,hs graduate or ged,i earned more,11,Middle,Less than HS,HS,1,2.0,Partner higher,,,,,61.0,"white, non-hispanic","white, non-hispanic","White, Non-Hispanic",no (not latino or hispanic),white
1626891,224305,224305.0,224305.0,"$25,000 to $29,999",high school graduate - high school diploma or the equivalent (ged),bachelor's degree,partner earned more,8,Low,HS,Bachelor's+,2,4.0,Partner higher,,,,,63.0,"white, non-hispanic","white, non-hispanic",,no (not latino or hispanic),white
1627291,55013,55013.0,55013.0,"$85,000 to $99,999",bachelors degree,bachelor's degree,partner earned more,15,High,Bachelor's+,Bachelor's+,4,4.0,Same education level,,,,,6.0,"white, non-hispanic","white, non-hispanic","White, Non-Hispanic",no (not latino or hispanic),white
1628461,106974,106974.0,106974.0,"$50,000 to $59,999","some college, no degree",hs graduate or ged,partner earned more,12,Middle,Some college,HS,3,2.0,Respondent higher,,,,,22.0,"black, non-hispanic","black, non-hispanic","Black, Non-Hispanic",no (not latino or hispanic),other (please specify)
1629821,75694,75694.0,75694.0,"$50,000 to $59,999",bachelors degree,master's degree,partner earned more,12,Middle,Bachelor's+,Bachelor's+,4,4.0,Same education level,,,,,51.0,"white, non-hispanic","white, non-hispanic",,no (not latino or hispanic),white
1630551,141103,141103.0,141103.0,"$40,000 to $49,999",12th grade no diploma,hs graduate or ged,partner earned more,11,Middle,Less than HS,HS,1,2.0,Partner higher,,,,,16.0,"black, non-hispanic",,,no (not latino or hispanic),black or african american
1631443,33923,33923.0,33923.0,"$85,000 to $99,999","some college, no degree",master's degree,i earned more,15,High,Some college,Bachelor's+,3,4.0,Partner higher,no,we broke up,,,2.5,"white, non-hispanic","white, non-hispanic","White, Non-Hispanic",no (not latino or hispanic),white
1632802,150736,150736.0,150736.0,"$10,000 to $12,499","some college, no degree",master's degree,i earned more,4,Low,Some college,Bachelor's+,3,4.0,Partner higher,,,,,64.0,"white, non-hispanic","white, non-hispanic",,"yes, other latino/hispanic",white
1634672,62957,62957.0,62957.0,"$175,000 or more",associate degree,bachelor's degree,partner earned more,19,High,Some college,Bachelor's+,3,4.0,Partner higher,,,,,48.0,"white, non-hispanic",,,no (not latino or hispanic),white
1635436,8294,8294.0,8294.0,"$100,000 to $124,999",bachelors degree,bachelor's degree,i earned more,16,High,Bachelor's+,Bachelor's+,4,4.0,Same education level,yes,,yes,,4.0,hispanic,hispanic,Hispanic,no (not latino or hispanic),white
1637395,3535,3535.0,3535.0,"$10,000 to $12,499","some college, no degree",master's degree,partner earned more,4,Low,Some college,Bachelor's+,3,4.0,Partner higher,no,other (please describe),,,7.0,"white, non-hispanic","white, non-hispanic","White, Non-Hispanic",no (not latino or hispanic),white
1638721,31660,31660.0,31660.0,"$75,000 to $84,999",associate degree,hs graduate or ged,i earned more,14,High,Some college,HS,3,2.0,Respondent higher,,,,,16.0,"white, non-hispanic","white, non-hispanic",,no (not latino or hispanic),white
1639691,24956,24956.0,24956.0,"$40,000 to $49,999",bachelors degree,bachelor's degree,partner earned more,11,Middle,Bachelor's+,Bachelor's+,4,4.0,Same education level,,,,,48.0,"white, non-hispanic","white, non-hispanic","White, Non-Hispanic",no (not latino or hispanic),white
1641281,78837,78837.0,78837.0,"$50,000 to $59,999",bachelors degree,bachelor's degree,partner earned more,12,Middle,Bachelor's+,Bachelor's+,4,4.0,Same education level,,,,,7.0,"white, non-hispanic","white, non-hispanic","White, Non-Hispanic",no (not latino or hispanic),white
1642351,52249,52249.0,52249.0,"$35,000 to $39,999",12th grade no diploma,hs graduate or ged,partner earned more,10,Low,Less than HS,HS,1,2.0,Partner higher,,,,,10.0,"white, non-hispanic","white, non-hispanic","White, Non-Hispanic",no (not latino or hispanic),white
1643761,192573,192573.0,192573.0,"$60,000 to $74,999",bachelors degree,bachelor's degree,partner earned more,13,Middle,Bachelor's+,Bachelor's+,4,4.0,Same education level,,,,,55.0,"white, non-hispanic","white, non-hispanic","White, Non-Hispanic",no (not latino or hispanic),white
1644245,89621,89621.0,89621.0,"$100,000 to $124,999",high school graduate - high school diploma or the equivalent (ged),"some college, no degree",i earned more,16,High,HS,Some college,2,3.0,Partner higher,,,,,8.0,"white, non-hispanic","white, non-hispanic","White, Non-Hispanic",no (not latino or hispanic),white
1645323,2701,2701.0,2701.0,"$12,500 to $14,999","some college, no degree",12th grade no diploma,i earned more,5,Low,Some college,Less than HS,3,1.0,Respondent higher,,,yes,,2.5,"white, non-hispanic","white, non-hispanic",,no (not latino or hispanic),white
1646345,3671,,,"$30,000 to $34,999",bachelors degree,,,9,Low,Bachelor's+,,4,,,,,,,,"white, non-hispanic","white, non-hispanic","White, Non-Hispanic",,
1647511,43979,43979.0,43979.0,"$60,000 to $74,999",high school graduate - high school diploma or the equivalent (ged),hs graduate or ged,i earned more,13,Middle,HS,HS,2,2.0,Same education level,,,,,23.0,"white, non-hispanic","white, non-hispanic","White, Non-Hispanic",no (not latino or hispanic),white
1648276,23432,23432.0,23432.0,"$25,000 to $29,999","some college, no degree",9th grade,i earned more,8,Low,Some college,Less than HS,3,1.0,Respondent higher,yes,,yes,,4.0,"white, non-hispanic","white, non-hispanic","White, Non-Hispanic",no (not latino or hispanic),white
1650205,23144,23144.0,23144.0,"$175,000 or more",high school graduate - high school diploma or the equivalent (ged),hs graduate or ged,i earned more,19,High,HS,HS,2,2.0,Same education level,,,,,2.5,"2+ races, non-hispanic","2+ races, non-hispanic",,"yes, mexican, mexican american, chicano",other (please specify)
1651205,107805,,,"$60,000 to $74,999","some college, no degree",,,13,Middle,Some college,,3,,,,,,,,"white, non-hispanic","white, non-hispanic",,,
1652451,90813,90813.0,90813.0,"$25,000 to $29,999",high school graduate - high school diploma or the equivalent (ged),hs graduate or ged,partner earned more,8,Low,HS,HS,2,2.0,Same education level,,,,,15.0,hispanic,,,"yes, puerto rican",other (please specify)
1653653,2590,2590.0,2590.0,"$50,000 to $59,999",masters degree,bachelor's degree,i earned more,12,Middle,Bachelor's+,Bachelor's+,4,4.0,Same education level,no,other (please describe),,,5.0,"white, non-hispanic","white, non-hispanic","White, Non-Hispanic",no (not latino or hispanic),white
1654671,55211,55211.0,55211.0,"$35,000 to $39,999",high school graduate - high school diploma or the equivalent (ged),hs graduate or ged,i earned more,10,Low,HS,HS,2,2.0,Same education level,,,,,27.0,"white, non-hispanic","white, non-hispanic",,no (not latino or hispanic),white
1655555,33427,33427.0,33427.0,"$60,000 to $74,999",bachelors degree,hs graduate or ged,i earned more,13,Middle,Bachelor's+,HS,4,2.0,Respondent higher,yes,,,,1.5,"white, non-hispanic","white, non-hispanic",,"yes, other latino/hispanic",white
1656664,69895,,,"$20,000 to $24,999",11th grade,,,7,Low,Less than HS,,1,,,,,,,,"other, non-hispanic","2+ races, non-hispanic","Other, Non-Hispanic",,
1657335,51173,51173.0,51173.0,"$60,000 to $74,999",high school graduate - high school diploma or the equivalent (ged),bachelor's degree,i earned more,13,Middle,HS,Bachelor's+,2,4.0,Partner higher,yes,,,,0.15,"white, non-hispanic","white, non-hispanic","White, Non-Hispanic",no (not latino or hispanic),white
1659612,62049,,,"$20,000 to $24,999","some college, no degree",,,7,Low,Some college,,3,,,,,,,,"white, non-hispanic","white, non-hispanic","White, Non-Hispanic",,
1661682,90384,90384.0,90384.0,"$7,500 to $9,999",high school graduate - high school diploma or the equivalent (ged),"some college, no degree",partner earned more,3,Low,HS,Some college,2,3.0,Partner higher,,,,,2.5,"black, non-hispanic","black, non-hispanic",,no (not latino or hispanic),black or african american
1662395,2816,,,"$35,000 to $39,999",masters degree,,,10,Low,Bachelor's+,,4,,,,,,,,"white, non-hispanic","white, non-hispanic","White, Non-Hispanic",,
1663683,53448,,,"$60,000 to $74,999",bachelors degree,,,13,Middle,Bachelor's+,,4,,,,,,,,"white, non-hispanic","white, non-hispanic","White, Non-Hispanic",,
1664275,55420,55420.0,55420.0,"$50,000 to $59,999","some college, no degree",bachelor's degree,i earned more,12,Middle,Some college,Bachelor's+,3,4.0,Partner higher,yes,,yes,,1.5,"white, non-hispanic","white, non-hispanic","White, Non-Hispanic",no (not latino or hispanic),white
1665713,65824,65824.0,65824.0,"$20,000 to $24,999",high school graduate - high school diploma or the equivalent (ged),hs graduate or ged,partner earned more,7,Low,HS,HS,2,2.0,Same education level,yes,,yes,,12.0,"white, non-hispanic",,,no (not latino or hispanic),white
1667291,136657,136657.0,136657.0,"$35,000 to $39,999",bachelors degree,master's degree,we earned about the same amount,10,Low,Bachelor's+,Bachelor's+,4,4.0,Same education level,,,,,11.0,"white, non-hispanic","white, non-hispanic","White, Non-Hispanic",no (not latino or hispanic),white
1668241,13162,13162.0,13162.0,"$40,000 to $49,999",associate degree,"some college, no degree",partner earned more,11,Middle,Some college,Some college,3,3.0,Same education level,,,,,8.0,"white, non-hispanic","white, non-hispanic","White, Non-Hispanic",no (not latino or hispanic),white
1669566,2361,2361.0,2361.0,"$125,000 to $149,999",masters degree,"some college, no degree",i earned more,17,High,Bachelor's+,Some college,4,3.0,Respondent higher,yes,,yes,,24.0,"white, non-hispanic","white, non-hispanic","White, Non-Hispanic",no (not latino or hispanic),white
1670475,2594,,,"$125,000 to $149,999",masters degree,,,17,High,Bachelor's+,,4,,,,,,,,"white, non-hispanic","white, non-hispanic","White, Non-Hispanic",,
1671291,79120,79120.0,79120.0,"$175,000 or more",bachelors degree,"some college, no degree",i earned more,19,High,Bachelor's+,Some college,4,3.0,Respondent higher,,,,,9.0,"white, non-hispanic","white, non-hispanic","White, Non-Hispanic",no (not latino or hispanic),white
1672325,39098,39098.0,39098.0,"$100,000 to $124,999","some college, no degree","some college, no degree",partner earned more,16,High,Some college,Some college,3,3.0,Same education level,yes,,,,16.0,"white, non-hispanic","white, non-hispanic",,no (not latino or hispanic),white
1673321,55568,55568.0,55568.0,"$35,000 to $39,999",associate degree,"some college, no degree",i earned more,10,Low,Some college,Some college,3,3.0,Same education level,,,,,4.0,hispanic,hispanic,Hispanic,no (not latino or hispanic),white
1674621,44942,44942.0,44942.0,"$100,000 to $124,999",11th grade,bachelor's degree,partner earned more,16,High,Less than HS,Bachelor's+,1,4.0,Partner higher,,,,,,"white, non-hispanic","white, non-hispanic","White, Non-Hispanic",no (not latino or hispanic),white
1675641,1300,1300.0,1300.0,"$175,000 or more",masters degree,professional or doctorate degree,partner earned more,19,High,Bachelor's+,Bachelor's+,4,4.0,Same education level,,,,,28.0,"white, non-hispanic","white, non-hispanic","White, Non-Hispanic",no (not latino or hispanic),white
1676566,2558,2558.0,2558.0,"$50,000 to $59,999",professional or doctorate degree,bachelor's degree,partner earned more,12,Middle,Bachelor's+,Bachelor's+,4,4.0,Same education level,yes,,yes,,14.0,"white, non-hispanic","white, non-hispanic","White, Non-Hispanic",no (not latino or hispanic),white
1677766,3125,3125.0,3125.0,"$125,000 to $149,999",professional or doctorate degree,bachelor's degree,i earned more,17,High,Bachelor's+,Bachelor's+,4,4.0,Same education level,,,yes,,32.0,"white, non-hispanic","white, non-hispanic",,no (not latino or hispanic),white
1678601,44232,44232.0,44232.0,"$35,000 to $39,999",11th grade,11th grade,partner earned more,10,Low,Less than HS,Less than HS,1,1.0,Same education level,,,,,43.0,"white, non-hispanic","white, non-hispanic","White, Non-Hispanic",no (not latino or hispanic),white
1679355,5187,,,"$15,000 to $19,999",masters degree,,,6,Low,Bachelor's+,,4,,,,,,,,"other, non-hispanic","other, non-hispanic","Other, Non-Hispanic",,
1680573,102401,,,"$10,000 to $12,499",high school graduate - high school diploma or the equivalent (ged),,,4,Low,HS,,2,,,,,,,,"white, non-hispanic","white, non-hispanic","White, Non-Hispanic",,
1681661,41099,41099.0,41099.0,"$85,000 to $99,999",12th grade no diploma,master's degree,partner earned more,15,High,Less than HS,Bachelor's+,1,4.0,Partner higher,,,,,30.0,"white, non-hispanic","white, non-hispanic","White, Non-Hispanic",no (not latino or hispanic),white
1683821,73915,73915.0,73915.0,"$30,000 to $34,999",bachelors degree,hs graduate or ged,i earned more,9,Low,Bachelor's+,HS,4,2.0,Respondent higher,,,,,44.0,"white, non-hispanic","white, non-hispanic","White, Non-Hispanic",no (not latino or hispanic),white
1685385,85973,85973.0,85973.0,"$40,000 to $49,999",high school graduate - high school diploma or the equivalent (ged),bachelor's degree,partner earned more,11,Middle,HS,Bachelor's+,2,4.0,Partner higher,yes,,yes,,5.0,"black, non-hispanic","other, non-hispanic","Black, Non-Hispanic",no (not latino or hispanic),white
1686502,57482,57482.0,57482.0,"$60,000 to $74,999",bachelors degree,hs graduate or ged,partner earned more,13,Middle,Bachelor's+,HS,4,2.0,Respondent higher,,,,,26.0,"white, non-hispanic","white, non-hispanic","White, Non-Hispanic",no (not latino or hispanic),white
1687301,9230,9230.0,9230.0,"$50,000 to $59,999",11th grade,"some college, no degree",partner earned more,12,Middle,Less than HS,Some college,1,3.0,Partner higher,,,,,9.0,"white, non-hispanic","white, non-hispanic","White, Non-Hispanic",no (not latino or hispanic),white
1688541,43903,43903.0,43903.0,"$40,000 to $49,999",high school graduate - high school diploma or the equivalent (ged),"some college, no degree",partner earned more,11,Middle,HS,Some college,2,3.0,Partner higher,,,,,24.0,"white, non-hispanic","white, non-hispanic",,no (not latino or hispanic),white
1689375,2797,2797.0,2797.0,"$25,000 to $29,999","some college, no degree","some college, no degree",i earned more,8,Low,Some college,Some college,3,3.0,Same education level,no,we broke up,,,1.5,"white, non-hispanic","white, non-hispanic","White, Non-Hispanic",no (not latino or hispanic),white
1690395,82855,,,"$25,000 to $29,999",high school graduate - high school diploma or the equivalent (ged),,,8,Low,HS,,2,,,,,,,,"black, non-hispanic",,,,
1691641,43503,43503.0,43503.0,"$40,000 to $49,999",high school graduate - high school diploma or the equivalent (ged),associate degree,i earned more,11,Middle,HS,Some college,2,3.0,Partner higher,,,,,20.0,"white, non-hispanic","white, non-hispanic","White, Non-Hispanic",no (not latino or hispanic),white
1692566,1874,1874.0,1874.0,"$100,000 to $124,999",bachelors degree,"some college, no degree",i earned more,16,High,Bachelor's+,Some college,4,3.0,Respondent higher,yes,,yes,,9.0,"white, non-hispanic","white, non-hispanic",,no (not latino or hispanic),white
1693481,39909,39909.0,39909.0,"$100,000 to $124,999",bachelors degree,master's degree,partner earned more,16,High,Bachelor's+,Bachelor's+,4,4.0,Same education level,,,,,28.0,"white, non-hispanic","white, non-hispanic","White, Non-Hispanic",no (not latino or hispanic),white
1696565,2180,,,"$50,000 to $59,999",masters degree,,,12,Middle,Bachelor's+,,4,,,,,,,,"white, non-hispanic","white, non-hispanic",,,
1697445,98809,98809.0,98809.0,"$20,000 to $24,999","some college, no degree",bachelor's degree,refused,7,Low,Some college,Bachelor's+,3,4.0,Partner higher,no,we broke up,,,1.5,hispanic,hispanic,Hispanic,no (not latino or hispanic),white
1698641,24182,24182.0,24182.0,"$85,000 to $99,999",bachelors degree,"some college, no degree",i earned more,15,High,Bachelor's+,Some college,4,3.0,Respondent higher,,,,,46.0,"white, non-hispanic","white, non-hispanic","White, Non-Hispanic",no (not latino or hispanic),white
1699641,26647,26647.0,26647.0,"$125,000 to $149,999",bachelors degree,bachelor's degree,i earned more,17,High,Bachelor's+,Bachelor's+,4,4.0,Same education level,,,,,49.0,"white, non-hispanic","white, non-hispanic",,no (not latino or hispanic),white
1700416,18421,18421.0,18421.0,"$20,000 to $24,999",associate degree,hs graduate or ged,i earned more,7,Low,Some college,HS,3,2.0,Respondent higher,yes,,yes,,2.5,"white, non-hispanic","white, non-hispanic","White, Non-Hispanic",no (not latino or hispanic),white
1701345,60302,,,"less than $5,000",high school graduate - high school diploma or the equivalent (ged),,,1,Low,HS,,2,,,,,,,,"white, non-hispanic","white, non-hispanic","White, Non-Hispanic",,
1703712,59590,59590.0,59590.0,"$30,000 to $34,999",high school graduate - high school diploma or the equivalent (ged),"some college, no degree",partner earned more,9,Low,HS,Some college,2,3.0,Partner higher,yes,,yes,,1.5,"white, non-hispanic","white, non-hispanic","White, Non-Hispanic",no (not latino or hispanic),white
1704403,9627,9627.0,9627.0,"$7,500 to $9,999","some college, no degree",12th grade no diploma,partner earned more,3,Low,Some college,Less than HS,3,1.0,Respondent higher,no,we broke up,,,0.15,"white, non-hispanic","2+ races, non-hispanic",,no (not latino or hispanic),white
1705261,73362,73362.0,73362.0,"$20,000 to $24,999",bachelors degree,bachelor's degree,partner earned more,7,Low,Bachelor's+,Bachelor's+,4,4.0,Same education level,,,,,7.0,"white, non-hispanic","white, non-hispanic",,no (not latino or hispanic),asian or pacific islander
1706351,45488,45488.0,45488.0,"$75,000 to $84,999",masters degree,bachelor's degree,i earned more,14,High,Bachelor's+,Bachelor's+,4,4.0,Same education level,,,,,17.0,"white, non-hispanic","white, non-hispanic","White, Non-Hispanic",no (not latino or hispanic),white
1707621,61621,61621.0,61621.0,"$125,000 to $149,999",10th grade,master's degree,i earned more,17,High,Less than HS,Bachelor's+,1,4.0,Partner higher,,,,,40.0,"white, non-hispanic","white, non-hispanic","White, Non-Hispanic",no (not latino or hispanic),white
1708231,46789,46789.0,46789.0,"$85,000 to $99,999",associate degree,associate degree,partner earned more,15,High,Some college,Some college,3,3.0,Same education level,,,,,5.0,"white, non-hispanic","white, non-hispanic","White, Non-Hispanic",no (not latino or hispanic),white
1709246,13528,13528.0,13528.0,"$20,000 to $24,999","some college, no degree","some college, no degree",partner earned more,7,Low,Some college,Some college,3,3.0,Same education level,,,,,4.0,"white, non-hispanic","white, non-hispanic","White, Non-Hispanic",no (not latino or hispanic),white
1710623,25290,,,"$20,000 to $24,999",11th grade,,,7,Low,Less than HS,,1,,,,,,,,"white, non-hispanic","white, non-hispanic","White, Non-Hispanic",,
1711502,56262,56262.0,56262.0,"$30,000 to $34,999",high school graduate - high school diploma or the equivalent (ged),bachelor's degree,partner earned more,9,Low,HS,Bachelor's+,2,4.0,Partner higher,yes,,yes,,7.0,"white, non-hispanic","white, non-hispanic","White, Non-Hispanic",no (not latino or hispanic),white
1713822,1965,,,"$75,000 to $84,999",bachelors degree,,,14,High,Bachelor's+,,4,,,,,,,,"white, non-hispanic","white, non-hispanic","White, Non-Hispanic",,
1714741,34456,34456.0,34456.0,"$60,000 to $74,999","some college, no degree","some college, no degree",partner earned more,13,Middle,Some college,Some college,3,3.0,Same education level,,,,,54.0,"white, non-hispanic","white, non-hispanic",,no (not latino or hispanic),white
1715481,56847,56847.0,56847.0,"$75,000 to $84,999",high school graduate - high school diploma or the equivalent (ged),"some college, no degree",partner earned more,14,High,HS,Some college,2,3.0,Partner higher,,,,,33.0,"white, non-hispanic","white, non-hispanic","White, Non-Hispanic",no (not latino or hispanic),white
1716225,97939,,,"$20,000 to $24,999",associate degree,,,7,Low,Some college,,3,,,,,,,,hispanic,hispanic,,,
1718291,62174,62174.0,62174.0,"$25,000 to $29,999",professional or doctorate degree,master's degree,partner earned more,8,Low,Bachelor's+,Bachelor's+,4,4.0,Same education level,,,,,6.0,"white, non-hispanic","white, non-hispanic","White, Non-Hispanic",no (not latino or hispanic),white
1719406,5693,5693.0,5693.0,"$100,000 to $124,999",bachelors degree,bachelor's degree,i earned more,16,High,Bachelor's+,Bachelor's+,4,4.0,Same education level,yes,,yes,,4.0,"white, non-hispanic","white, non-hispanic","White, Non-Hispanic",no (not latino or hispanic),asian or pacific islander
1720621,76781,76781.0,76781.0,"$40,000 to $49,999","some college, no degree",associate degree,we earned about the same amount,11,Middle,Some college,Some college,3,3.0,Same education level,,,,,43.0,hispanic,hispanic,Hispanic,no (not latino or hispanic),white
1721381,63588,63588.0,63588.0,"$50,000 to $59,999",high school graduate - high school diploma or the equivalent (ged),"some college, no degree",partner earned more,12,Middle,HS,Some college,2,3.0,Partner higher,,,,,13.0,"white, non-hispanic","white, non-hispanic","White, Non-Hispanic",no (not latino or hispanic),white
1723666,2150,,,"$100,000 to $124,999",masters degree,,,16,High,Bachelor's+,,4,,,,,,,,"white, non-hispanic","white, non-hispanic","White, Non-Hispanic",,
1726685,41314,41314.0,41314.0,"$100,000 to $124,999","some college, no degree","some college, no degree",refused,16,High,Some college,Some college,3,3.0,Same education level,,,,,45.0,"other, non-hispanic","black, non-hispanic",,no (not latino or hispanic),black or african american
1728311,78495,78495.0,78495.0,"$60,000 to $74,999",high school graduate - high school diploma or the equivalent (ged),hs graduate or ged,we earned about the same amount,13,Middle,HS,HS,2,2.0,Same education level,,,,,15.0,hispanic,hispanic,Hispanic,no (not latino or hispanic),white
1729782,63734,,,"$30,000 to $34,999",high school graduate - high school diploma or the equivalent (ged),,,9,Low,HS,,2,,,,,,,,"white, non-hispanic","white, non-hispanic","White, Non-Hispanic",,
1730361,52294,52294.0,52294.0,"$60,000 to $74,999",high school graduate - high school diploma or the equivalent (ged),"some college, no degree",we earned about the same amount,13,Middle,HS,Some college,2,3.0,Partner higher,,,,,20.0,hispanic,hispanic,Hispanic,"yes, mexican, mexican american, chicano",other (please specify)
1734805,8898,,,"$7,500 to $9,999",high school graduate - high school diploma or the equivalent (ged),,,3,Low,HS,,2,,,,,,,,"white, non-hispanic","white, non-hispanic","White, Non-Hispanic",,
1735441,49875,49875.0,49875.0,"$175,000 or more",bachelors degree,master's degree,i earned more,19,High,Bachelor's+,Bachelor's+,4,4.0,Same education level,,,,,14.0,"white, non-hispanic","white, non-hispanic","White, Non-Hispanic",no (not latino or hispanic),white
1736721,2168,2168.0,2168.0,"$150,000 to $174,999","some college, no degree",master's degree,partner earned more,18,High,Some college,Bachelor's+,3,4.0,Partner higher,,,,,16.0,"white, non-hispanic","white, non-hispanic","White, Non-Hispanic",no (not latino or hispanic),white
1738463,46762,46762.0,46762.0,"$15,000 to $19,999","some college, no degree","some college, no degree",partner earned more,6,Low,Some college,Some college,3,3.0,Same education level,no,other (please describe),,,0.05,"white, non-hispanic","white, non-hispanic","White, Non-Hispanic",no (not latino or hispanic),white
1739511,85752,85752.0,85752.0,"$60,000 to $74,999",high school graduate - high school diploma or the equivalent (ged),"some college, no degree",i earned more,13,Middle,HS,Some college,2,3.0,Partner higher,,,,,26.0,"white, non-hispanic","white, non-hispanic",,no (not latino or hispanic),white
1740291,37454,37454.0,37454.0,"$60,000 to $74,999","some college, no degree",bachelor's degree,i earned more,13,Middle,Some college,Bachelor's+,3,4.0,Partner higher,,,,,6.0,"white, non-hispanic","white, non-hispanic","White, Non-Hispanic",no (not latino or hispanic),white
1741735,2362,,,"$100,000 to $124,999",professional or doctorate degree,,,16,High,Bachelor's+,,4,,,,,,,,"white, non-hispanic","white, non-hispanic","White, Non-Hispanic",,
1742351,171873,171873.0,171873.0,"$50,000 to $59,999",high school graduate - high school diploma or the equivalent (ged),hs graduate or ged,partner earned more,12,Middle,HS,HS,2,2.0,Same education level,,,,,16.0,"white, non-hispanic","white, non-hispanic","White, Non-Hispanic",no (not latino or hispanic),white
1743521,209005,209005.0,209005.0,"$50,000 to $59,999",high school graduate - high school diploma or the equivalent (ged),bachelor's degree,i earned more,12,Middle,HS,Bachelor's+,2,4.0,Partner higher,,,,,26.0,"white, non-hispanic","white, non-hispanic","White, Non-Hispanic",no (not latino or hispanic),white
1744605,7475,,,"$60,000 to $74,999",bachelors degree,,,13,Middle,Bachelor's+,,4,,,,,,,,"white, non-hispanic","white, non-hispanic","White, Non-Hispanic",,
1745446,5877,5877.0,5877.0,"$150,000 to $174,999",masters degree,hs graduate or ged,i earned more,18,High,Bachelor's+,HS,4,2.0,Respondent higher,,,,,14.0,"white, non-hispanic","white, non-hispanic","White, Non-Hispanic",no (not latino or hispanic),white
1746605,9035,,,"$15,000 to $19,999",high school graduate - high school diploma or the equivalent (ged),,,6,Low,HS,,2,,,,,,,,"white, non-hispanic","white, non-hispanic","White, Non-Hispanic",,
1747381,49934,49934.0,49934.0,"$175,000 or more",masters degree,refused,partner earned more,19,High,Bachelor's+,,4,,,,,,,19.0,"white, non-hispanic","white, non-hispanic","White, Non-Hispanic",no (not latino or hispanic),white
1748271,45471,45471.0,45471.0,"$75,000 to $84,999",bachelors degree,bachelor's degree,partner earned more,14,High,Bachelor's+,Bachelor's+,4,4.0,Same education level,,,,,10.0,"white, non-hispanic","white, non-hispanic","White, Non-Hispanic",no (not latino or hispanic),white
1749592,38124,38124.0,38124.0,"$100,000 to $124,999",masters degree,associate degree,i earned more,16,High,Bachelor's+,Some college,4,3.0,Respondent higher,yes,,yes,,5.0,"white, non-hispanic","white, non-hispanic","White, Non-Hispanic",no (not latino or hispanic),white
1750331,135246,135246.0,135246.0,"$175,000 or more",masters degree,master's degree,i earned more,19,High,Bachelor's+,Bachelor's+,4,4.0,Same education level,,,,,6.0,"white, non-hispanic","white, non-hispanic",,no (not latino or hispanic),white
1751291,33716,33716.0,33716.0,"$15,000 to $19,999",masters degree,master's degree,partner earned more,6,Low,Bachelor's+,Bachelor's+,4,4.0,Same education level,,,,,8.0,"white, non-hispanic","white, non-hispanic","White, Non-Hispanic",no (not latino or hispanic),white
1752521,23124,23124.0,23124.0,"$100,000 to $124,999",high school graduate - high school diploma or the equivalent (ged),"some college, no degree",i earned more,16,High,HS,Some college,2,3.0,Partner higher,,,,,6.0,"2+ races, non-hispanic","white, non-hispanic","White, Non-Hispanic",no (not latino or hispanic),white
1753471,2196,2196.0,2196.0,"$100,000 to $124,999",bachelors degree,bachelor's degree,i earned more,16,High,Bachelor's+,Bachelor's+,4,4.0,Same education level,,,,,22.0,"white, non-hispanic","white, non-hispanic","White, Non-Hispanic",no (not latino or hispanic),white
1754225,12934,,,"$150,000 to $174,999","some college, no degree",,,18,High,Some college,,3,,,,,,,,"white, non-hispanic","white, non-hispanic","White, Non-Hispanic",,
1755306,121140,121140.0,121140.0,"$5,000 to $7,499",10th grade,10th grade,partner earned more,2,Low,Less than HS,Less than HS,1,1.0,Same education level,yes,,yes,,8.0,hispanic,,Hispanic,no (not latino or hispanic),black or african american
1756633,49553,49553.0,49553.0,"$50,000 to $59,999",12th grade no diploma,bachelor's degree,partner earned more,12,Middle,Less than HS,Bachelor's+,1,4.0,Partner higher,yes,,yes,,38.0,"white, non-hispanic","white, non-hispanic","White, Non-Hispanic",no (not latino or hispanic),white
1757781,53781,53781.0,53781.0,"$50,000 to $59,999",bachelors degree,hs graduate or ged,partner earned more,12,Middle,Bachelor's+,HS,4,2.0,Respondent higher,,,,,26.0,"white, non-hispanic","white, non-hispanic",,no (not latino or hispanic),white
1759791,45536,45536.0,45536.0,"$35,000 to $39,999",9th grade,7th or 8th grade,i earned more,10,Low,Less than HS,Less than HS,1,1.0,Same education level,,,,,55.0,"white, non-hispanic","white, non-hispanic","White, Non-Hispanic",no (not latino or hispanic),white
1760353,40463,40463.0,40463.0,"$50,000 to $59,999",bachelors degree,"some college, no degree",i earned more,12,Middle,Bachelor's+,Some college,4,3.0,Respondent higher,yes,,yes,,0.15,"white, non-hispanic","white, non-hispanic","White, Non-Hispanic",no (not latino or hispanic),white
1762615,46029,46029.0,46029.0,"$20,000 to $24,999",bachelors degree,bachelor's degree,partner earned more,7,Low,Bachelor's+,Bachelor's+,4,4.0,Same education level,yes,,yes,,6.0,"white, non-hispanic","white, non-hispanic","White, Non-Hispanic",no (not latino or hispanic),white
1763881,44372,44372.0,44372.0,"$75,000 to $84,999","some college, no degree",hs graduate or ged,i earned more,14,High,Some college,HS,3,2.0,Respondent higher,,,,,69.0,"white, non-hispanic","white, non-hispanic",,no (not latino or hispanic),white
1764471,16867,16867.0,16867.0,"$85,000 to $99,999",bachelors degree,"some college, no degree",i earned more,15,High,Bachelor's+,Some college,4,3.0,Respondent higher,,,,,8.0,"white, non-hispanic","white, non-hispanic","White, Non-Hispanic",no (not latino or hispanic),white
1765521,162375,162375.0,162375.0,"$50,000 to $59,999",high school graduate - high school diploma or the equivalent (ged),hs graduate or ged,we earned about the same amount,12,Middle,HS,HS,2,2.0,Same education level,,,,,28.0,"white, non-hispanic","white, non-hispanic","White, Non-Hispanic",no (not latino or hispanic),white
1766583,2481,,,"$60,000 to $74,999",bachelors degree,,,13,Middle,Bachelor's+,,4,,,,,,,,"white, non-hispanic","white, non-hispanic","White, Non-Hispanic",,
1767591,11400,11400.0,11400.0,"$175,000 or more",bachelors degree,master's degree,partner earned more,19,High,Bachelor's+,Bachelor's+,4,4.0,Same education level,,,,,39.0,"2+ races, non-hispanic","white, non-hispanic","2+ Races, Non-Hispanic",no (not latino or hispanic),white
1768436,130032,130032.0,130032.0,"$50,000 to $59,999","some college, no degree",master's degree,partner earned more,12,Middle,Some college,Bachelor's+,3,4.0,Partner higher,yes,,yes,,11.0,"black, non-hispanic","black, non-hispanic","Black, Non-Hispanic",no (not latino or hispanic),black or african american
1770415,57520,,,"$60,000 to $74,999",bachelors degree,,,13,Middle,Bachelor's+,,4,,,,,,,,"white, non-hispanic","white, non-hispanic","White, Non-Hispanic",,
1771195,51009,51009.0,51009.0,"$75,000 to $84,999",high school graduate - high school diploma or the equivalent (ged),"some college, no degree",partner earned more,14,High,HS,Some college,2,3.0,Partner higher,yes,,yes,,2.5,"white, non-hispanic","white, non-hispanic","White, Non-Hispanic",no (not latino or hispanic),white
1772413,28534,28534.0,28534.0,"$35,000 to $39,999",high school graduate - high school diploma or the equivalent (ged),associate degree,we earned about the same amount,10,Low,HS,Some college,2,3.0,Partner higher,yes,,yes,,4.0,"white, non-hispanic","white, non-hispanic","White, Non-Hispanic",no (not latino or hispanic),white
1773565,4960,,,"$85,000 to $99,999",bachelors degree,,,15,High,Bachelor's+,,4,,,,,,,,"white, non-hispanic","white, non-hispanic",,,
1774541,15941,15941.0,15941.0,"$85,000 to $99,999",high school graduate - high school diploma or the equivalent (ged),hs graduate or ged,partner earned more,15,High,HS,HS,2,2.0,Same education level,,,,,35.0,"2+ races, non-hispanic","white, non-hispanic","2+ Races, Non-Hispanic",no (not latino or hispanic),white
1775535,148374,,,"$40,000 to $49,999",bachelors degree,,,11,Middle,Bachelor's+,,4,,,,,,,,"white, non-hispanic","white, non-hispanic",,,
1777513,36154,36154.0,36154.0,"$75,000 to $84,999",associate degree,"some college, no degree",we earned about the same amount,14,High,Some college,Some college,3,3.0,Same education level,yes,,yes,,8.0,"white, non-hispanic","white, non-hispanic","White, Non-Hispanic",no (not latino or hispanic),white
1778236,92794,92794.0,92794.0,"$5,000 to $7,499",9th grade,hs graduate or ged,i earned more,2,Low,Less than HS,HS,1,2.0,Partner higher,yes,,,,5.0,"white, non-hispanic","white, non-hispanic","White, Non-Hispanic",no (not latino or hispanic),asian or pacific islander
1779551,204917,204917.0,204917.0,"$150,000 to $174,999",professional or doctorate degree,"some college, no degree",partner earned more,18,High,Bachelor's+,Some college,4,3.0,Respondent higher,,,,,14.0,"white, non-hispanic","white, non-hispanic","White, Non-Hispanic",no (not latino or hispanic),white
1780475,2035,,,"$100,000 to $124,999",professional or doctorate degree,,,16,High,Bachelor's+,,4,,,,,,,,"white, non-hispanic","white, non-hispanic","White, Non-Hispanic",,
1781261,101958,101958.0,101958.0,"$50,000 to $59,999",associate degree,"some college, no degree",i earned more,12,Middle,Some college,Some college,3,3.0,Same education level,,,,,6.0,"black, non-hispanic","black, non-hispanic","Black, Non-Hispanic","yes, other latino/hispanic",other (please specify)
1782305,23548,,,"$30,000 to $34,999","some college, no degree",,,9,Low,Some college,,3,,,,,,,,"white, non-hispanic","white, non-hispanic",,,
1783772,67571,,,"$40,000 to $49,999",bachelors degree,,,11,Middle,Bachelor's+,,4,,,,,,,,"white, non-hispanic","white, non-hispanic","White, Non-Hispanic",,
1784331,40612,40612.0,40612.0,"$175,000 or more",masters degree,master's degree,i earned more,19,High,Bachelor's+,Bachelor's+,4,4.0,Same education level,,,,,6.0,"white, non-hispanic","white, non-hispanic",,no (not latino or hispanic),white
1785761,52390,52390.0,52390.0,"$25,000 to $29,999",masters degree,professional or doctorate degree,partner earned more,8,Low,Bachelor's+,Bachelor's+,4,4.0,Same education level,,,,,50.0,"white, non-hispanic","white, non-hispanic",,no (not latino or hispanic),white
1786301,58731,58731.0,58731.0,"$40,000 to $49,999",bachelors degree,hs graduate or ged,i earned more,11,Middle,Bachelor's+,HS,4,2.0,Respondent higher,,,,,9.0,"white, non-hispanic","white, non-hispanic","White, Non-Hispanic",no (not latino or hispanic),white
1787296,46097,46097.0,46097.0,"$60,000 to $74,999",masters degree,bachelor's degree,we earned about the same amount,13,Middle,Bachelor's+,Bachelor's+,4,4.0,Same education level,yes,,,,4.0,"white, non-hispanic","white, non-hispanic","White, Non-Hispanic","yes, puerto rican",white
1788316,10004,10004.0,10004.0,"$50,000 to $59,999",associate degree,bachelor's degree,partner earned more,12,Middle,Some college,Bachelor's+,3,4.0,Partner higher,yes,,yes,,9.0,"white, non-hispanic","white, non-hispanic","White, Non-Hispanic",no (not latino or hispanic),white
1789465,2044,,,"$125,000 to $149,999",masters degree,,,17,High,Bachelor's+,,4,,,,,,,,"white, non-hispanic","white, non-hispanic","White, Non-Hispanic",,
1790623,52947,52947.0,52947.0,"$10,000 to $12,499",bachelors degree,"some college, no degree",partner earned more,4,Low,Bachelor's+,Some college,4,3.0,Respondent higher,yes,,yes,,12.0,"white, non-hispanic","white, non-hispanic","White, Non-Hispanic",no (not latino or hispanic),white
1791235,71232,,,"$85,000 to $99,999","some college, no degree",,,15,High,Some college,,3,,,,,,,,"white, non-hispanic","white, non-hispanic","White, Non-Hispanic",,
1792311,82229,82229.0,82229.0,"$50,000 to $59,999",high school graduate - high school diploma or the equivalent (ged),bachelor's degree,partner earned more,12,Middle,HS,Bachelor's+,2,4.0,Partner higher,,,,,16.0,"white, non-hispanic","white, non-hispanic","White, Non-Hispanic",no (not latino or hispanic),white
1793381,25834,25834.0,25834.0,"$40,000 to $49,999",high school graduate - high school diploma or the equivalent (ged),"some college, no degree",partner earned more,11,Middle,HS,Some college,2,3.0,Partner higher,,,,,20.0,"white, non-hispanic","white, non-hispanic","White, Non-Hispanic",no (not latino or hispanic),white
1794351,39212,39212.0,39212.0,"$125,000 to $149,999",bachelors degree,bachelor's degree,we earned about the same amount,17,High,Bachelor's+,Bachelor's+,4,4.0,Same education level,,,,,17.0,"white, non-hispanic","white, non-hispanic",,"yes, puerto rican",other (please specify)
1795381,37800,37800.0,37800.0,"$100,000 to $124,999","some college, no degree","some college, no degree",i earned more,16,High,Some college,Some college,3,3.0,Same education level,,,,,15.0,"white, non-hispanic","white, non-hispanic","White, Non-Hispanic",no (not latino or hispanic),white
1796621,66778,66778.0,66778.0,"$100,000 to $124,999","some college, no degree","some college, no degree",partner earned more,16,High,Some college,Some college,3,3.0,Same education level,,,,,,hispanic,hispanic,,no (not latino or hispanic),white
1797541,110354,110354.0,110354.0,"$75,000 to $84,999",high school graduate - high school diploma or the equivalent (ged),hs graduate or ged,partner earned more,14,High,HS,HS,2,2.0,Same education level,,,,,37.0,hispanic,hispanic,Hispanic,"yes, other latino/hispanic",white
1798281,214474,214474.0,214474.0,"$50,000 to $59,999",bachelors degree,master's degree,partner earned more,12,Middle,Bachelor's+,Bachelor's+,4,4.0,Same education level,,,,,6.0,"other, non-hispanic","other, non-hispanic","Other, Non-Hispanic",no (not latino or hispanic),asian or pacific islander
1799441,50949,50949.0,50949.0,"$150,000 to $174,999",associate degree,hs graduate or ged,i earned more,18,High,Some college,HS,3,2.0,Respondent higher,,,,,17.0,"white, non-hispanic",,,no (not latino or hispanic),white
1800341,177351,177351.0,177351.0,"$40,000 to $49,999",high school graduate - high school diploma or the equivalent (ged),hs graduate or ged,i earned more,11,Middle,HS,HS,2,2.0,Same education level,,,,,6.0,"white, non-hispanic","white, non-hispanic","White, Non-Hispanic",no (not latino or hispanic),white
1801575,3316,,,"$7,500 to $9,999",associate degree,,,3,Low,Some college,,3,,,,,,,,"white, non-hispanic","white, non-hispanic","White, Non-Hispanic",,
1802445,4053,4053.0,4053.0,"$100,000 to $124,999",masters degree,master's degree,i earned more,16,High,Bachelor's+,Bachelor's+,4,4.0,Same education level,no,we broke up,,,0.75,"white, non-hispanic","white, non-hispanic","White, Non-Hispanic",no (not latino or hispanic),white
1803416,2999,2999.0,2999.0,"$175,000 or more",masters degree,bachelor's degree,i earned more,19,High,Bachelor's+,Bachelor's+,4,4.0,Same education level,,,,,18.0,"white, non-hispanic","white, non-hispanic","White, Non-Hispanic",no (not latino or hispanic),white
1804235,34864,34864.0,34864.0,"$85,000 to $99,999",associate degree,"some college, no degree",partner earned more,15,High,Some college,Some college,3,3.0,Same education level,yes,,,,2.5,"white, non-hispanic","white, non-hispanic",,no (not latino or hispanic),white
1805341,50472,50472.0,50472.0,"$40,000 to $49,999",bachelors degree,"some college, no degree",partner earned more,11,Middle,Bachelor's+,Some college,4,3.0,Respondent higher,,,,,11.0,"white, non-hispanic","white, non-hispanic",,no (not latino or hispanic),white
1807331,58416,58416.0,58416.0,"$40,000 to $49,999",high school graduate - high school diploma or the equivalent (ged),"some college, no degree",partner earned more,11,Middle,HS,Some college,2,3.0,Partner higher,yes,,yes,,4.0,hispanic,hispanic,Hispanic,"yes, mexican, mexican american, chicano",other (please specify)
1808475,5998,5998.0,5998.0,"$50,000 to $59,999",bachelors degree,5th or 6th grade,i earned more,12,Middle,Bachelor's+,Less than HS,4,1.0,Respondent higher,,,,,4.0,hispanic,hispanic,,"yes, mexican, mexican american, chicano",white
1809246,45874,45874.0,45874.0,"$7,500 to $9,999","some college, no degree",11th grade,i earned more,3,Low,Some college,Less than HS,3,1.0,Respondent higher,yes,,yes,,6.0,hispanic,hispanic,Hispanic,"yes, puerto rican",white
1810601,88167,88167.0,88167.0,"$40,000 to $49,999","some college, no degree",hs graduate or ged,i earned more,11,Middle,Some college,HS,3,2.0,Respondent higher,,,,,41.0,"white, non-hispanic","white, non-hispanic",,no (not latino or hispanic),white
1812681,40290,40290.0,40290.0,"$30,000 to $34,999",11th grade,"some college, no degree",partner earned more,9,Low,Less than HS,Some college,1,3.0,Partner higher,,,,,49.0,hispanic,hispanic,Hispanic,"yes, other latino/hispanic",other (please specify)
1813483,39082,39082.0,39082.0,"$85,000 to $99,999","some college, no degree",hs graduate or ged,i earned more,15,High,Some college,HS,3,2.0,Respondent higher,,,,,13.0,"white, non-hispanic","white, non-hispanic",,no (not latino or hispanic),white
1814401,18508,18508.0,18508.0,"$60,000 to $74,999",bachelors degree,bachelor's degree,partner earned more,13,Middle,Bachelor's+,Bachelor's+,4,4.0,Same education level,,,,,11.0,"2+ races, non-hispanic","2+ races, non-hispanic","2+ Races, Non-Hispanic",no (not latino or hispanic),asian or pacific islander
1815601,98553,98553.0,98553.0,"$35,000 to $39,999",11th grade,"some college, no degree",partner earned more,10,Low,Less than HS,Some college,1,3.0,Partner higher,,,,,43.0,"white, non-hispanic","white, non-hispanic","White, Non-Hispanic",no (not latino or hispanic),white
1816535,43681,,,"$50,000 to $59,999","some college, no degree",,,12,Middle,Some college,,3,,,,,,,,"white, non-hispanic",,,,
1817446,43924,43924.0,43924.0,"$20,000 to $24,999",high school graduate - high school diploma or the equivalent (ged),"some college, no degree",partner earned more,7,Low,HS,Some college,2,3.0,Partner higher,yes,,yes,,19.0,"white, non-hispanic","white, non-hispanic","White, Non-Hispanic",no (not latino or hispanic),white
1818371,67031,67031.0,67031.0,"$50,000 to $59,999",high school graduate - high school diploma or the equivalent (ged),"some college, no degree",i earned more,12,Middle,HS,Some college,2,3.0,Partner higher,,,,,16.0,"white, non-hispanic","white, non-hispanic","White, Non-Hispanic",no (not latino or hispanic),white
1819566,136244,136244.0,136244.0,"$25,000 to $29,999",high school graduate - high school diploma or the equivalent (ged),hs graduate or ged,partner earned more,8,Low,HS,HS,2,2.0,Same education level,yes,,,,6.0,"white, non-hispanic","white, non-hispanic","White, Non-Hispanic",no (not latino or hispanic),white
1820763,1232,1232.0,1232.0,"$30,000 to $34,999",bachelors degree,master's degree,partner earned more,9,Low,Bachelor's+,Bachelor's+,4,4.0,Same education level,no,other (please describe),,,41.0,"white, non-hispanic","white, non-hispanic","White, Non-Hispanic","yes, other latino/hispanic",white
1821371,41936,41936.0,41936.0,"$85,000 to $99,999",associate degree,bachelor's degree,i earned more,15,High,Some college,Bachelor's+,3,4.0,Partner higher,,,,,16.0,"white, non-hispanic","white, non-hispanic","White, Non-Hispanic",no (not latino or hispanic),white
1823706,765,765.0,765.0,"$75,000 to $84,999",professional or doctorate degree,hs graduate or ged,i earned more,14,High,Bachelor's+,HS,4,2.0,Respondent higher,yes,,yes,,6.0,"white, non-hispanic","white, non-hispanic","White, Non-Hispanic",no (not latino or hispanic),black or african american
1824215,61943,,,"$60,000 to $74,999","some college, no degree",,,13,Middle,Some college,,3,,,,,,,,"white, non-hispanic","white, non-hispanic","White, Non-Hispanic",,
1825361,36126,36126.0,36126.0,"$100,000 to $124,999",bachelors degree,bachelor's degree,i earned more,16,High,Bachelor's+,Bachelor's+,4,4.0,Same education level,,,,,13.0,"white, non-hispanic","white, non-hispanic","White, Non-Hispanic",no (not latino or hispanic),white
1826563,72148,,,"$20,000 to $24,999",12th grade no diploma,,,7,Low,Less than HS,,1,,,,,,,,"black, non-hispanic","black, non-hispanic",,,
1827585,55489,,,"less than $5,000",masters degree,,,1,Low,Bachelor's+,,4,,,,,,,,"white, non-hispanic","white, non-hispanic","White, Non-Hispanic",,
1828271,74434,74434.0,74434.0,"$60,000 to $74,999",high school graduate - high school diploma or the equivalent (ged),"some college, no degree",partner earned more,13,Middle,HS,Some college,2,3.0,Partner higher,,,,,4.0,"white, non-hispanic","white, non-hispanic","White, Non-Hispanic",no (not latino or hispanic),white
1829653,64462,,,"$30,000 to $34,999","some college, no degree",,,9,Low,Some college,,3,,,,,,,,hispanic,hispanic,,,
1830561,26265,26265.0,26265.0,"$10,000 to $12,499",bachelors degree,hs graduate or ged,we earned about the same amount,4,Low,Bachelor's+,HS,4,2.0,Respondent higher,,,,,11.0,"2+ races, non-hispanic","2+ races, non-hispanic","2+ Races, Non-Hispanic",no (not latino or hispanic),"american indian, aleut, or eskimo"
1831446,5119,5119.0,5119.0,"$75,000 to $84,999",bachelors degree,associate degree,partner earned more,14,High,Bachelor's+,Some college,4,3.0,Respondent higher,yes,,yes,,19.0,"white, non-hispanic","white, non-hispanic","White, Non-Hispanic",no (not latino or hispanic),white
1833581,33916,33916.0,33916.0,"$85,000 to $99,999",masters degree,bachelor's degree,we earned about the same amount,15,High,Bachelor's+,Bachelor's+,4,4.0,Same education level,,,,,12.0,"white, non-hispanic","white, non-hispanic","White, Non-Hispanic",no (not latino or hispanic),white
1834215,39947,39947.0,39947.0,"$100,000 to $124,999","some college, no degree","some college, no degree",partner earned more,16,High,Some college,Some college,3,3.0,Same education level,yes,,yes,,1.5,"white, non-hispanic","white, non-hispanic","White, Non-Hispanic",no (not latino or hispanic),other (please specify)
1835645,28722,28722.0,28722.0,"$35,000 to $39,999",high school graduate - high school diploma or the equivalent (ged),hs graduate or ged,partner earned more,10,Low,HS,HS,2,2.0,Same education level,yes,,yes,,15.0,"white, non-hispanic","white, non-hispanic","White, Non-Hispanic",no (not latino or hispanic),white
1836683,42758,42758.0,42758.0,"$5,000 to $7,499",associate degree,7th or 8th grade,partner earned more,2,Low,Some college,Less than HS,3,1.0,Respondent higher,yes,,,,50.0,"black, non-hispanic","black, non-hispanic",,no (not latino or hispanic),black or african american
1837415,67617,67617.0,67617.0,"$60,000 to $74,999","some college, no degree","some college, no degree",i earned more,13,Middle,Some college,Some college,3,3.0,Same education level,,,,,4.0,hispanic,hispanic,Hispanic,"yes, puerto rican",white
1839335,41695,41695.0,41695.0,"$40,000 to $49,999",bachelors degree,master's degree,partner earned more,11,Middle,Bachelor's+,Bachelor's+,4,4.0,Same education level,yes,,yes,,1.5,"white, non-hispanic","white, non-hispanic","White, Non-Hispanic",no (not latino or hispanic),white
1840205,41755,41755.0,41755.0,"$30,000 to $34,999","some college, no degree","some college, no degree",we earned about the same amount,9,Low,Some college,Some college,3,3.0,Same education level,yes,,yes,,0.45,"white, non-hispanic","white, non-hispanic","White, Non-Hispanic",no (not latino or hispanic),other (please specify)
1841311,74593,74593.0,74593.0,"$50,000 to $59,999",high school graduate - high school diploma or the equivalent (ged),associate degree,i earned more,12,Middle,HS,Some college,2,3.0,Partner higher,,,,,12.0,"black, non-hispanic","black, non-hispanic","Black, Non-Hispanic",no (not latino or hispanic),white
1842506,2718,2718.0,2718.0,"$85,000 to $99,999",bachelors degree,bachelor's degree,partner earned more,15,High,Bachelor's+,Bachelor's+,4,4.0,Same education level,,,,,5.0,"white, non-hispanic",,,no (not latino or hispanic),white
1843471,1749,1749.0,1749.0,"$175,000 or more",bachelors degree,bachelor's degree,i earned more,19,High,Bachelor's+,Bachelor's+,4,4.0,Same education level,,,,,8.0,"white, non-hispanic","white, non-hispanic","White, Non-Hispanic",no (not latino or hispanic),white
1844215,109520,,,"$150,000 to $174,999","some college, no degree",,,18,High,Some college,,3,,,,,,,,hispanic,hispanic,Hispanic,,
1845451,55256,55256.0,55256.0,"$175,000 or more",12th grade no diploma,associate degree,partner earned more,19,High,Less than HS,Some college,1,3.0,Partner higher,,,,,29.0,"white, non-hispanic","white, non-hispanic","White, Non-Hispanic",no (not latino or hispanic),white
1846441,75031,75031.0,75031.0,"$35,000 to $39,999",bachelors degree,master's degree,i earned more,10,Low,Bachelor's+,Bachelor's+,4,4.0,Same education level,,,,,14.0,hispanic,hispanic,Hispanic,"yes, mexican, mexican american, chicano","american indian, aleut, or eskimo"
1847485,6139,,,"$5,000 to $7,499",bachelors degree,,,2,Low,Bachelor's+,,4,,,,,,,,hispanic,hispanic,Hispanic,,
1848513,51456,51456.0,51456.0,"$20,000 to $24,999",high school graduate - high school diploma or the equivalent (ged),hs graduate or ged,i earned more,7,Low,HS,HS,2,2.0,Same education level,,,,,6.0,hispanic,hispanic,,no (not latino or hispanic),white
1849405,51664,,,"$50,000 to $59,999",high school graduate - high school diploma or the equivalent (ged),,,12,Middle,HS,,2,,,,,,,,hispanic,hispanic,Hispanic,,
1850456,3697,3697.0,3697.0,"$50,000 to $59,999","some college, no degree",hs graduate or ged,partner earned more,12,Middle,Some college,HS,3,2.0,Respondent higher,,,yes,,4.0,"white, non-hispanic","white, non-hispanic",,no (not latino or hispanic),white
1851705,28150,,,"$85,000 to $99,999",bachelors degree,,,15,High,Bachelor's+,,4,,,,,,,,"white, non-hispanic","white, non-hispanic","White, Non-Hispanic",,
1852461,16580,16580.0,16580.0,"$125,000 to $149,999","some college, no degree",professional or doctorate degree,we earned about the same amount,17,High,Some college,Bachelor's+,3,4.0,Partner higher,,,,,15.0,"2+ races, non-hispanic",,,no (not latino or hispanic),other (please specify)
1853843,63988,63988.0,63988.0,"$12,500 to $14,999",masters degree,master's degree,partner earned more,5,Low,Bachelor's+,Bachelor's+,4,4.0,Same education level,,,,,47.0,"black, non-hispanic","2+ races, non-hispanic",,no (not latino or hispanic),black or african american
1854541,47116,47116.0,47116.0,"$50,000 to $59,999",bachelors degree,hs graduate or ged,i earned more,12,Middle,Bachelor's+,HS,4,2.0,Respondent higher,,,,,19.0,"white, non-hispanic","white, non-hispanic",,no (not latino or hispanic),white
1855236,56203,56203.0,56203.0,"$85,000 to $99,999","some college, no degree",associate degree,i earned more,15,High,Some college,Some college,3,3.0,Same education level,,,,,5.0,"white, non-hispanic",,"White, Non-Hispanic",no (not latino or hispanic),white
1856495,150951,,,"$35,000 to $39,999",associate degree,,,10,Low,Some college,,3,,,,,,,,"black, non-hispanic","black, non-hispanic","Black, Non-Hispanic",,
1857346,9043,9043.0,9043.0,"$175,000 or more",masters degree,master's degree,i earned more,19,High,Bachelor's+,Bachelor's+,4,4.0,Same education level,,,,,5.0,"black, non-hispanic","2+ races, non-hispanic","Black, Non-Hispanic",no (not latino or hispanic),black or african american
1858265,33683,,,"$40,000 to $49,999","some college, no degree",,,11,Middle,Some college,,3,,,,,,,,hispanic,hispanic,Hispanic,,
1859701,102352,102352.0,102352.0,"$25,000 to $29,999",high school graduate - high school diploma or the equivalent (ged),"some college, no degree",partner earned more,8,Low,HS,Some college,2,3.0,Partner higher,,,,,53.0,"black, non-hispanic","black, non-hispanic","Black, Non-Hispanic",no (not latino or hispanic),black or african american
1860271,105353,105353.0,105353.0,"$25,000 to $29,999",12th grade no diploma,11th grade,i earned more,8,Low,Less than HS,Less than HS,1,1.0,Same education level,,,,,8.0,"white, non-hispanic","white, non-hispanic","White, Non-Hispanic",no (not latino or hispanic),white
1861603,247219,247219.0,247219.0,"$20,000 to $24,999",high school graduate - high school diploma or the equivalent (ged),"some college, no degree",we earned about the same amount,7,Low,HS,Some college,2,3.0,Partner higher,yes,,,,20.0,hispanic,hispanic,,"yes, mexican, mexican american, chicano",other (please specify)
1862281,19902,19902.0,19902.0,"$85,000 to $99,999",bachelors degree,bachelor's degree,partner earned more,15,High,Bachelor's+,Bachelor's+,4,4.0,Same education level,,,,,5.0,"2+ races, non-hispanic","2+ races, non-hispanic","2+ Races, Non-Hispanic",no (not latino or hispanic),white
1863321,60844,60844.0,60844.0,"$75,000 to $84,999","some college, no degree",bachelor's degree,we earned about the same amount,14,High,Some college,Bachelor's+,3,4.0,Partner higher,,,,,5.0,"white, non-hispanic","white, non-hispanic",,no (not latino or hispanic),white
1864311,68219,68219.0,68219.0,"$85,000 to $99,999",high school graduate - high school diploma or the equivalent (ged),hs graduate or ged,i earned more,15,High,HS,HS,2,2.0,Same education level,,,,,9.0,"white, non-hispanic","white, non-hispanic","White, Non-Hispanic",no (not latino or hispanic),white
1865296,82970,82970.0,82970.0,"$20,000 to $24,999",bachelors degree,bachelor's degree,i earned more,7,Low,Bachelor's+,Bachelor's+,4,4.0,Same education level,yes,,yes,,0.15,"white, non-hispanic","white, non-hispanic","White, Non-Hispanic",no (not latino or hispanic),white
1866571,90071,90071.0,90071.0,"$75,000 to $84,999","some college, no degree",associate degree,i earned more,14,High,Some college,Some college,3,3.0,Same education level,,,,,27.0,"black, non-hispanic","black, non-hispanic",,no (not latino or hispanic),black or african american
1867521,37897,37897.0,37897.0,"$20,000 to $24,999",7th or 8th grade,hs graduate or ged,partner earned more,7,Low,Less than HS,HS,1,2.0,Partner higher,,,,,26.0,"white, non-hispanic","white, non-hispanic","White, Non-Hispanic",no (not latino or hispanic),white
1868455,51260,51260.0,51260.0,"$35,000 to $39,999",11th grade,"some college, no degree",partner earned more,10,Low,Less than HS,Some college,1,3.0,Partner higher,no,we broke up,,,20.0,"white, non-hispanic","white, non-hispanic","White, Non-Hispanic",no (not latino or hispanic),white
1869273,19461,19461.0,19461.0,"$25,000 to $29,999","some college, no degree","some college, no degree",i earned more,8,Low,Some college,Some college,3,3.0,Same education level,yes,,yes,,0.45,hispanic,,,"yes, puerto rican",other (please specify)
1870406,36829,36829.0,36829.0,"$40,000 to $49,999",10th grade,11th grade,i earned more,11,Middle,Less than HS,Less than HS,1,1.0,Same education level,yes,,yes,,14.0,"white, non-hispanic","white, non-hispanic","White, Non-Hispanic",no (not latino or hispanic),white
1871556,87368,87368.0,87368.0,"$40,000 to $49,999","some college, no degree",10th grade,partner earned more,11,Middle,Some college,Less than HS,3,1.0,Respondent higher,,,,,6.0,"white, non-hispanic","2+ races, non-hispanic","White, Non-Hispanic",no (not latino or hispanic),white
1872625,59561,,,"$30,000 to $34,999",bachelors degree,,,9,Low,Bachelor's+,,4,,,,,,,,"white, non-hispanic","white, non-hispanic","White, Non-Hispanic",,
1875531,37866,37866.0,37866.0,"$75,000 to $84,999",bachelors degree,bachelor's degree,partner earned more,14,High,Bachelor's+,Bachelor's+,4,4.0,Same education level,,,,,30.0,"white, non-hispanic","white, non-hispanic","White, Non-Hispanic",no (not latino or hispanic),white
1876425,5489,,,"$35,000 to $39,999",masters degree,,,10,Low,Bachelor's+,,4,,,,,,,,"white, non-hispanic","white, non-hispanic","White, Non-Hispanic",,
1878723,67328,,,"$10,000 to $12,499",5th or 6th grade,,,4,Low,Less than HS,,1,,,,,,,,"black, non-hispanic","black, non-hispanic","Black, Non-Hispanic",,
1879215,12637,12637.0,12637.0,"$75,000 to $84,999","some college, no degree",9th grade,i earned more,14,High,Some college,Less than HS,3,1.0,Respondent higher,no,we broke up,,,9.0,"white, non-hispanic","2+ races, non-hispanic","White, Non-Hispanic","yes, puerto rican",white
1880655,57685,,,"$20,000 to $24,999",bachelors degree,,,7,Low,Bachelor's+,,4,,,,,,,,"white, non-hispanic","white, non-hispanic",,,
1881545,7385,,,"$35,000 to $39,999",associate degree,,,10,Low,Some college,,3,,,,,,,,"white, non-hispanic",,,,
1882315,85775,85775.0,85775.0,"$40,000 to $49,999",masters degree,associate degree,i earned more,11,Middle,Bachelor's+,Some college,4,3.0,Respondent higher,no,we broke up,,,0.05,"black, non-hispanic","black, non-hispanic","Black, Non-Hispanic",no (not latino or hispanic),white
1883321,41749,41749.0,41749.0,"$85,000 to $99,999",bachelors degree,7th or 8th grade,partner earned more,15,High,Bachelor's+,Less than HS,4,1.0,Respondent higher,,,,,14.0,"other, non-hispanic","other, non-hispanic","Other, Non-Hispanic","yes, mexican, mexican american, chicano",other (please specify)
1884465,1910,,,"$125,000 to $149,999",masters degree,,,17,High,Bachelor's+,,4,,,,,,,,"white, non-hispanic","white, non-hispanic",,,
1885371,64630,64630.0,64630.0,"$75,000 to $84,999",high school graduate - high school diploma or the equivalent (ged),"some college, no degree",i earned more,14,High,HS,Some college,2,3.0,Partner higher,,,,,16.0,"white, non-hispanic","white, non-hispanic","White, Non-Hispanic",no (not latino or hispanic),white
1886461,46384,46384.0,46384.0,"$125,000 to $149,999","some college, no degree",bachelor's degree,i earned more,17,High,Some college,Bachelor's+,3,4.0,Partner higher,,,,,8.0,"white, non-hispanic","white, non-hispanic",,no (not latino or hispanic),white
1887365,1200,,,"$12,500 to $14,999",associate degree,,,5,Low,Some college,,3,,,,,,,,"2+ races, non-hispanic","2+ races, non-hispanic",,,
1888561,64027,64027.0,64027.0,"$50,000 to $59,999","some college, no degree","some college, no degree",partner earned more,12,Middle,Some college,Some college,3,3.0,Same education level,,,,,35.0,"white, non-hispanic","white, non-hispanic",,no (not latino or hispanic),white
1890241,31839,31839.0,31839.0,"$20,000 to $24,999","some college, no degree","some college, no degree",partner earned more,7,Low,Some college,Some college,3,3.0,Same education level,,,,,7.0,"white, non-hispanic","white, non-hispanic","White, Non-Hispanic",no (not latino or hispanic),white
1891561,71923,71923.0,71923.0,"$85,000 to $99,999",associate degree,associate degree,i earned more,15,High,Some college,Some college,3,3.0,Same education level,,,,,27.0,"white, non-hispanic","white, non-hispanic","White, Non-Hispanic",no (not latino or hispanic),white
1892215,107381,107381.0,107381.0,"$60,000 to $74,999",12th grade no diploma,hs graduate or ged,partner earned more,13,Middle,Less than HS,HS,1,2.0,Partner higher,yes,,no,We broke up,0.75,"white, non-hispanic","white, non-hispanic","White, Non-Hispanic",no (not latino or hispanic),white
1893565,1916,,,"$25,000 to $29,999",associate degree,,,8,Low,Some college,,3,,,,,,,,"white, non-hispanic","white, non-hispanic",,,
1894396,4041,4041.0,4041.0,"$5,000 to $7,499",associate degree,hs graduate or ged,partner earned more,2,Low,Some college,HS,3,2.0,Respondent higher,yes,,yes,,2.5,"white, non-hispanic","white, non-hispanic","White, Non-Hispanic",no (not latino or hispanic),white
1895245,79149,,,"$20,000 to $24,999",bachelors degree,,,7,Low,Bachelor's+,,4,,,,,,,,"white, non-hispanic","white, non-hispanic","White, Non-Hispanic",,
1896355,88002,,,"$85,000 to $99,999","some college, no degree",,,15,High,Some college,,3,,,,,,,,"other, non-hispanic","other, non-hispanic","Other, Non-Hispanic",,
1897225,48006,48006.0,48006.0,"$85,000 to $99,999","some college, no degree","some college, no degree",i earned more,15,High,Some college,Some college,3,3.0,Same education level,no,we broke up,,,1.5,"white, non-hispanic","white, non-hispanic","White, Non-Hispanic",no (not latino or hispanic),white
1898671,54206,54206.0,54206.0,"$20,000 to $24,999",high school graduate - high school diploma or the equivalent (ged),7th or 8th grade,i earned more,7,Low,HS,Less than HS,2,1.0,Respondent higher,,,,,50.0,"white, non-hispanic","white, non-hispanic",,no (not latino or hispanic),white
1899483,54174,,,"$35,000 to $39,999",high school graduate - high school diploma or the equivalent (ged),,,10,Low,HS,,2,,,,,,,,"white, non-hispanic","white, non-hispanic","White, Non-Hispanic",,
1900391,93815,93815.0,93815.0,"$100,000 to $124,999",high school graduate - high school diploma or the equivalent (ged),hs graduate or ged,partner earned more,16,High,HS,HS,2,2.0,Same education level,,,,,9.0,hispanic,hispanic,Hispanic,no (not latino or hispanic),white
1901531,58486,58486.0,58486.0,"$50,000 to $59,999",associate degree,hs graduate or ged,partner earned more,12,Middle,Some college,HS,3,2.0,Respondent higher,,,,,21.0,"white, non-hispanic","white, non-hispanic","White, Non-Hispanic",no (not latino or hispanic),white
1902385,66067,66067.0,66067.0,"$30,000 to $34,999",9th grade,hs graduate or ged,partner earned more,9,Low,Less than HS,HS,1,2.0,Partner higher,yes,,yes,,16.0,"white, non-hispanic","white, non-hispanic","White, Non-Hispanic",no (not latino or hispanic),white
1904661,103591,103591.0,103591.0,"$35,000 to $39,999",7th or 8th grade,hs graduate or ged,i earned more,10,Low,Less than HS,HS,1,2.0,Partner higher,,,,,34.0,"white, non-hispanic","2+ races, non-hispanic","White, Non-Hispanic",no (not latino or hispanic),white
1905431,32818,32818.0,32818.0,"$30,000 to $34,999",associate degree,"some college, no degree",i earned more,9,Low,Some college,Some college,3,3.0,Same education level,,,,,11.0,"white, non-hispanic","white, non-hispanic","White, Non-Hispanic",no (not latino or hispanic),white
1906461,1630,1630.0,1630.0,"$75,000 to $84,999",masters degree,master's degree,partner earned more,14,High,Bachelor's+,Bachelor's+,4,4.0,Same education level,,,,,27.0,"white, non-hispanic","white, non-hispanic","White, Non-Hispanic",no (not latino or hispanic),white
1907225,46269,46269.0,46269.0,"$15,000 to $19,999",11th grade,"some college, no degree",i earned more,6,Low,Less than HS,Some college,1,3.0,Partner higher,yes,,,,0.75,"white, non-hispanic","2+ races, non-hispanic","White, Non-Hispanic",no (not latino or hispanic),white
1908381,41158,41158.0,41158.0,"$20,000 to $24,999",high school graduate - high school diploma or the equivalent (ged),associate degree,i earned more,7,Low,HS,Some college,2,3.0,Partner higher,,,,,13.0,"white, non-hispanic","white, non-hispanic","White, Non-Hispanic",no (not latino or hispanic),white
1909624,16858,,,"$10,000 to $12,499",high school graduate - high school diploma or the equivalent (ged),,,4,Low,HS,,2,,,,,,,,"2+ races, non-hispanic","2+ races, non-hispanic",,,
1910205,54106,54106.0,54106.0,"$85,000 to $99,999","some college, no degree","some college, no degree",i earned more,15,High,Some college,Some college,3,3.0,Same education level,,,,,2.5,"white, non-hispanic","white, non-hispanic",,no (not latino or hispanic),white
1911525,53668,,,"$60,000 to $74,999","some college, no degree",,,13,Middle,Some college,,3,,,,,,,,hispanic,hispanic,Hispanic,,
1912446,24896,24896.0,24896.0,"$60,000 to $74,999",masters degree,hs graduate or ged,i earned more,13,Middle,Bachelor's+,HS,4,2.0,Respondent higher,yes,,,,16.0,"white, non-hispanic","white, non-hispanic","White, Non-Hispanic",no (not latino or hispanic),white
1913215,31718,,,"$25,000 to $29,999","some college, no degree",,,8,Low,Some college,,3,,,,,,,,hispanic,hispanic,,,
1914291,66276,66276.0,66276.0,"$40,000 to $49,999",bachelors degree,bachelor's degree,partner earned more,11,Middle,Bachelor's+,Bachelor's+,4,4.0,Same education level,,,,,10.0,"white, non-hispanic","white, non-hispanic","White, Non-Hispanic",no (not latino or hispanic),white
1915281,65836,65836.0,65836.0,"$75,000 to $84,999",bachelors degree,bachelor's degree,i earned more,14,High,Bachelor's+,Bachelor's+,4,4.0,Same education level,,,,,11.0,"white, non-hispanic","white, non-hispanic","White, Non-Hispanic",no (not latino or hispanic),white
1916663,23391,,,"$10,000 to $12,499",11th grade,,,4,Low,Less than HS,,1,,,,,,,,"white, non-hispanic","white, non-hispanic","White, Non-Hispanic",,
1918441,66051,66051.0,66051.0,"$85,000 to $99,999",associate degree,hs graduate or ged,i earned more,15,High,Some college,HS,3,2.0,Respondent higher,,,,,9.0,"white, non-hispanic","white, non-hispanic","White, Non-Hispanic",no (not latino or hispanic),white
1919431,90615,90615.0,90615.0,"$175,000 or more",bachelors degree,"some college, no degree",i earned more,19,High,Bachelor's+,Some college,4,3.0,Respondent higher,,,,,13.0,"other, non-hispanic","other, non-hispanic","Other, Non-Hispanic",no (not latino or hispanic),white
1920235,60089,,,"$40,000 to $49,999","some college, no degree",,,11,Middle,Some college,,3,,,,,,,,"white, non-hispanic","white, non-hispanic",,,
1921553,12819,,,"$30,000 to $34,999",high school graduate - high school diploma or the equivalent (ged),,,9,Low,HS,,2,,,,,,,,"white, non-hispanic","white, non-hispanic","White, Non-Hispanic",,
1922632,1321,1321.0,1321.0,"$35,000 to $39,999",bachelors degree,professional or doctorate degree,i earned more,10,Low,Bachelor's+,Bachelor's+,4,4.0,Same education level,no,"[partner] passed away, is deceased",,,37.0,"white, non-hispanic","white, non-hispanic","White, Non-Hispanic",no (not latino or hispanic),white
1923753,94710,,,"$25,000 to $29,999","some college, no degree",,,8,Low,Some college,,3,,,,,,,,"white, non-hispanic","white, non-hispanic",,,
1924581,69950,69950.0,69950.0,"$25,000 to $29,999",bachelors degree,hs graduate or ged,i earned more,8,Low,Bachelor's+,HS,4,2.0,Respondent higher,yes,,no,We broke up,1.5,"white, non-hispanic","white, non-hispanic","White, Non-Hispanic",no (not latino or hispanic),white
1925511,77878,77878.0,77878.0,"$75,000 to $84,999",high school graduate - high school diploma or the equivalent (ged),master's degree,partner earned more,14,High,HS,Bachelor's+,2,4.0,Partner higher,,,,,33.0,hispanic,hispanic,Hispanic,no (not latino or hispanic),white
1926366,137980,137980.0,137980.0,"$35,000 to $39,999","some college, no degree",hs graduate or ged,partner earned more,10,Low,Some college,HS,3,2.0,Respondent higher,yes,,yes,,12.0,"black, non-hispanic","black, non-hispanic","Black, Non-Hispanic",no (not latino or hispanic),black or african american
1928351,26737,26737.0,26737.0,"$100,000 to $124,999",masters degree,professional or doctorate degree,partner earned more,16,High,Bachelor's+,Bachelor's+,4,4.0,Same education level,,,,,16.0,"white, non-hispanic","white, non-hispanic","White, Non-Hispanic",no (not latino or hispanic),white
1929641,72241,72241.0,72241.0,"$50,000 to $59,999","some college, no degree",hs graduate or ged,i earned more,12,Middle,Some college,HS,3,2.0,Respondent higher,,,,,47.0,"white, non-hispanic","white, non-hispanic","White, Non-Hispanic",no (not latino or hispanic),white
1930531,35218,35218.0,35218.0,"$150,000 to $174,999",associate degree,"some college, no degree",i earned more,18,High,Some college,Some college,3,3.0,Same education level,,,,,32.0,hispanic,hispanic,Hispanic,"yes, cuban",white
1931783,36057,,,"$20,000 to $24,999",high school graduate - high school diploma or the equivalent (ged),,,7,Low,HS,,2,,,,,,,,"white, non-hispanic","white, non-hispanic",,,
1932416,2998,2998.0,2998.0,"$175,000 or more",masters degree,"some college, no degree",we earned about the same amount,19,High,Bachelor's+,Some college,4,3.0,Respondent higher,,,,,16.0,"other, non-hispanic",,,no (not latino or hispanic),asian or pacific islander
1933576,2245,2245.0,2245.0,"$85,000 to $99,999",bachelors degree,associate degree,i earned more,15,High,Bachelor's+,Some college,4,3.0,Respondent higher,yes,,yes,,12.0,"white, non-hispanic","white, non-hispanic","White, Non-Hispanic",no (not latino or hispanic),white
1934553,51694,,,"$30,000 to $34,999",high school graduate - high school diploma or the equivalent (ged),,,9,Low,HS,,2,,,,,,,,"white, non-hispanic","white, non-hispanic",,,
1935281,106849,106849.0,106849.0,"$60,000 to $74,999",high school graduate - high school diploma or the equivalent (ged),hs graduate or ged,partner earned more,13,Middle,HS,HS,2,2.0,Same education level,,,,,11.0,"white, non-hispanic","white, non-hispanic","White, Non-Hispanic",no (not latino or hispanic),white
1936281,54323,54323.0,54323.0,"$30,000 to $34,999","some college, no degree","some college, no degree",we earned about the same amount,9,Low,Some college,Some college,3,3.0,Same education level,,,,,8.0,"white, non-hispanic","white, non-hispanic","White, Non-Hispanic",no (not latino or hispanic),white
1937525,836,,,"$100,000 to $124,999",associate degree,,,16,High,Some college,,3,,,,,,,,"white, non-hispanic","white, non-hispanic","White, Non-Hispanic",,
1939622,34363,,,"$15,000 to $19,999",high school graduate - high school diploma or the equivalent (ged),,,6,Low,HS,,2,,,,,,,,"white, non-hispanic","white, non-hispanic","White, Non-Hispanic",,
1940555,48892,,,"$40,000 to $49,999",high school graduate - high school diploma or the equivalent (ged),,,11,Middle,HS,,2,,,,,,,,"white, non-hispanic","white, non-hispanic",,,
1942291,52657,52657.0,52657.0,"$85,000 to $99,999",bachelors degree,associate degree,partner earned more,15,High,Bachelor's+,Some college,4,3.0,Respondent higher,,,,,7.0,"black, non-hispanic","black, non-hispanic",,no (not latino or hispanic),black or african american
1944641,40655,40655.0,40655.0,"$60,000 to $74,999",11th grade,12th grade no diploma,partner earned more,13,Middle,Less than HS,Less than HS,1,1.0,Same education level,,,,,47.0,"white, non-hispanic","white, non-hispanic",,no (not latino or hispanic),white
1946255,16761,,,"$100,000 to $124,999",12th grade no diploma,,,16,High,Less than HS,,1,,,,,,,,"2+ races, non-hispanic","2+ races, non-hispanic","2+ Races, Non-Hispanic",,
1947301,39153,39153.0,39153.0,"$40,000 to $49,999",associate degree,associate degree,partner earned more,11,Middle,Some college,Some college,3,3.0,Same education level,,,,,10.0,"white, non-hispanic","white, non-hispanic","White, Non-Hispanic",no (not latino or hispanic),white
1948682,78949,,,"$35,000 to $39,999",associate degree,,,10,Low,Some college,,3,,,,,,,,"white, non-hispanic","white, non-hispanic",,,
1949435,11518,,,"$40,000 to $49,999",bachelors degree,,,11,Middle,Bachelor's+,,4,,,,,,,,"white, non-hispanic","white, non-hispanic",,,
1950461,55517,55517.0,55517.0,"$85,000 to $99,999",associate degree,"some college, no degree",i earned more,15,High,Some college,Some college,3,3.0,Same education level,,,,,17.0,"white, non-hispanic","white, non-hispanic",,no (not latino or hispanic),white
1951443,114099,,,"$50,000 to $59,999",bachelors degree,,,12,Middle,Bachelor's+,,4,,,,,,,,hispanic,hispanic,Hispanic,,
1952535,2048,2048.0,2048.0,"$40,000 to $49,999",bachelors degree,"some college, no degree",partner earned more,11,Middle,Bachelor's+,Some college,4,3.0,Respondent higher,no,we broke up,,,8.0,"white, non-hispanic","white, non-hispanic",,no (not latino or hispanic),white
1953441,35375,35375.0,35375.0,"$40,000 to $49,999",associate degree,"some college, no degree",i earned more,11,Middle,Some college,Some college,3,3.0,Same education level,,,,,8.0,"white, non-hispanic","white, non-hispanic","White, Non-Hispanic",no (not latino or hispanic),white
1954621,5227,5227.0,5227.0,"$15,000 to $19,999",high school graduate - high school diploma or the equivalent (ged),12th grade no diploma,we earned about the same amount,6,Low,HS,Less than HS,2,1.0,Respondent higher,,,,,11.0,"white, non-hispanic","2+ races, non-hispanic",,no (not latino or hispanic),white
1956455,2482,,,"$25,000 to $29,999",masters degree,,,8,Low,Bachelor's+,,4,,,,,,,,"white, non-hispanic","white, non-hispanic","White, Non-Hispanic",,
1958331,47446,47446.0,47446.0,"$85,000 to $99,999",high school graduate - high school diploma or the equivalent (ged),hs graduate or ged,i earned more,15,High,HS,HS,2,2.0,Same education level,,,,,15.0,"white, non-hispanic","white, non-hispanic","White, Non-Hispanic",no (not latino or hispanic),white
1959311,11400,11400.0,11400.0,"$85,000 to $99,999",masters degree,associate degree,i earned more,15,High,Bachelor's+,Some college,4,3.0,Respondent higher,,,,,12.0,"2+ races, non-hispanic","2+ races, non-hispanic","2+ Races, Non-Hispanic",no (not latino or hispanic),white
1960361,202379,202379.0,202379.0,"$125,000 to $149,999",professional or doctorate degree,bachelor's degree,i earned more,17,High,Bachelor's+,Bachelor's+,4,4.0,Same education level,,,,,19.0,"white, non-hispanic","white, non-hispanic","White, Non-Hispanic",no (not latino or hispanic),white
1961623,36287,,,"$40,000 to $49,999",bachelors degree,,,11,Middle,Bachelor's+,,4,,,,,,,,"white, non-hispanic","white, non-hispanic",,,
1962405,4775,,,"$85,000 to $99,999",bachelors degree,,,15,High,Bachelor's+,,4,,,,,,,,"white, non-hispanic","white, non-hispanic","White, Non-Hispanic",,
1963361,84117,84117.0,84117.0,"$150,000 to $174,999",masters degree,bachelor's degree,i earned more,18,High,Bachelor's+,Bachelor's+,4,4.0,Same education level,,,,,15.0,hispanic,hispanic,Hispanic,no (not latino or hispanic),white
1964531,45909,45909.0,45909.0,"$85,000 to $99,999",high school graduate - high school diploma or the equivalent (ged),hs graduate or ged,i earned more,15,High,HS,HS,2,2.0,Same education level,,,,,33.0,"white, non-hispanic","white, non-hispanic",,no (not latino or hispanic),white
1965401,45578,45578.0,45578.0,"$60,000 to $74,999","some college, no degree",bachelor's degree,i earned more,13,Middle,Some college,Bachelor's+,3,4.0,Partner higher,,,,,11.0,"white, non-hispanic","white, non-hispanic","White, Non-Hispanic",no (not latino or hispanic),white
1966581,57483,57483.0,57483.0,"$60,000 to $74,999",masters degree,master's degree,partner earned more,13,Middle,Bachelor's+,Bachelor's+,4,4.0,Same education level,,,,,22.0,"white, non-hispanic","white, non-hispanic","White, Non-Hispanic",no (not latino or hispanic),white
1967711,60880,60880.0,60880.0,"$30,000 to $34,999",12th grade no diploma,hs graduate or ged,we earned about the same amount,9,Low,Less than HS,HS,1,2.0,Partner higher,,,,,53.0,"white, non-hispanic","white, non-hispanic","Black, Non-Hispanic",no (not latino or hispanic),white
1968195,71593,,,"$60,000 to $74,999",high school graduate - high school diploma or the equivalent (ged),,,13,Middle,HS,,2,,,,,,,,"white, non-hispanic","white, non-hispanic",,,
1969416,4438,4438.0,4438.0,"$100,000 to $124,999","some college, no degree","some college, no degree",partner earned more,16,High,Some college,Some college,3,3.0,Same education level,yes,,no,We broke up,12.0,hispanic,hispanic,Hispanic,no (not latino or hispanic),white
1970216,80077,80077.0,80077.0,"$100,000 to $124,999",high school graduate - high school diploma or the equivalent (ged),"some college, no degree",i earned more,16,High,HS,Some college,2,3.0,Partner higher,no,we broke up,,,5.0,"white, non-hispanic","white, non-hispanic","White, Non-Hispanic",no (not latino or hispanic),white
1972476,2370,2370.0,2370.0,"$50,000 to $59,999","some college, no degree",professional or doctorate degree,partner earned more,12,Middle,Some college,Bachelor's+,3,4.0,Partner higher,,,,,19.0,"white, non-hispanic","white, non-hispanic",,no (not latino or hispanic),white
1973205,10098,,,"$60,000 to $74,999","some college, no degree",,,13,Middle,Some college,,3,,,,,,,,"white, non-hispanic","white, non-hispanic",,,
1974466,2864,2864.0,2864.0,"$175,000 or more",bachelors degree,master's degree,partner earned more,19,High,Bachelor's+,Bachelor's+,4,4.0,Same education level,,,yes,,6.0,"white, non-hispanic",,,no (not latino or hispanic),black or african american
1975205,49225,49225.0,49225.0,"less than $5,000",high school graduate - high school diploma or the equivalent (ged),12th grade no diploma,we earned about the same amount,1,Low,HS,Less than HS,2,1.0,Respondent higher,no,we broke up,,,4.0,"white, non-hispanic","white, non-hispanic","White, Non-Hispanic",no (not latino or hispanic),white
1976792,80642,,,"$20,000 to $24,999",11th grade,,,7,Low,Less than HS,,1,,,,,,,,"white, non-hispanic","white, non-hispanic",,,
1977621,93306,93306.0,93306.0,"$25,000 to $29,999",bachelors degree,5th or 6th grade,i earned more,8,Low,Bachelor's+,Less than HS,4,1.0,Respondent higher,,,,,34.0,"white, non-hispanic","white, non-hispanic","White, Non-Hispanic",no (not latino or hispanic),white
1978511,8127,8127.0,8127.0,"$100,000 to $124,999",high school graduate - high school diploma or the equivalent (ged),hs graduate or ged,i earned more,16,High,HS,HS,2,2.0,Same education level,,,,,29.0,"white, non-hispanic","white, non-hispanic","White, Non-Hispanic",no (not latino or hispanic),white
1981475,40322,,,"$30,000 to $34,999","some college, no degree",,,9,Low,Some college,,3,,,,,,,,"white, non-hispanic","white, non-hispanic",,,
1982391,115880,115880.0,115880.0,"$50,000 to $59,999",high school graduate - high school diploma or the equivalent (ged),hs graduate or ged,i earned more,12,Middle,HS,HS,2,2.0,Same education level,,,,,19.0,"white, non-hispanic","white, non-hispanic","White, Non-Hispanic",no (not latino or hispanic),white
1984436,47030,47030.0,47030.0,"$20,000 to $24,999",12th grade no diploma,"some college, no degree",partner earned more,7,Low,Less than HS,Some college,1,3.0,Partner higher,yes,,yes,,6.0,"white, non-hispanic","white, non-hispanic","White, Non-Hispanic",no (not latino or hispanic),white
1985391,43003,43003.0,43003.0,"$40,000 to $49,999",associate degree,hs graduate or ged,i earned more,11,Middle,Some college,HS,3,2.0,Respondent higher,,,,,7.0,"white, non-hispanic","white, non-hispanic","White, Non-Hispanic",no (not latino or hispanic),white
1986571,88602,88602.0,88602.0,"$50,000 to $59,999",10th grade,associate degree,partner earned more,12,Middle,Less than HS,Some college,1,3.0,Partner higher,,,,,40.0,hispanic,hispanic,,"yes, mexican, mexican american, chicano",refused
1989521,101151,101151.0,101151.0,"$75,000 to $84,999","some college, no degree",associate degree,i earned more,14,High,Some college,Some college,3,3.0,Same education level,,,,,34.0,hispanic,hispanic,Hispanic,no (not latino or hispanic),white
1990566,2599,2599.0,2599.0,"$125,000 to $149,999",masters degree,bachelor's degree,i earned more,17,High,Bachelor's+,Bachelor's+,4,4.0,Same education level,,,,,16.0,"white, non-hispanic",,,no (not latino or hispanic),white
1991702,184457,,,"$10,000 to $12,499",7th or 8th grade,,,4,Low,Less than HS,,1,,,,,,,,"black, non-hispanic","black, non-hispanic",,,
1992601,163643,163643.0,163643.0,"$25,000 to $29,999","some college, no degree",hs graduate or ged,i earned more,8,Low,Some college,HS,3,2.0,Respondent higher,,,,,41.0,"white, non-hispanic","white, non-hispanic","White, Non-Hispanic",no (not latino or hispanic),white
1993565,76038,76038.0,76038.0,"less than $5,000","some college, no degree",associate degree,partner earned more,1,Low,Some college,Some college,3,3.0,Same education level,yes,,,,35.0,"black, non-hispanic",,,no (not latino or hispanic),black or african american
1994473,264379,,,"$15,000 to $19,999",bachelors degree,,,6,Low,Bachelor's+,,4,,,,,,,,"other, non-hispanic","other, non-hispanic",,,
1995622,91690,91690.0,91690.0,"$75,000 to $84,999",10th grade,11th grade,refused,14,High,Less than HS,Less than HS,1,1.0,Same education level,,,,,20.0,"black, non-hispanic","black, non-hispanic","Black, Non-Hispanic",no (not latino or hispanic),black or african american
1996522,59149,,,"$10,000 to $12,499","some college, no degree",,,4,Low,Some college,,3,,,,,,,,hispanic,hispanic,,,
1997225,58044,,,"$12,500 to $14,999","some college, no degree",,,5,Low,Some college,,3,,,,,,,,"black, non-hispanic","black, non-hispanic",,,
1998801,97607,97607.0,97607.0,"$85,000 to $99,999",bachelors degree,9th grade,i earned more,15,High,Bachelor's+,Less than HS,4,1.0,Respondent higher,,,,,55.0,hispanic,hispanic,Hispanic,no (not latino or hispanic),white
1999591,78318,78318.0,78318.0,"$100,000 to $124,999",high school graduate - high school diploma or the equivalent (ged),"some college, no degree",partner earned more,16,High,HS,Some college,2,3.0,Partner higher,,,,,40.0,"white, non-hispanic","white, non-hispanic",,no (not latino or hispanic),white
2000641,2122,2122.0,2122.0,"$100,000 to $124,999",masters degree,master's degree,partner earned more,16,High,Bachelor's+,Bachelor's+,4,4.0,Same education level,,,,,20.0,"white, non-hispanic","white, non-hispanic","White, Non-Hispanic",no (not latino or hispanic),white
2001693,67297,,,"$40,000 to $49,999",professional or doctorate degree,,,11,Middle,Bachelor's+,,4,,,,,,,,"black, non-hispanic","black, non-hispanic",,,
2002381,66077,66077.0,66077.0,"$5,000 to $7,499",high school graduate - high school diploma or the equivalent (ged),hs graduate or ged,i earned more,2,Low,HS,HS,2,2.0,Same education level,,,,,21.0,hispanic,hispanic,Hispanic,"yes, other latino/hispanic",other (please specify)
2003516,1454,1454.0,1454.0,"$60,000 to $74,999",masters degree,master's degree,we earned about the same amount,13,Middle,Bachelor's+,Bachelor's+,4,4.0,Same education level,,,,,35.0,"white, non-hispanic","white, non-hispanic",,no (not latino or hispanic),white
2005323,65208,,,"$35,000 to $39,999",high school graduate - high school diploma or the equivalent (ged),,,10,Low,HS,,2,,,,,,,,"white, non-hispanic",,,,
2007215,2882,,,"$100,000 to $124,999","some college, no degree",,,16,High,Some college,,3,,,,,,,,"2+ races, non-hispanic","2+ races, non-hispanic",,,
2009245,44164,44164.0,44164.0,"$60,000 to $74,999",bachelors degree,bachelor's degree,partner earned more,13,Middle,Bachelor's+,Bachelor's+,4,4.0,Same education level,yes,,yes,,4.0,"white, non-hispanic","white, non-hispanic","White, Non-Hispanic",no (not latino or hispanic),white
2013526,5886,5886.0,5886.0,"$40,000 to $49,999","some college, no degree",hs graduate or ged,we earned about the same amount,11,Middle,Some college,HS,3,2.0,Respondent higher,,,,,20.0,"white, non-hispanic","white, non-hispanic","White, Non-Hispanic",no (not latino or hispanic),white
2014235,36346,,,"$75,000 to $84,999",associate degree,,,14,High,Some college,,3,,,,,,,,hispanic,hispanic,,,
2015255,130117,130117.0,130117.0,"$35,000 to $39,999",high school graduate - high school diploma or the equivalent (ged),associate degree,partner earned more,10,Low,HS,Some college,2,3.0,Partner higher,no,we broke up,,,0.75,"white, non-hispanic","white, non-hispanic",,no (not latino or hispanic),white
2016761,128161,128161.0,128161.0,"$50,000 to $59,999",high school graduate - high school diploma or the equivalent (ged),hs graduate or ged,partner earned more,12,Middle,HS,HS,2,2.0,Same education level,,,,,55.0,"white, non-hispanic","white, non-hispanic","White, Non-Hispanic",no (not latino or hispanic),white
2017286,48644,48644.0,48644.0,"$60,000 to $74,999",masters degree,master's degree,i earned more,13,Middle,Bachelor's+,Bachelor's+,4,4.0,Same education level,yes,,yes,,0.75,"white, non-hispanic","white, non-hispanic","White, Non-Hispanic",no (not latino or hispanic),white
2018495,3886,3886.0,3886.0,"$50,000 to $59,999",masters degree,master's degree,partner earned more,12,Middle,Bachelor's+,Bachelor's+,4,4.0,Same education level,no,other (please describe),,,0.15,"black, non-hispanic","black, non-hispanic","Black, Non-Hispanic",no (not latino or hispanic),black or african american
2019435,47576,,,"$15,000 to $19,999","some college, no degree",,,6,Low,Some college,,3,,,,,,,,hispanic,hispanic,Hispanic,,
2020261,47448,47448.0,47448.0,"$20,000 to $24,999","some college, no degree",hs graduate or ged,partner earned more,7,Low,Some college,HS,3,2.0,Respondent higher,,,,,7.0,"white, non-hispanic","white, non-hispanic","White, Non-Hispanic",no (not latino or hispanic),white
2021515,2547,,,"$60,000 to $74,999",masters degree,,,13,Middle,Bachelor's+,,4,,,,,,,,"white, non-hispanic","white, non-hispanic","White, Non-Hispanic",,
2023291,77795,77795.0,77795.0,"$35,000 to $39,999",bachelors degree,bachelor's degree,i earned more,10,Low,Bachelor's+,Bachelor's+,4,4.0,Same education level,,,,,9.0,"white, non-hispanic","white, non-hispanic","White, Non-Hispanic",no (not latino or hispanic),white
2024595,6546,,,"$25,000 to $29,999",high school graduate - high school diploma or the equivalent (ged),,,8,Low,HS,,2,,,,,,,,"white, non-hispanic","white, non-hispanic",,,
2025423,39058,39058.0,39058.0,"$60,000 to $74,999","some college, no degree",bachelor's degree,we earned about the same amount,13,Middle,Some college,Bachelor's+,3,4.0,Partner higher,no,we broke up,,,0.05,"black, non-hispanic","black, non-hispanic","Black, Non-Hispanic",no (not latino or hispanic),black or african american
2026446,13261,13261.0,13261.0,"$75,000 to $84,999",high school graduate - high school diploma or the equivalent (ged),hs graduate or ged,partner earned more,14,High,HS,HS,2,2.0,Same education level,yes,,yes,,13.0,"white, non-hispanic","white, non-hispanic","White, Non-Hispanic",no (not latino or hispanic),white
2027521,56108,56108.0,56108.0,"$60,000 to $74,999",professional or doctorate degree,bachelor's degree,i earned more,13,Middle,Bachelor's+,Bachelor's+,4,4.0,Same education level,,,,,22.0,"white, non-hispanic","white, non-hispanic","White, Non-Hispanic",no (not latino or hispanic),white
2028576,1081,1081.0,1081.0,"$175,000 or more",bachelors degree,"some college, no degree",partner earned more,19,High,Bachelor's+,Some college,4,3.0,Respondent higher,yes,,,,15.0,"white, non-hispanic","white, non-hispanic","White, Non-Hispanic",no (not latino or hispanic),white
2029496,2614,2614.0,2614.0,"$150,000 to $174,999",bachelors degree,master's degree,i earned more,18,High,Bachelor's+,Bachelor's+,4,4.0,Same education level,yes,,yes,,16.0,"white, non-hispanic","white, non-hispanic","White, Non-Hispanic",no (not latino or hispanic),white
2030381,58615,58615.0,58615.0,"$60,000 to $74,999","some college, no degree",bachelor's degree,i earned more,13,Middle,Some college,Bachelor's+,3,4.0,Partner higher,,,,,16.0,"white, non-hispanic","white, non-hispanic","White, Non-Hispanic",no (not latino or hispanic),white
2031541,3347,3347.0,3347.0,"$85,000 to $99,999","some college, no degree",hs graduate or ged,i earned more,15,High,Some college,HS,3,2.0,Respondent higher,,,,,31.0,"other, non-hispanic","white, non-hispanic",,"yes, mexican, mexican american, chicano",white
2032535,58416,58416.0,58416.0,"$30,000 to $34,999",high school graduate - high school diploma or the equivalent (ged),hs graduate or ged,i earned more,9,Low,HS,HS,2,2.0,Same education level,no,we broke up,,,8.0,"white, non-hispanic","white, non-hispanic",,no (not latino or hispanic),white
2033463,213399,213399.0,213399.0,"$60,000 to $74,999",associate degree,"some college, no degree",i earned more,13,Middle,Some college,Some college,3,3.0,Same education level,yes,,,,0.75,"white, non-hispanic","white, non-hispanic","White, Non-Hispanic",no (not latino or hispanic),white
2034526,2044,2044.0,2044.0,"$125,000 to $149,999",bachelors degree,master's degree,i earned more,17,High,Bachelor's+,Bachelor's+,4,4.0,Same education level,,,,,4.0,"white, non-hispanic","white, non-hispanic","White, Non-Hispanic",no (not latino or hispanic),white
2036461,90575,90575.0,90575.0,"$100,000 to $124,999",masters degree,associate degree,i earned more,16,High,Bachelor's+,Some college,4,3.0,Respondent higher,,,,,20.0,"white, non-hispanic","white, non-hispanic","White, Non-Hispanic",no (not latino or hispanic),white
2037441,45784,45784.0,45784.0,"$40,000 to $49,999",high school graduate - high school diploma or the equivalent (ged),associate degree,we earned about the same amount,11,Middle,HS,Some college,2,3.0,Partner higher,,,,,21.0,"white, non-hispanic","white, non-hispanic","White, Non-Hispanic",no (not latino or hispanic),white
2038275,71905,71905.0,71905.0,"$100,000 to $124,999",associate degree,hs graduate or ged,i earned more,16,High,Some college,HS,3,2.0,Respondent higher,,,,,2.5,"white, non-hispanic","white, non-hispanic","White, Non-Hispanic",no (not latino or hispanic),white
2039531,9234,9234.0,9234.0,"$85,000 to $99,999",high school graduate - high school diploma or the equivalent (ged),master's degree,we earned about the same amount,15,High,HS,Bachelor's+,2,4.0,Partner higher,,,,,11.0,"white, non-hispanic","white, non-hispanic",,no (not latino or hispanic),white
2040821,56929,56929.0,56929.0,"$50,000 to $59,999",bachelors degree,hs graduate or ged,partner earned more,12,Middle,Bachelor's+,HS,4,2.0,Respondent higher,,,,,54.0,"white, non-hispanic","white, non-hispanic","White, Non-Hispanic",no (not latino or hispanic),white
2041791,42825,42825.0,42825.0,"$50,000 to $59,999","some college, no degree",hs graduate or ged,i earned more,12,Middle,Some college,HS,3,2.0,Respondent higher,,,,,57.0,"white, non-hispanic","white, non-hispanic",,no (not latino or hispanic),white
2042523,2319,,,"$35,000 to $39,999","some college, no degree",,,10,Low,Some college,,3,,,,,,,,"white, non-hispanic","white, non-hispanic","White, Non-Hispanic",,
2044583,85004,,,"$75,000 to $84,999",masters degree,,,14,High,Bachelor's+,,4,,,,,,,,"white, non-hispanic","white, non-hispanic","White, Non-Hispanic",,
2045781,87882,87882.0,87882.0,"$50,000 to $59,999",masters degree,bachelor's degree,i earned more,12,Middle,Bachelor's+,Bachelor's+,4,4.0,Same education level,,,,,54.0,"white, non-hispanic","white, non-hispanic",,no (not latino or hispanic),white
2046545,74697,,,"$20,000 to $24,999",high school graduate - high school diploma or the equivalent (ged),,,7,Low,HS,,2,,,,,,,,"white, non-hispanic",,"White, Non-Hispanic",,
2047493,2570,2570.0,2570.0,"$60,000 to $74,999",bachelors degree,master's degree,we earned about the same amount,13,Middle,Bachelor's+,Bachelor's+,4,4.0,Same education level,no,we broke up,,,0.45,"white, non-hispanic","white, non-hispanic","White, Non-Hispanic",no (not latino or hispanic),white
2049245,82144,82144.0,82144.0,"$100,000 to $124,999","some college, no degree",12th grade no diploma,we earned about the same amount,16,High,Some college,Less than HS,3,1.0,Respondent higher,no,we broke up,,,2.5,"white, non-hispanic","white, non-hispanic","White, Non-Hispanic",no (not latino or hispanic),white
2052541,2628,2628.0,2628.0,"$85,000 to $99,999",bachelors degree,professional or doctorate degree,partner earned more,15,High,Bachelor's+,Bachelor's+,4,4.0,Same education level,,,,,33.0,"other, non-hispanic","other, non-hispanic",,no (not latino or hispanic),asian or pacific islander
2053443,2791,2791.0,2791.0,"$50,000 to $59,999",associate degree,"some college, no degree",i earned more,12,Middle,Some college,Some college,3,3.0,Same education level,no,we broke up,,,0.15,"white, non-hispanic","white, non-hispanic","White, Non-Hispanic",no (not latino or hispanic),white
2054533,156444,,,"$100,000 to $124,999",high school graduate - high school diploma or the equivalent (ged),,,16,High,HS,,2,,,,,,,,"white, non-hispanic","white, non-hispanic","White, Non-Hispanic",,
2055481,54703,54703.0,54703.0,"$60,000 to $74,999","some college, no degree","some college, no degree",i earned more,13,Middle,Some college,Some college,3,3.0,Same education level,,,,,24.0,hispanic,,,"yes, mexican, mexican american, chicano",white
2056495,70896,,,"$15,000 to $19,999",high school graduate - high school diploma or the equivalent (ged),,,6,Low,HS,,2,,,,,,,,"white, non-hispanic","white, non-hispanic","White, Non-Hispanic",,
2057205,57956,,,"$150,000 to $174,999","some college, no degree",,,18,High,Some college,,3,,,,,,,,"white, non-hispanic","white, non-hispanic","White, Non-Hispanic",,
2058585,60740,,,"$20,000 to $24,999",bachelors degree,,,7,Low,Bachelor's+,,4,,,,,,,,hispanic,hispanic,,,
2059581,89479,89479.0,89479.0,"$85,000 to $99,999",high school graduate - high school diploma or the equivalent (ged),"some college, no degree",partner earned more,15,High,HS,Some college,2,3.0,Partner higher,,,,,42.0,"white, non-hispanic","white, non-hispanic",,no (not latino or hispanic),white
2060381,40610,,,"$60,000 to $74,999",high school graduate - high school diploma or the equivalent (ged),,,13,Middle,HS,,2,,,,,,,,"white, non-hispanic","white, non-hispanic","White, Non-Hispanic",,
2062511,43113,43113.0,43113.0,"$50,000 to $59,999",10th grade,"some college, no degree",partner earned more,12,Middle,Less than HS,Some college,1,3.0,Partner higher,,,,,16.0,"white, non-hispanic","white, non-hispanic","White, Non-Hispanic",no (not latino or hispanic),white
2063205,49689,49689.0,49689.0,"$175,000 or more","some college, no degree","some college, no degree",i earned more,19,High,Some college,Some college,3,3.0,Same education level,yes,,yes,,4.0,"white, non-hispanic","white, non-hispanic","White, Non-Hispanic",no (not latino or hispanic),white
2064651,81883,81883.0,81883.0,"$12,500 to $14,999",9th grade,hs graduate or ged,partner earned more,5,Low,Less than HS,HS,1,2.0,Partner higher,,,,,49.0,"white, non-hispanic","white, non-hispanic",,no (not latino or hispanic),white
2065431,41513,41513.0,41513.0,"$40,000 to $49,999",high school graduate - high school diploma or the equivalent (ged),hs graduate or ged,partner earned more,11,Middle,HS,HS,2,2.0,Same education level,,,,,20.0,"white, non-hispanic","white, non-hispanic",,no (not latino or hispanic),white
2066551,139539,139539.0,139539.0,"$60,000 to $74,999",bachelors degree,associate degree,i earned more,13,Middle,Bachelor's+,Some college,4,3.0,Respondent higher,,,,,9.0,"white, non-hispanic","white, non-hispanic","White, Non-Hispanic",no (not latino or hispanic),white
2067411,67176,67176.0,67176.0,"$85,000 to $99,999",associate degree,12th grade no diploma,i earned more,15,High,Some college,Less than HS,3,1.0,Respondent higher,,,,,21.0,hispanic,hispanic,Hispanic,no (not latino or hispanic),asian or pacific islander
2068206,171621,171621.0,171621.0,"$40,000 to $49,999",high school graduate - high school diploma or the equivalent (ged),professional or doctorate degree,refused,11,Middle,HS,Bachelor's+,2,4.0,Partner higher,,,,,6.0,hispanic,"black, non-hispanic","Black, Non-Hispanic",no (not latino or hispanic),black or african american
2069261,125876,125876.0,125876.0,"$60,000 to $74,999",bachelors degree,bachelor's degree,partner earned more,13,Middle,Bachelor's+,Bachelor's+,4,4.0,Same education level,,,,,7.0,"white, non-hispanic","white, non-hispanic","White, Non-Hispanic",no (not latino or hispanic),white
2070361,81160,81160.0,81160.0,"$40,000 to $49,999",high school graduate - high school diploma or the equivalent (ged),professional or doctorate degree,i earned more,11,Middle,HS,Bachelor's+,2,4.0,Partner higher,,,,,11.0,hispanic,hispanic,Hispanic,no (not latino or hispanic),black or african american
2071506,2252,2252.0,2252.0,"$100,000 to $124,999",associate degree,associate degree,i earned more,16,High,Some college,Some college,3,3.0,Same education level,yes,,yes,,9.0,"white, non-hispanic","white, non-hispanic","White, Non-Hispanic",no (not latino or hispanic),white
2072195,100859,100859.0,100859.0,"$175,000 or more",11th grade,"some college, no degree",partner earned more,19,High,Less than HS,Some college,1,3.0,Partner higher,no,we broke up,,,0.75,"white, non-hispanic","white, non-hispanic","White, Non-Hispanic",no (not latino or hispanic),white
2073466,62589,62589.0,62589.0,"$50,000 to $59,999","some college, no degree",hs graduate or ged,i earned more,12,Middle,Some college,HS,3,2.0,Respondent higher,,,,,25.0,"black, non-hispanic","black, non-hispanic",,no (not latino or hispanic),black or african american
2074513,71270,,,"$20,000 to $24,999",professional or doctorate degree,,,7,Low,Bachelor's+,,4,,,,,,,,"white, non-hispanic","white, non-hispanic",,,
2075404,8988,8988.0,8988.0,"$40,000 to $49,999",bachelors degree,associate degree,i earned more,11,Middle,Bachelor's+,Some college,4,3.0,Respondent higher,,,yes,,1.5,hispanic,hispanic,,"yes, cuban",white
2076271,83604,83604.0,83604.0,"$50,000 to $59,999",bachelors degree,hs graduate or ged,partner earned more,12,Middle,Bachelor's+,HS,4,2.0,Respondent higher,,,,,5.0,"white, non-hispanic","white, non-hispanic","White, Non-Hispanic",no (not latino or hispanic),other (please specify)
2077215,63626,63626.0,63626.0,"$7,500 to $9,999","some college, no degree",12th grade no diploma,we earned about the same amount,3,Low,Some college,Less than HS,3,1.0,Respondent higher,yes,,yes,,2.5,"white, non-hispanic","white, non-hispanic","White, Non-Hispanic",no (not latino or hispanic),black or african american
2078631,64473,64473.0,64473.0,"$30,000 to $34,999",high school graduate - high school diploma or the equivalent (ged),hs graduate or ged,partner earned more,9,Low,HS,HS,2,2.0,Same education level,,,,,46.0,"white, non-hispanic","white, non-hispanic",,no (not latino or hispanic),white
2079721,80547,80547.0,80547.0,"$20,000 to $24,999",9th grade,hs graduate or ged,i earned more,7,Low,Less than HS,HS,1,2.0,Partner higher,,,,,51.0,"white, non-hispanic",,"White, Non-Hispanic",no (not latino or hispanic),white
2080896,1689,1689.0,1689.0,"$40,000 to $49,999","some college, no degree",bachelor's degree,partner earned more,11,Middle,Some college,Bachelor's+,3,4.0,Partner higher,yes,,yes,,58.0,"white, non-hispanic","white, non-hispanic","White, Non-Hispanic",no (not latino or hispanic),white
2081362,3225,,,"$40,000 to $49,999",masters degree,,,11,Middle,Bachelor's+,,4,,,,,,,,"white, non-hispanic",,,,
2083271,49975,49975.0,49975.0,"$75,000 to $84,999","some college, no degree",master's degree,partner earned more,14,High,Some college,Bachelor's+,3,4.0,Partner higher,,,,,8.0,"white, non-hispanic","white, non-hispanic","White, Non-Hispanic",no (not latino or hispanic),white
2084411,186368,186368.0,186368.0,"$100,000 to $124,999",high school graduate - high school diploma or the equivalent (ged),bachelor's degree,refused,16,High,HS,Bachelor's+,2,4.0,Partner higher,,,,,,hispanic,hispanic,Hispanic,"yes, other latino/hispanic",white
2085245,54532,,,"$85,000 to $99,999","some college, no degree",,,15,High,Some college,,3,,,,,,,,"white, non-hispanic","white, non-hispanic",,,
2086556,1952,1952.0,1952.0,"$100,000 to $124,999",bachelors degree,bachelor's degree,we earned about the same amount,16,High,Bachelor's+,Bachelor's+,4,4.0,Same education level,yes,,yes,,30.0,"white, non-hispanic","white, non-hispanic","White, Non-Hispanic",no (not latino or hispanic),white
2087543,163395,,,"$40,000 to $49,999",high school graduate - high school diploma or the equivalent (ged),,,11,Middle,HS,,2,,,,,,,,"white, non-hispanic","white, non-hispanic",,,
2088471,769,769.0,769.0,"$75,000 to $84,999","some college, no degree","some college, no degree",i earned more,14,High,Some college,Some college,3,3.0,Same education level,,,,,13.0,"2+ races, non-hispanic","white, non-hispanic","White, Non-Hispanic",no (not latino or hispanic),white
2089361,76117,76117.0,76117.0,"$100,000 to $124,999",bachelors degree,master's degree,i earned more,16,High,Bachelor's+,Bachelor's+,4,4.0,Same education level,,,,,17.0,hispanic,hispanic,Hispanic,"yes, puerto rican",other (please specify)
2090195,49669,,,"$60,000 to $74,999","some college, no degree",,,13,Middle,Some college,,3,,,,,,,,"white, non-hispanic","white, non-hispanic","White, Non-Hispanic",,
2091581,67786,67786.0,67786.0,"$85,000 to $99,999",high school graduate - high school diploma or the equivalent (ged),"some college, no degree",i earned more,15,High,HS,Some college,2,3.0,Partner higher,,,,,26.0,"white, non-hispanic","white, non-hispanic","White, Non-Hispanic",no (not latino or hispanic),white
2092496,3426,3426.0,3426.0,"$100,000 to $124,999",bachelors degree,"some college, no degree",i earned more,16,High,Bachelor's+,Some college,4,3.0,Respondent higher,yes,,yes,,12.0,"white, non-hispanic","white, non-hispanic","White, Non-Hispanic",no (not latino or hispanic),black or african american
2093501,51160,51160.0,51160.0,"$85,000 to $99,999",high school graduate - high school diploma or the equivalent (ged),bachelor's degree,i earned more,15,High,HS,Bachelor's+,2,4.0,Partner higher,,,,,32.0,"white, non-hispanic",,"White, Non-Hispanic",no (not latino or hispanic),white
2095281,41200,41200.0,41200.0,"$50,000 to $59,999","some college, no degree","some college, no degree",partner earned more,12,Middle,Some college,Some college,3,3.0,Same education level,,,,,8.0,"white, non-hispanic","white, non-hispanic","White, Non-Hispanic",no (not latino or hispanic),white
2096536,1194,1194.0,1194.0,"$100,000 to $124,999",associate degree,bachelor's degree,we earned about the same amount,16,High,Some college,Bachelor's+,3,4.0,Partner higher,yes,,yes,,15.0,"white, non-hispanic","white, non-hispanic","White, Non-Hispanic",no (not latino or hispanic),white
2097411,73776,73776.0,73776.0,"$25,000 to $29,999",professional or doctorate degree,master's degree,i earned more,8,Low,Bachelor's+,Bachelor's+,4,4.0,Same education level,,,,,14.0,hispanic,hispanic,Hispanic,no (not latino or hispanic),white
2098515,76440,76440.0,76440.0,"$10,000 to $12,499","some college, no degree","some college, no degree",partner earned more,4,Low,Some college,Some college,3,3.0,Same education level,no,we broke up,,,21.0,"white, non-hispanic","white, non-hispanic","White, Non-Hispanic",no (not latino or hispanic),white
2099831,76710,76710.0,76710.0,"$35,000 to $39,999",high school graduate - high school diploma or the equivalent (ged),10th grade,i earned more,10,Low,HS,Less than HS,2,1.0,Respondent higher,,,,,56.0,"white, non-hispanic","white, non-hispanic",,no (not latino or hispanic),white
2100743,49502,49502.0,49502.0,"$12,500 to $14,999",10th grade,"some college, no degree",partner earned more,5,Low,Less than HS,Some college,1,3.0,Partner higher,yes,,yes,,41.0,"white, non-hispanic","white, non-hispanic","White, Non-Hispanic",no (not latino or hispanic),white
2101416,60511,60511.0,60511.0,"$20,000 to $24,999",high school graduate - high school diploma or the equivalent (ged),11th grade,i earned more,7,Low,HS,Less than HS,2,1.0,Respondent higher,yes,,yes,,4.0,"white, non-hispanic","white, non-hispanic","White, Non-Hispanic",no (not latino or hispanic),white
2102553,73162,,,"$20,000 to $24,999",high school graduate - high school diploma or the equivalent (ged),,,7,Low,HS,,2,,,,,,,,"white, non-hispanic","white, non-hispanic","White, Non-Hispanic",,
2103296,95983,95983.0,95983.0,"$40,000 to $49,999",bachelors degree,"some college, no degree",i earned more,11,Middle,Bachelor's+,Some college,4,3.0,Respondent higher,yes,,yes,,14.0,"black, non-hispanic","black, non-hispanic","Black, Non-Hispanic",no (not latino or hispanic),black or african american
2105421,67105,67105.0,67105.0,"$40,000 to $49,999",bachelors degree,bachelor's degree,i earned more,11,Middle,Bachelor's+,Bachelor's+,4,4.0,Same education level,,,,,15.0,"white, non-hispanic","white, non-hispanic","White, Non-Hispanic",no (not latino or hispanic),white
2106235,28875,,,"$60,000 to $74,999",bachelors degree,,,13,Middle,Bachelor's+,,4,,,,,,,,"2+ races, non-hispanic",,,,
2107491,41301,41301.0,41301.0,"$75,000 to $84,999","some college, no degree",bachelor's degree,we earned about the same amount,14,High,Some college,Bachelor's+,3,4.0,Partner higher,,,,,21.0,"white, non-hispanic","white, non-hispanic","White, Non-Hispanic",no (not latino or hispanic),white
2108781,57773,57773.0,57773.0,"$50,000 to $59,999",associate degree,bachelor's degree,i earned more,12,Middle,Some college,Bachelor's+,3,4.0,Partner higher,,,,,60.0,"white, non-hispanic","white, non-hispanic","White, Non-Hispanic",no (not latino or hispanic),white
2109285,57651,57651.0,57651.0,"$60,000 to $74,999","some college, no degree",hs graduate or ged,partner earned more,13,Middle,Some college,HS,3,2.0,Respondent higher,no,we broke up,,,0.75,"white, non-hispanic","white, non-hispanic","White, Non-Hispanic",no (not latino or hispanic),white
2110451,26242,26242.0,26242.0,"$125,000 to $149,999",high school graduate - high school diploma or the equivalent (ged),"some college, no degree",partner earned more,17,High,HS,Some college,2,3.0,Partner higher,,,,,9.0,"white, non-hispanic","white, non-hispanic","White, Non-Hispanic",no (not latino or hispanic),white
2111623,16482,16482.0,16482.0,"$25,000 to $29,999","some college, no degree",hs graduate or ged,i earned more,8,Low,Some college,HS,3,2.0,Respondent higher,,,,,17.0,"2+ races, non-hispanic","white, non-hispanic",,no (not latino or hispanic),white
2112291,55282,55282.0,55282.0,"$100,000 to $124,999",bachelors degree,professional or doctorate degree,partner earned more,16,High,Bachelor's+,Bachelor's+,4,4.0,Same education level,,,,,7.0,"white, non-hispanic","white, non-hispanic","White, Non-Hispanic",no (not latino or hispanic),white
2114411,45842,45842.0,45842.0,"$50,000 to $59,999",high school graduate - high school diploma or the equivalent (ged),"some college, no degree",partner earned more,12,Middle,HS,Some college,2,3.0,Partner higher,,,,,15.0,"white, non-hispanic","white, non-hispanic","White, Non-Hispanic",no (not latino or hispanic),white
2115305,73114,,,"$85,000 to $99,999",associate degree,,,15,High,Some college,,3,,,,,,,,"white, non-hispanic","white, non-hispanic",,,
2116555,2178,,,"$50,000 to $59,999",bachelors degree,,,12,Middle,Bachelor's+,,4,,,,,,,,"other, non-hispanic","2+ races, non-hispanic","Other, Non-Hispanic",,
2117621,43747,43747.0,43747.0,"$15,000 to $19,999",9th grade,10th grade,we earned about the same amount,6,Low,Less than HS,Less than HS,1,1.0,Same education level,,,,,39.0,"white, non-hispanic","white, non-hispanic","White, Non-Hispanic",no (not latino or hispanic),white
2118245,58043,58043.0,58043.0,"$175,000 or more",associate degree,associate degree,i earned more,19,High,Some college,Some college,3,3.0,Same education level,no,we broke up,,,4.0,"white, non-hispanic","white, non-hispanic","White, Non-Hispanic",no (not latino or hispanic),white
2119791,175999,175999.0,175999.0,"$20,000 to $24,999",high school graduate - high school diploma or the equivalent (ged),12th grade no diploma,i earned more,7,Low,HS,Less than HS,2,1.0,Respondent higher,,,,,51.0,"white, non-hispanic","white, non-hispanic",,no (not latino or hispanic),white
2120526,1152,1152.0,1152.0,"$100,000 to $124,999",professional or doctorate degree,bachelor's degree,partner earned more,16,High,Bachelor's+,Bachelor's+,4,4.0,Same education level,yes,,yes,,15.0,"white, non-hispanic","white, non-hispanic","White, Non-Hispanic",no (not latino or hispanic),white
2121436,4202,4202.0,4202.0,"$60,000 to $74,999",bachelors degree,"some college, no degree",partner earned more,13,Middle,Bachelor's+,Some college,4,3.0,Respondent higher,yes,,yes,,5.0,"white, non-hispanic","white, non-hispanic","White, Non-Hispanic",no (not latino or hispanic),white
2124215,71752,71752.0,71752.0,"$60,000 to $74,999","some college, no degree",associate degree,partner earned more,13,Middle,Some college,Some college,3,3.0,Same education level,no,we broke up,,,2.5,"white, non-hispanic","white, non-hispanic","White, Non-Hispanic",no (not latino or hispanic),white
2125215,46024,46024.0,46024.0,"$125,000 to $149,999","some college, no degree",master's degree,partner earned more,17,High,Some college,Bachelor's+,3,4.0,Partner higher,no,we broke up,,,1.5,"white, non-hispanic","white, non-hispanic","White, Non-Hispanic",no (not latino or hispanic),white
2126533,180776,,,"$15,000 to $19,999","some college, no degree",,,6,Low,Some college,,3,,,,,,,,"black, non-hispanic","black, non-hispanic","Black, Non-Hispanic",,
2127441,51008,51008.0,51008.0,"$125,000 to $149,999",bachelors degree,master's degree,we earned about the same amount,17,High,Bachelor's+,Bachelor's+,4,4.0,Same education level,,,,,22.0,"white, non-hispanic","white, non-hispanic","White, Non-Hispanic",no (not latino or hispanic),white
2128441,2171,2171.0,2171.0,"$60,000 to $74,999",bachelors degree,master's degree,partner earned more,13,Middle,Bachelor's+,Bachelor's+,4,4.0,Same education level,,,,,9.0,"white, non-hispanic","white, non-hispanic","White, Non-Hispanic",no (not latino or hispanic),white
2129652,126648,,,"$5,000 to $7,499",high school graduate - high school diploma or the equivalent (ged),,,2,Low,HS,,2,,,,,,,,"white, non-hispanic","white, non-hispanic",,,
2130225,53492,53492.0,53492.0,"$35,000 to $39,999","some college, no degree","some college, no degree",i earned more,10,Low,Some college,Some college,3,3.0,Same education level,yes,,yes,,1.5,"white, non-hispanic","white, non-hispanic","White, Non-Hispanic",no (not latino or hispanic),white
2131426,2943,2943.0,2943.0,"$150,000 to $174,999",masters degree,"some college, no degree",we earned about the same amount,18,High,Bachelor's+,Some college,4,3.0,Respondent higher,yes,,,,14.0,"white, non-hispanic","white, non-hispanic","White, Non-Hispanic",no (not latino or hispanic),white
2133603,53274,,,"$25,000 to $29,999",high school graduate - high school diploma or the equivalent (ged),,,8,Low,HS,,2,,,,,,,,"white, non-hispanic","white, non-hispanic",,,
2134466,797,797.0,797.0,"$100,000 to $124,999","some college, no degree",associate degree,partner earned more,16,High,Some college,Some college,3,3.0,Same education level,,,,,10.0,"2+ races, non-hispanic","white, non-hispanic","2+ Races, Non-Hispanic",no (not latino or hispanic),white
2135265,38195,,,"$85,000 to $99,999",bachelors degree,,,15,High,Bachelor's+,,4,,,,,,,,"white, non-hispanic","white, non-hispanic","White, Non-Hispanic",,
2136353,22603,,,"$7,500 to $9,999","some college, no degree",,,3,Low,Some college,,3,,,,,,,,"2+ races, non-hispanic","white, non-hispanic","2+ Races, Non-Hispanic",,
2137436,114494,114494.0,114494.0,"$85,000 to $99,999","some college, no degree","some college, no degree",i earned more,15,High,Some college,Some college,3,3.0,Same education level,no,we broke up,,,8.0,"white, non-hispanic","white, non-hispanic","White, Non-Hispanic",no (not latino or hispanic),white
2138753,53024,,,"$15,000 to $19,999",high school graduate - high school diploma or the equivalent (ged),,,6,Low,HS,,2,,,,,,,,"white, non-hispanic","white, non-hispanic",,,
2140561,33353,33353.0,33353.0,"$125,000 to $149,999",bachelors degree,"some college, no degree",i earned more,17,High,Bachelor's+,Some college,4,3.0,Respondent higher,,,,,30.0,"white, non-hispanic","white, non-hispanic","White, Non-Hispanic",no (not latino or hispanic),white
2141285,31579,,,"$35,000 to $39,999","some college, no degree",,,10,Low,Some college,,3,,,,,,,,"white, non-hispanic","white, non-hispanic",,,
2142591,1421,1421.0,1421.0,"$175,000 or more",professional or doctorate degree,professional or doctorate degree,partner earned more,19,High,Bachelor's+,Bachelor's+,4,4.0,Same education level,,,,,41.0,"white, non-hispanic","white, non-hispanic","White, Non-Hispanic",no (not latino or hispanic),white
2143405,30987,30987.0,30987.0,"$60,000 to $74,999",masters degree,master's degree,i earned more,13,Middle,Bachelor's+,Bachelor's+,4,4.0,Same education level,,,,,2.5,"white, non-hispanic","white, non-hispanic","White, Non-Hispanic",no (not latino or hispanic),white
2144501,72131,72131.0,72131.0,"$60,000 to $74,999","some college, no degree","some college, no degree",i earned more,13,Middle,Some college,Some college,3,3.0,Same education level,,,,,27.0,"white, non-hispanic","white, non-hispanic","White, Non-Hispanic",no (not latino or hispanic),white
2145295,74769,74769.0,74769.0,"$60,000 to $74,999","some college, no degree",bachelor's degree,partner earned more,13,Middle,Some college,Bachelor's+,3,4.0,Partner higher,no,we broke up,,,5.0,"white, non-hispanic","white, non-hispanic","White, Non-Hispanic",no (not latino or hispanic),asian or pacific islander
2146361,39691,39691.0,39691.0,"$100,000 to $124,999",masters degree,master's degree,i earned more,16,High,Bachelor's+,Bachelor's+,4,4.0,Same education level,,,,,16.0,"white, non-hispanic","white, non-hispanic","White, Non-Hispanic",no (not latino or hispanic),white
2147491,48551,48551.0,48551.0,"$40,000 to $49,999",high school graduate - high school diploma or the equivalent (ged),associate degree,i earned more,11,Middle,HS,Some college,2,3.0,Partner higher,,,,,9.0,"white, non-hispanic","white, non-hispanic",,no (not latino or hispanic),white
2148195,46003,,,"$100,000 to $124,999",high school graduate - high school diploma or the equivalent (ged),,,16,High,HS,,2,,,,,,,,"white, non-hispanic","white, non-hispanic",,,
2149736,63135,63135.0,63135.0,"$7,500 to $9,999",7th or 8th grade,hs graduate or ged,i earned more,3,Low,Less than HS,HS,1,2.0,Partner higher,,,,,31.0,"black, non-hispanic","black, non-hispanic",,no (not latino or hispanic),black or african american
2150511,56941,56941.0,56941.0,"$125,000 to $149,999",masters degree,bachelor's degree,partner earned more,17,High,Bachelor's+,Bachelor's+,4,4.0,Same education level,,,,,33.0,"white, non-hispanic","white, non-hispanic","White, Non-Hispanic",no (not latino or hispanic),white
2151631,38665,38665.0,38665.0,"$75,000 to $84,999",high school graduate - high school diploma or the equivalent (ged),"some college, no degree",i earned more,14,High,HS,Some college,2,3.0,Partner higher,,,,,42.0,"white, non-hispanic","white, non-hispanic",,no (not latino or hispanic),white
2152552,63888,,,"$15,000 to $19,999",high school graduate - high school diploma or the equivalent (ged),,,6,Low,HS,,2,,,,,,,,"black, non-hispanic",,"Black, Non-Hispanic",,
2153601,41603,41603.0,41603.0,"$85,000 to $99,999",high school graduate - high school diploma or the equivalent (ged),"some college, no degree",partner earned more,15,High,HS,Some college,2,3.0,Partner higher,,,,,38.0,"white, non-hispanic","white, non-hispanic",,no (not latino or hispanic),white
2154365,77801,77801.0,77801.0,"$7,500 to $9,999",associate degree,refused,refused,3,Low,Some college,,3,,,,,yes,,8.0,"black, non-hispanic",,,"yes, other latino/hispanic",refused
2155561,52903,52903.0,52903.0,"$50,000 to $59,999",high school graduate - high school diploma or the equivalent (ged),hs graduate or ged,partner earned more,12,Middle,HS,HS,2,2.0,Same education level,,,,,39.0,"white, non-hispanic","white, non-hispanic","White, Non-Hispanic",no (not latino or hispanic),white
2156394,3467,3467.0,3467.0,"$100,000 to $124,999",bachelors degree,master's degree,partner earned more,16,High,Bachelor's+,Bachelor's+,4,4.0,Same education level,,,,,24.0,"white, non-hispanic",,"White, Non-Hispanic","yes, other latino/hispanic",white
2157375,30629,,,"less than $5,000",12th grade no diploma,,,1,Low,Less than HS,,1,,,,,,,,"white, non-hispanic","white, non-hispanic",,,
2159315,5340,5340.0,5340.0,"$150,000 to $174,999",bachelors degree,"some college, no degree",i earned more,18,High,Bachelor's+,Some college,4,3.0,Respondent higher,,,,,4.0,"white, non-hispanic","white, non-hispanic","White, Non-Hispanic",no (not latino or hispanic),white
2160635,1262,1262.0,1262.0,"$60,000 to $74,999",masters degree,professional or doctorate degree,i earned more,13,Middle,Bachelor's+,Bachelor's+,4,4.0,Same education level,yes,,yes,,23.0,"2+ races, non-hispanic","white, non-hispanic","2+ Races, Non-Hispanic",no (not latino or hispanic),white
2161732,76349,76349.0,76349.0,"$30,000 to $34,999",high school graduate - high school diploma or the equivalent (ged),7th or 8th grade,i earned more,9,Low,HS,Less than HS,2,1.0,Respondent higher,,,,,55.0,"white, non-hispanic","white, non-hispanic",,no (not latino or hispanic),white
2162822,65898,65898.0,65898.0,"$25,000 to $29,999",associate degree,bachelor's degree,partner earned more,8,Low,Some college,Bachelor's+,3,4.0,Partner higher,,,,,61.0,"white, non-hispanic","white, non-hispanic",,no (not latino or hispanic),white
2163291,48693,48693.0,48693.0,"$50,000 to $59,999",bachelors degree,bachelor's degree,partner earned more,12,Middle,Bachelor's+,Bachelor's+,4,4.0,Same education level,,,,,15.0,"white, non-hispanic","white, non-hispanic","White, Non-Hispanic",no (not latino or hispanic),white
2164622,69231,69231.0,69231.0,"$30,000 to $34,999","some college, no degree",hs graduate or ged,i earned more,9,Low,Some college,HS,3,2.0,Respondent higher,,,,,42.0,"white, non-hispanic","white, non-hispanic","White, Non-Hispanic",no (not latino or hispanic),white
2165591,13132,13132.0,13132.0,"$50,000 to $59,999",high school graduate - high school diploma or the equivalent (ged),hs graduate or ged,partner earned more,12,Middle,HS,HS,2,2.0,Same education level,,,,,31.0,"2+ races, non-hispanic","2+ races, non-hispanic",,no (not latino or hispanic),white
2166616,836,,,"$100,000 to $124,999","some college, no degree",,,16,High,Some college,,3,,,,,,,,"white, non-hispanic","white, non-hispanic",,,
2167261,57601,57601.0,57601.0,"$50,000 to $59,999",9th grade,hs graduate or ged,partner earned more,12,Middle,Less than HS,HS,1,2.0,Partner higher,,,,,9.0,"white, non-hispanic","white, non-hispanic",,no (not latino or hispanic),white
2168301,43646,43646.0,43646.0,"$60,000 to $74,999",bachelors degree,9th grade,partner earned more,13,Middle,Bachelor's+,Less than HS,4,1.0,Respondent higher,,,,,12.0,"white, non-hispanic","white, non-hispanic","White, Non-Hispanic",no (not latino or hispanic),white
2169386,88012,88012.0,88012.0,"$60,000 to $74,999","some college, no degree","some college, no degree",i earned more,13,Middle,Some college,Some college,3,3.0,Same education level,yes,,,,10.0,hispanic,hispanic,Hispanic,no (not latino or hispanic),white
2170641,88603,88603.0,88603.0,"$75,000 to $84,999",12th grade no diploma,12th grade no diploma,we earned about the same amount,14,High,Less than HS,Less than HS,1,1.0,Same education level,,,,,46.0,"white, non-hispanic","white, non-hispanic","White, Non-Hispanic","yes, mexican, mexican american, chicano",other (please specify)
2171371,51448,51448.0,51448.0,"$85,000 to $99,999",bachelors degree,master's degree,i earned more,15,High,Bachelor's+,Bachelor's+,4,4.0,Same education level,,,,,6.0,"white, non-hispanic","white, non-hispanic",,no (not latino or hispanic),white
2172526,1980,1980.0,1980.0,"$100,000 to $124,999",masters degree,master's degree,i earned more,16,High,Bachelor's+,Bachelor's+,4,4.0,Same education level,,,,,30.0,"white, non-hispanic","white, non-hispanic","White, Non-Hispanic",no (not latino or hispanic),white
2173235,64510,64510.0,64510.0,"$5,000 to $7,499","some college, no degree",bachelor's degree,partner earned more,2,Low,Some college,Bachelor's+,3,4.0,Partner higher,,,,,6.0,"white, non-hispanic","white, non-hispanic","White, Non-Hispanic",no (not latino or hispanic),white
2174415,43683,,,"$75,000 to $84,999",high school graduate - high school diploma or the equivalent (ged),,,14,High,HS,,2,,,,,,,,"white, non-hispanic","white, non-hispanic","White, Non-Hispanic",,
2175365,3680,3680.0,3680.0,"$7,500 to $9,999","some college, no degree",bachelor's degree,partner earned more,3,Low,Some college,Bachelor's+,3,4.0,Partner higher,no,we broke up,,,10.0,"white, non-hispanic","white, non-hispanic","White, Non-Hispanic",no (not latino or hispanic),black or african american
2176301,117367,117367.0,117367.0,"$7,500 to $9,999",10th grade,9th grade,refused,3,Low,Less than HS,Less than HS,1,1.0,Same education level,,,,,11.0,"white, non-hispanic","white, non-hispanic","White, Non-Hispanic",no (not latino or hispanic),white
2177596,264379,264379.0,264379.0,"$30,000 to $34,999","some college, no degree",hs graduate or ged,i earned more,9,Low,Some college,HS,3,2.0,Respondent higher,yes,,,,14.0,"other, non-hispanic","other, non-hispanic","Other, Non-Hispanic",no (not latino or hispanic),white
2178396,50156,50156.0,50156.0,"$85,000 to $99,999",high school graduate - high school diploma or the equivalent (ged),9th grade,i earned more,15,High,HS,Less than HS,2,1.0,Respondent higher,yes,,no,We broke up,15.0,"white, non-hispanic","white, non-hispanic","White, Non-Hispanic","yes, puerto rican",other (please specify)
2179636,522,522.0,522.0,"$50,000 to $59,999",bachelors degree,master's degree,i earned more,12,Middle,Bachelor's+,Bachelor's+,4,4.0,Same education level,yes,,yes,,13.0,"white, non-hispanic","white, non-hispanic","White, Non-Hispanic",no (not latino or hispanic),white
2180411,176007,176007.0,176007.0,"$50,000 to $59,999",high school graduate - high school diploma or the equivalent (ged),bachelor's degree,we earned about the same amount,12,Middle,HS,Bachelor's+,2,4.0,Partner higher,,,,,13.0,"white, non-hispanic","white, non-hispanic","White, Non-Hispanic",no (not latino or hispanic),white
2181421,49016,49016.0,49016.0,"$50,000 to $59,999",high school graduate - high school diploma or the equivalent (ged),associate degree,i earned more,12,Middle,HS,Some college,2,3.0,Partner higher,,,,,24.0,"white, non-hispanic","white, non-hispanic","White, Non-Hispanic",no (not latino or hispanic),white
2182753,23619,,,"$20,000 to $24,999",bachelors degree,,,7,Low,Bachelor's+,,4,,,,,,,,"2+ races, non-hispanic","white, non-hispanic","2+ Races, Non-Hispanic",,
2183361,20848,20848.0,20848.0,"$60,000 to $74,999","some college, no degree",associate degree,i earned more,13,Middle,Some college,Some college,3,3.0,Same education level,,,,,6.0,"white, non-hispanic","white, non-hispanic","White, Non-Hispanic",no (not latino or hispanic),white
2184591,54554,54554.0,54554.0,"$125,000 to $149,999",high school graduate - high school diploma or the equivalent (ged),hs graduate or ged,partner earned more,17,High,HS,HS,2,2.0,Same education level,,,,,30.0,"white, non-hispanic","white, non-hispanic","White, Non-Hispanic",no (not latino or hispanic),white
2187416,7032,7032.0,7032.0,"$175,000 or more",bachelors degree,bachelor's degree,partner earned more,19,High,Bachelor's+,Bachelor's+,4,4.0,Same education level,yes,,yes,,16.0,hispanic,"white, non-hispanic","White, Non-Hispanic",no (not latino or hispanic),white
2188581,69607,69607.0,69607.0,"$60,000 to $74,999",high school graduate - high school diploma or the equivalent (ged),"some college, no degree",partner earned more,13,Middle,HS,Some college,2,3.0,Partner higher,,,,,27.0,"white, non-hispanic","white, non-hispanic",,no (not latino or hispanic),white
2189593,141409,,,"$20,000 to $24,999",high school graduate - high school diploma or the equivalent (ged),,,7,Low,HS,,2,,,,,,,,"other, non-hispanic","2+ races, non-hispanic","Other, Non-Hispanic",,
2190381,14000,14000.0,14000.0,"$60,000 to $74,999",masters degree,master's degree,partner earned more,13,Middle,Bachelor's+,Bachelor's+,4,4.0,Same education level,,,,,6.0,"2+ races, non-hispanic","other, non-hispanic","2+ Races, Non-Hispanic",no (not latino or hispanic),white
2191301,82550,,,"$40,000 to $49,999",high school graduate - high school diploma or the equivalent (ged),,,11,Middle,HS,,2,,,,,,,,"white, non-hispanic","white, non-hispanic","White, Non-Hispanic",,
2192852,61662,61662.0,61662.0,"$15,000 to $19,999","some college, no degree",hs graduate or ged,partner earned more,6,Low,Some college,HS,3,2.0,Respondent higher,yes,,,,6.0,"white, non-hispanic","white, non-hispanic","White, Non-Hispanic",no (not latino or hispanic),white
2193195,44669,44669.0,44669.0,"$60,000 to $74,999","some college, no degree","some college, no degree",partner earned more,13,Middle,Some college,Some college,3,3.0,Same education level,yes,,yes,,0.75,"black, non-hispanic","black, non-hispanic","Black, Non-Hispanic",no (not latino or hispanic),black or african american
2194621,1775,1775.0,1775.0,"$100,000 to $124,999","some college, no degree","some college, no degree",i earned more,16,High,Some college,Some college,3,3.0,Same education level,,,,,34.0,"white, non-hispanic","white, non-hispanic",,no (not latino or hispanic),white
2195781,41603,41603.0,41603.0,"$25,000 to $29,999",high school graduate - high school diploma or the equivalent (ged),9th grade,partner earned more,8,Low,HS,Less than HS,2,1.0,Respondent higher,,,,,58.0,"white, non-hispanic","white, non-hispanic",,no (not latino or hispanic),white
2196501,31857,31857.0,31857.0,"$50,000 to $59,999",associate degree,hs graduate or ged,i earned more,12,Middle,Some college,HS,3,2.0,Respondent higher,,,,,29.0,"white, non-hispanic","white, non-hispanic","White, Non-Hispanic",no (not latino or hispanic),white
2197361,259482,259482.0,259482.0,"$40,000 to $49,999","some college, no degree",bachelor's degree,i earned more,11,Middle,Some college,Bachelor's+,3,4.0,Partner higher,,,,,23.0,hispanic,hispanic,Hispanic,"yes, mexican, mexican american, chicano",white
2198686,853,853.0,853.0,"$175,000 or more",professional or doctorate degree,master's degree,partner earned more,19,High,Bachelor's+,Bachelor's+,4,4.0,Same education level,,,,,23.0,"white, non-hispanic","white, non-hispanic","White, Non-Hispanic",no (not latino or hispanic),white
2199575,98449,98449.0,98449.0,"$7,500 to $9,999",bachelors degree,"some college, no degree",partner earned more,3,Low,Bachelor's+,Some college,4,3.0,Respondent higher,yes,,,,0.75,"white, non-hispanic","white, non-hispanic","White, Non-Hispanic",no (not latino or hispanic),white
2200651,72458,72458.0,72458.0,"$35,000 to $39,999","some college, no degree",associate degree,i earned more,10,Low,Some college,Some college,3,3.0,Same education level,,,,,46.0,"other, non-hispanic","other, non-hispanic",,no (not latino or hispanic),white
2201486,1403,1403.0,1403.0,"$85,000 to $99,999",bachelors degree,bachelor's degree,partner earned more,15,High,Bachelor's+,Bachelor's+,4,4.0,Same education level,yes,,no,"[xNameP] passed away, is deceased",20.0,"other, non-hispanic","other, non-hispanic","Other, Non-Hispanic",no (not latino or hispanic),other (please specify)
2202371,180942,,,"$60,000 to $74,999",professional or doctorate degree,,,13,Middle,Bachelor's+,,4,,,,,,,,hispanic,hispanic,Hispanic,no (not latino or hispanic),white
2203446,4654,4654.0,4654.0,"$85,000 to $99,999",professional or doctorate degree,hs graduate or ged,i earned more,15,High,Bachelor's+,HS,4,2.0,Respondent higher,yes,,yes,,7.0,"white, non-hispanic","white, non-hispanic","White, Non-Hispanic","yes, puerto rican",white
2204281,50808,50808.0,50808.0,"$60,000 to $74,999",associate degree,"some college, no degree",we earned about the same amount,13,Middle,Some college,Some college,3,3.0,Same education level,,,,,11.0,"white, non-hispanic","white, non-hispanic","White, Non-Hispanic",no (not latino or hispanic),white
2205832,48192,48192.0,48192.0,"$40,000 to $49,999",high school graduate - high school diploma or the equivalent (ged),hs graduate or ged,we earned about the same amount,11,Middle,HS,HS,2,2.0,Same education level,,,,,54.0,"white, non-hispanic","white, non-hispanic",,no (not latino or hispanic),white
2206256,64685,64685.0,64685.0,"$175,000 or more",bachelors degree,bachelor's degree,partner earned more,19,High,Bachelor's+,Bachelor's+,4,4.0,Same education level,,,,,4.0,"white, non-hispanic","white, non-hispanic","White, Non-Hispanic",no (not latino or hispanic),white
2207591,84979,84979.0,84979.0,"$60,000 to $74,999",bachelors degree,master's degree,partner earned more,13,Middle,Bachelor's+,Bachelor's+,4,4.0,Same education level,,,,,38.0,"white, non-hispanic","white, non-hispanic",,no (not latino or hispanic),white
2208621,38457,38457.0,38457.0,"$50,000 to $59,999",high school graduate - high school diploma or the equivalent (ged),hs graduate or ged,i earned more,12,Middle,HS,HS,2,2.0,Same education level,,,,,36.0,"white, non-hispanic","white, non-hispanic","White, Non-Hispanic",no (not latino or hispanic),white
2209421,60933,60933.0,60933.0,"$125,000 to $149,999",high school graduate - high school diploma or the equivalent (ged),master's degree,i earned more,17,High,HS,Bachelor's+,2,4.0,Partner higher,,,,,15.0,"white, non-hispanic",,,no (not latino or hispanic),white
2210705,74585,,,"$100,000 to $124,999",professional or doctorate degree,,,16,High,Bachelor's+,,4,,,,,,,,"white, non-hispanic","white, non-hispanic","White, Non-Hispanic",,
2211311,160076,160076.0,160076.0,"$60,000 to $74,999",professional or doctorate degree,bachelor's degree,i earned more,13,Middle,Bachelor's+,Bachelor's+,4,4.0,Same education level,,,,,5.0,"black, non-hispanic","black, non-hispanic","Black, Non-Hispanic",no (not latino or hispanic),black or african american
2212616,1232,1232.0,1232.0,"$10,000 to $12,499",bachelors degree,hs graduate or ged,i earned more,4,Low,Bachelor's+,HS,4,2.0,Respondent higher,no,we broke up,,,2.5,"white, non-hispanic","white, non-hispanic",,no (not latino or hispanic),white
2213573,80456,,,"$75,000 to $84,999",bachelors degree,,,14,High,Bachelor's+,,4,,,,,,,,"white, non-hispanic","white, non-hispanic","White, Non-Hispanic",,
2216225,72483,,,"$85,000 to $99,999","some college, no degree",,,15,High,Some college,,3,,,,,,,,"white, non-hispanic","white, non-hispanic","White, Non-Hispanic",,
2218261,99285,99285.0,99285.0,"$125,000 to $149,999","some college, no degree",bachelor's degree,partner earned more,17,High,Some college,Bachelor's+,3,4.0,Partner higher,,,,,6.0,"black, non-hispanic","black, non-hispanic","Black, Non-Hispanic",no (not latino or hispanic),black or african american
2219255,132499,132499.0,132499.0,"$75,000 to $84,999","some college, no degree","some college, no degree",partner earned more,14,High,Some college,Some college,3,3.0,Same education level,no,we broke up,,,0.45,"other, non-hispanic","other, non-hispanic","Other, Non-Hispanic",no (not latino or hispanic),black or african american
2220321,13527,13527.0,13527.0,"$85,000 to $99,999",professional or doctorate degree,hs graduate or ged,partner earned more,15,High,Bachelor's+,HS,4,2.0,Respondent higher,,,,,14.0,"2+ races, non-hispanic",,"2+ Races, Non-Hispanic",no (not latino or hispanic),white
2221291,47018,47018.0,47018.0,"$75,000 to $84,999","some college, no degree",bachelor's degree,partner earned more,14,High,Some college,Bachelor's+,3,4.0,Partner higher,,,,,8.0,"white, non-hispanic","white, non-hispanic",,no (not latino or hispanic),white
2222425,4672,4672.0,4672.0,"$85,000 to $99,999",masters degree,professional or doctorate degree,partner earned more,15,High,Bachelor's+,Bachelor's+,4,4.0,Same education level,,,,,1.5,"white, non-hispanic",,,no (not latino or hispanic),asian or pacific islander
2223581,74665,74665.0,74665.0,"$100,000 to $124,999",high school graduate - high school diploma or the equivalent (ged),master's degree,partner earned more,16,High,HS,Bachelor's+,2,4.0,Partner higher,,,,,42.0,hispanic,hispanic,Hispanic,"yes, puerto rican",white
2224215,106322,106322.0,106322.0,"$30,000 to $34,999",associate degree,"some college, no degree",partner earned more,9,Low,Some college,Some college,3,3.0,Same education level,yes,,yes,,4.0,hispanic,hispanic,Hispanic,"yes, puerto rican",white
2226231,39254,39254.0,39254.0,"$50,000 to $59,999",bachelors degree,bachelor's degree,i earned more,12,Middle,Bachelor's+,Bachelor's+,4,4.0,Same education level,,,,,7.0,"white, non-hispanic","white, non-hispanic","White, Non-Hispanic",no (not latino or hispanic),white
2227296,12983,12983.0,12983.0,"$40,000 to $49,999",bachelors degree,associate degree,partner earned more,11,Middle,Bachelor's+,Some college,4,3.0,Respondent higher,no,we broke up,,,0.75,"white, non-hispanic","white, non-hispanic","White, Non-Hispanic",no (not latino or hispanic),white
2228436,3405,3405.0,3405.0,"$100,000 to $124,999",masters degree,master's degree,partner earned more,16,High,Bachelor's+,Bachelor's+,4,4.0,Same education level,,,,,11.0,"white, non-hispanic","white, non-hispanic","White, Non-Hispanic",no (not latino or hispanic),white
2229421,160881,160881.0,160881.0,"$40,000 to $49,999",high school graduate - high school diploma or the equivalent (ged),"some college, no degree",partner earned more,11,Middle,HS,Some college,2,3.0,Partner higher,,,,,22.0,hispanic,hispanic,Hispanic,"yes, mexican, mexican american, chicano",white
2230711,47656,47656.0,47656.0,"$35,000 to $39,999",10th grade,hs graduate or ged,i earned more,10,Low,Less than HS,HS,1,2.0,Partner higher,,,,,51.0,"white, non-hispanic","white, non-hispanic","White, Non-Hispanic",no (not latino or hispanic),white
2231515,4552,,,"$7,500 to $9,999",masters degree,,,3,Low,Bachelor's+,,4,,,,,,,,"white, non-hispanic","white, non-hispanic",,,
2232496,3389,3389.0,3389.0,"less than $5,000",bachelors degree,bachelor's degree,partner earned more,1,Low,Bachelor's+,Bachelor's+,4,4.0,Same education level,,,,,22.0,"white, non-hispanic",,,no (not latino or hispanic),white
2235561,81966,81966.0,81966.0,"$75,000 to $84,999",bachelors degree,associate degree,i earned more,14,High,Bachelor's+,Some college,4,3.0,Respondent higher,,,,,36.0,hispanic,hispanic,Hispanic,"yes, puerto rican",white
2236205,47631,,,"$75,000 to $84,999","some college, no degree",,,14,High,Some college,,3,,,,,,,,"white, non-hispanic","white, non-hispanic","White, Non-Hispanic",,
2237225,45758,45758.0,45758.0,"$175,000 or more",associate degree,bachelor's degree,i earned more,19,High,Some college,Bachelor's+,3,4.0,Partner higher,yes,,yes,,4.0,"white, non-hispanic","white, non-hispanic","White, Non-Hispanic",no (not latino or hispanic),white
2238361,85729,85729.0,85729.0,"$60,000 to $74,999",high school graduate - high school diploma or the equivalent (ged),hs graduate or ged,i earned more,13,Middle,HS,HS,2,2.0,Same education level,,,,,11.0,"white, non-hispanic","white, non-hispanic",,"yes, mexican, mexican american, chicano",white
2239515,100232,,,"$30,000 to $34,999",associate degree,,,9,Low,Some college,,3,,,,,,,,"black, non-hispanic","black, non-hispanic",,,
2241425,11693,,,"$20,000 to $24,999","some college, no degree",,,7,Low,Some college,,3,,,,,,,,hispanic,hispanic,Hispanic,,
2242616,3150,3150.0,3150.0,"$75,000 to $84,999",bachelors degree,hs graduate or ged,partner earned more,14,High,Bachelor's+,HS,4,2.0,Respondent higher,yes,,yes,,9.0,hispanic,hispanic,Hispanic,no (not latino or hispanic),white
2245535,123084,,,"$85,000 to $99,999",high school graduate - high school diploma or the equivalent (ged),,,15,High,HS,,2,,,,,,,,"white, non-hispanic","white, non-hispanic","White, Non-Hispanic",,
2246691,34160,34160.0,34160.0,"$85,000 to $99,999",masters degree,hs graduate or ged,i earned more,15,High,Bachelor's+,HS,4,2.0,Respondent higher,,,,,47.0,"white, non-hispanic","white, non-hispanic",,no (not latino or hispanic),white
2247501,30028,30028.0,30028.0,"$50,000 to $59,999",masters degree,bachelor's degree,partner earned more,12,Middle,Bachelor's+,Bachelor's+,4,4.0,Same education level,,,,,17.0,"white, non-hispanic","white, non-hispanic","White, Non-Hispanic",no (not latino or hispanic),white
2249411,2869,2869.0,2869.0,"$100,000 to $124,999",professional or doctorate degree,professional or doctorate degree,i earned more,16,High,Bachelor's+,Bachelor's+,4,4.0,Same education level,,,,,18.0,"white, non-hispanic","white, non-hispanic","White, Non-Hispanic",no (not latino or hispanic),white
2250596,187912,187912.0,187912.0,"$12,500 to $14,999",11th grade,10th grade,we earned about the same amount,5,Low,Less than HS,Less than HS,1,1.0,Same education level,yes,,yes,,6.0,"white, non-hispanic","2+ races, non-hispanic","White, Non-Hispanic",no (not latino or hispanic),white
2251772,15899,,,"$20,000 to $24,999",11th grade,,,7,Low,Less than HS,,1,,,,,,,,"white, non-hispanic","white, non-hispanic","White, Non-Hispanic",,
2252496,1930,1930.0,1930.0,"$125,000 to $149,999","some college, no degree",professional or doctorate degree,partner earned more,17,High,Some college,Bachelor's+,3,4.0,Partner higher,yes,,yes,,8.0,"white, non-hispanic","white, non-hispanic","White, Non-Hispanic","yes, other latino/hispanic",other (please specify)
2254215,73068,,,"$125,000 to $149,999","some college, no degree",,,17,High,Some college,,3,,,,,,,,"white, non-hispanic","white, non-hispanic","White, Non-Hispanic",,
2255296,65463,,,"$10,000 to $12,499",masters degree,,,4,Low,Bachelor's+,,4,,,,,,,,"black, non-hispanic","black, non-hispanic","Black, Non-Hispanic",,
2256431,63439,63439.0,63439.0,"$40,000 to $49,999",10th grade,hs graduate or ged,we earned about the same amount,11,Middle,Less than HS,HS,1,2.0,Partner higher,,,,,24.0,"white, non-hispanic","white, non-hispanic","White, Non-Hispanic",no (not latino or hispanic),white
2257563,50136,,,"$60,000 to $74,999",bachelors degree,,,13,Middle,Bachelor's+,,4,,,,,,,,"white, non-hispanic","white, non-hispanic","White, Non-Hispanic",,
2258573,103504,,,"$60,000 to $74,999",high school graduate - high school diploma or the equivalent (ged),,,13,Middle,HS,,2,,,,,,,,"white, non-hispanic","white, non-hispanic","White, Non-Hispanic",,
2260661,116466,116466.0,116466.0,"$50,000 to $59,999",high school graduate - high school diploma or the equivalent (ged),bachelor's degree,i earned more,12,Middle,HS,Bachelor's+,2,4.0,Partner higher,,,,,32.0,"white, non-hispanic","white, non-hispanic",,no (not latino or hispanic),white
2262425,117022,,,"$50,000 to $59,999",bachelors degree,,,12,Middle,Bachelor's+,,4,,,,,,,,"other, non-hispanic","white, non-hispanic",,,
2266405,9443,9443.0,9443.0,"$75,000 to $84,999",bachelors degree,associate degree,i earned more,14,High,Bachelor's+,Some college,4,3.0,Respondent higher,no,other (please describe),,,4.0,hispanic,hispanic,Hispanic,no (not latino or hispanic),white
2268411,82530,82530.0,82530.0,"$100,000 to $124,999",bachelors degree,bachelor's degree,i earned more,16,High,Bachelor's+,Bachelor's+,4,4.0,Same education level,,,,,10.0,hispanic,hispanic,Hispanic,no (not latino or hispanic),white
2270851,49220,49220.0,49220.0,"$75,000 to $84,999","some college, no degree",hs graduate or ged,i earned more,14,High,Some college,HS,3,2.0,Respondent higher,,,,,66.0,"white, non-hispanic","white, non-hispanic","White, Non-Hispanic",no (not latino or hispanic),white
2272671,77528,77528.0,77528.0,"$40,000 to $49,999","some college, no degree","some college, no degree",refused,11,Middle,Some college,Some college,3,3.0,Same education level,,,,,48.0,hispanic,hispanic,Hispanic,"yes, other latino/hispanic",white
2273691,44091,44091.0,44091.0,"$50,000 to $59,999",high school graduate - high school diploma or the equivalent (ged),hs graduate or ged,i earned more,12,Middle,HS,HS,2,2.0,Same education level,,,,,39.0,"white, non-hispanic","white, non-hispanic","White, Non-Hispanic",no (not latino or hispanic),white
2274225,23420,23420.0,23420.0,"$150,000 to $174,999","some college, no degree","some college, no degree",we earned about the same amount,18,High,Some college,Some college,3,3.0,Same education level,,,no,We broke up,2.5,"white, non-hispanic","white, non-hispanic","White, Non-Hispanic",no (not latino or hispanic),white
2275635,28529,,,"$60,000 to $74,999",bachelors degree,,,13,Middle,Bachelor's+,,4,,,,,,,,"white, non-hispanic","white, non-hispanic","White, Non-Hispanic",,
2276244,13272,13272.0,13272.0,"$12,500 to $14,999",11th grade,hs graduate or ged,partner earned more,5,Low,Less than HS,HS,1,2.0,Partner higher,,,,,0.75,"2+ races, non-hispanic","2+ races, non-hispanic","2+ Races, Non-Hispanic",no (not latino or hispanic),white
2277506,40562,40562.0,40562.0,"$20,000 to $24,999","some college, no degree",hs graduate or ged,i earned more,7,Low,Some college,HS,3,2.0,Respondent higher,yes,,yes,,14.0,hispanic,hispanic,,no (not latino or hispanic),white
2278553,1868,1868.0,1868.0,"$25,000 to $29,999",masters degree,bachelor's degree,partner earned more,8,Low,Bachelor's+,Bachelor's+,4,4.0,Same education level,,,,,13.0,"white, non-hispanic","white, non-hispanic","White, Non-Hispanic",no (not latino or hispanic),white
2280655,56643,56643.0,56643.0,"$20,000 to $24,999",bachelors degree,"some college, no degree",i earned more,7,Low,Bachelor's+,Some college,4,3.0,Respondent higher,no,other (please describe),,,,"black, non-hispanic","black, non-hispanic","Black, Non-Hispanic",no (not latino or hispanic),black or african american
2281616,3137,3137.0,3137.0,"$125,000 to $149,999",bachelors degree,master's degree,partner earned more,17,High,Bachelor's+,Bachelor's+,4,4.0,Same education level,yes,,,,33.0,"other, non-hispanic","other, non-hispanic","Other, Non-Hispanic",no (not latino or hispanic),white
2282431,87769,87769.0,87769.0,"$100,000 to $124,999",professional or doctorate degree,professional or doctorate degree,partner earned more,16,High,Bachelor's+,Bachelor's+,4,4.0,Same education level,,,,,10.0,"black, non-hispanic","black, non-hispanic","Black, Non-Hispanic",no (not latino or hispanic),black or african american
2284603,61247,,,"$40,000 to $49,999",12th grade no diploma,,,11,Middle,Less than HS,,1,,,,,,,,"white, non-hispanic","white, non-hispanic",,,
2285351,35886,35886.0,35886.0,"$60,000 to $74,999",bachelors degree,bachelor's degree,i earned more,13,Middle,Bachelor's+,Bachelor's+,4,4.0,Same education level,,,,,10.0,"white, non-hispanic","white, non-hispanic","White, Non-Hispanic",no (not latino or hispanic),white
2286421,62557,62557.0,62557.0,"$60,000 to $74,999",high school graduate - high school diploma or the equivalent (ged),"some college, no degree",i earned more,13,Middle,HS,Some college,2,3.0,Partner higher,,,,,20.0,"white, non-hispanic","white, non-hispanic","White, Non-Hispanic",no (not latino or hispanic),white
2287554,35690,35690.0,35690.0,"$15,000 to $19,999","some college, no degree",hs graduate or ged,i earned more,6,Low,Some college,HS,3,2.0,Respondent higher,,,,,7.0,"white, non-hispanic","white, non-hispanic",,no (not latino or hispanic),white
2288511,89105,89105.0,89105.0,"$12,500 to $14,999","some college, no degree","some college, no degree",we earned about the same amount,5,Low,Some college,Some college,3,3.0,Same education level,,,,,23.0,"white, non-hispanic","white, non-hispanic","White, Non-Hispanic",no (not latino or hispanic),white
2289671,35691,35691.0,35691.0,"$50,000 to $59,999",high school graduate - high school diploma or the equivalent (ged),"some college, no degree",partner earned more,12,Middle,HS,Some college,2,3.0,Partner higher,,,,,42.0,"white, non-hispanic",,,no (not latino or hispanic),white
2290306,4816,4816.0,4816.0,"$20,000 to $24,999","some college, no degree",associate degree,partner earned more,7,Low,Some college,Some college,3,3.0,Same education level,,,,,8.0,"white, non-hispanic","white, non-hispanic","White, Non-Hispanic",no (not latino or hispanic),white
2292275,80419,80419.0,80419.0,"$25,000 to $29,999",bachelors degree,bachelor's degree,partner earned more,8,Low,Bachelor's+,Bachelor's+,4,4.0,Same education level,yes,,,,4.0,"white, non-hispanic","white, non-hispanic","White, Non-Hispanic","yes, mexican, mexican american, chicano",white
2293255,103677,,,"$75,000 to $84,999",masters degree,,,14,High,Bachelor's+,,4,,,,,,,,hispanic,hispanic,,,
2294411,40465,40465.0,40465.0,"$175,000 or more",professional or doctorate degree,professional or doctorate degree,we earned about the same amount,19,High,Bachelor's+,Bachelor's+,4,4.0,Same education level,,,,,13.0,"white, non-hispanic","white, non-hispanic",,no (not latino or hispanic),white
2295345,19313,,,"$35,000 to $39,999",masters degree,,,10,Low,Bachelor's+,,4,,,,,,,,"2+ races, non-hispanic","white, non-hispanic",,,
2296531,48146,48146.0,48146.0,"$125,000 to $149,999",high school graduate - high school diploma or the equivalent (ged),hs graduate or ged,i earned more,17,High,HS,HS,2,2.0,Same education level,,,,,38.0,"white, non-hispanic","white, non-hispanic","White, Non-Hispanic",no (not latino or hispanic),white
2297221,158354,158354.0,158354.0,"$25,000 to $29,999",high school graduate - high school diploma or the equivalent (ged),"some college, no degree",i earned more,8,Low,HS,Some college,2,3.0,Partner higher,,,,,4.0,hispanic,hispanic,Hispanic,no (not latino or hispanic),other (please specify)
2298381,26143,26143.0,26143.0,"$35,000 to $39,999",bachelors degree,"some college, no degree",partner earned more,10,Low,Bachelor's+,Some college,4,3.0,Respondent higher,,,,,9.0,"white, non-hispanic","white, non-hispanic","White, Non-Hispanic",no (not latino or hispanic),white
2299651,52855,52855.0,52855.0,"$85,000 to $99,999","some college, no degree","some college, no degree",i earned more,15,High,Some college,Some college,3,3.0,Same education level,,,,,37.0,"white, non-hispanic","white, non-hispanic",,no (not latino or hispanic),white
2300541,63471,63471.0,63471.0,"$60,000 to $74,999",high school graduate - high school diploma or the equivalent (ged),"some college, no degree",i earned more,13,Middle,HS,Some college,2,3.0,Partner higher,,,,,27.0,"white, non-hispanic","white, non-hispanic","White, Non-Hispanic",no (not latino or hispanic),white
2301563,98693,,,"less than $5,000",high school graduate - high school diploma or the equivalent (ged),,,1,Low,HS,,2,,,,,,,,"black, non-hispanic","black, non-hispanic",,,
2302541,96255,96255.0,96255.0,"$25,000 to $29,999",high school graduate - high school diploma or the equivalent (ged),associate degree,partner earned more,8,Low,HS,Some college,2,3.0,Partner higher,,,,,29.0,hispanic,hispanic,Hispanic,"yes, other latino/hispanic",white
2303465,45359,45359.0,45359.0,"$40,000 to $49,999",bachelors degree,hs graduate or ged,i earned more,11,Middle,Bachelor's+,HS,4,2.0,Respondent higher,,,,,12.0,"white, non-hispanic",,,no (not latino or hispanic),white
2304511,19346,19346.0,19346.0,"$85,000 to $99,999","some college, no degree",hs graduate or ged,i earned more,15,High,Some college,HS,3,2.0,Respondent higher,,,,,20.0,"white, non-hispanic","white, non-hispanic","White, Non-Hispanic",no (not latino or hispanic),white
2305481,2275,2275.0,2275.0,"$100,000 to $124,999",associate degree,bachelor's degree,partner earned more,16,High,Some college,Bachelor's+,3,4.0,Partner higher,,,,,11.0,"white, non-hispanic","white, non-hispanic",,no (not latino or hispanic),white
2306401,84143,84143.0,84143.0,"$35,000 to $39,999","some college, no degree",associate degree,i earned more,10,Low,Some college,Some college,3,3.0,Same education level,,,,,,hispanic,hispanic,Hispanic,no (not latino or hispanic),white
2307264,41045,41045.0,41045.0,"$15,000 to $19,999","some college, no degree",11th grade,refused,6,Low,Some college,Less than HS,3,1.0,Respondent higher,no,we broke up,,,5.0,"white, non-hispanic","white, non-hispanic","White, Non-Hispanic",no (not latino or hispanic),white
2308205,15214,,,"$100,000 to $124,999","some college, no degree",,,16,High,Some college,,3,,,,,,,,"2+ races, non-hispanic","white, non-hispanic","2+ Races, Non-Hispanic",,
2309591,63304,63304.0,63304.0,"$100,000 to $124,999",masters degree,bachelor's degree,i earned more,16,High,Bachelor's+,Bachelor's+,4,4.0,Same education level,,,,,40.0,"white, non-hispanic","white, non-hispanic","White, Non-Hispanic",no (not latino or hispanic),white
2310431,15827,15827.0,15827.0,"$75,000 to $84,999",high school graduate - high school diploma or the equivalent (ged),"some college, no degree",partner earned more,14,High,HS,Some college,2,3.0,Partner higher,,,,,26.0,"white, non-hispanic","white, non-hispanic","White, Non-Hispanic",no (not latino or hispanic),white
2311205,93635,93635.0,93635.0,"$85,000 to $99,999","some college, no degree","some college, no degree",partner earned more,15,High,Some college,Some college,3,3.0,Same education level,no,we broke up,,,2.5,"black, non-hispanic","black, non-hispanic",,no (not latino or hispanic),black or african american
2312496,898,898.0,898.0,"$75,000 to $84,999",bachelors degree,bachelor's degree,partner earned more,14,High,Bachelor's+,Bachelor's+,4,4.0,Same education level,yes,,yes,,8.0,"white, non-hispanic","white, non-hispanic","White, Non-Hispanic",no (not latino or hispanic),white
2313395,5129,,,"$60,000 to $74,999","some college, no degree",,,13,Middle,Some college,,3,,,,,,,,"white, non-hispanic","white, non-hispanic","White, Non-Hispanic",,
2314732,49837,49837.0,49837.0,"$20,000 to $24,999",9th grade,hs graduate or ged,partner earned more,7,Low,Less than HS,HS,1,2.0,Partner higher,,,,,8.0,"white, non-hispanic","white, non-hispanic",,no (not latino or hispanic),white
2315792,103802,,,"less than $5,000",high school graduate - high school diploma or the equivalent (ged),,,1,Low,HS,,2,,,,,,,,"white, non-hispanic","white, non-hispanic",,,
2316703,23022,,,"$40,000 to $49,999",high school graduate - high school diploma or the equivalent (ged),,,11,Middle,HS,,2,,,,,,,,"2+ races, non-hispanic","white, non-hispanic","2+ Races, Non-Hispanic",,
2317486,31642,31642.0,31642.0,"$12,500 to $14,999",high school graduate - high school diploma or the equivalent (ged),"some college, no degree",i earned more,5,Low,HS,Some college,2,3.0,Partner higher,,,,,23.0,"white, non-hispanic","white, non-hispanic","White, Non-Hispanic",no (not latino or hispanic),white
2318566,7238,7238.0,7238.0,"$60,000 to $74,999","some college, no degree",associate degree,partner earned more,13,Middle,Some college,Some college,3,3.0,Same education level,,,yes,,20.0,"white, non-hispanic",,,no (not latino or hispanic),white
2321421,47227,47227.0,47227.0,"$125,000 to $149,999","some college, no degree","some college, no degree",i earned more,17,High,Some college,Some college,3,3.0,Same education level,,,,,24.0,"white, non-hispanic","white, non-hispanic","White, Non-Hispanic",no (not latino or hispanic),white
2322215,54679,54679.0,54679.0,"$50,000 to $59,999","some college, no degree","some college, no degree",partner earned more,12,Middle,Some college,Some college,3,3.0,Same education level,yes,,yes,,1.5,"white, non-hispanic","white, non-hispanic","White, Non-Hispanic",no (not latino or hispanic),white
2323671,53332,53332.0,53332.0,"$175,000 or more",bachelors degree,bachelor's degree,i earned more,19,High,Bachelor's+,Bachelor's+,4,4.0,Same education level,,,,,40.0,"white, non-hispanic","white, non-hispanic","White, Non-Hispanic",no (not latino or hispanic),white
2324415,214570,,,"$30,000 to $34,999",high school graduate - high school diploma or the equivalent (ged),,,9,Low,HS,,2,,,,,,,,hispanic,hispanic,Hispanic,,
2325475,30537,,,"$60,000 to $74,999",bachelors degree,,,13,Middle,Bachelor's+,,4,,,,,,,,"white, non-hispanic","white, non-hispanic","White, Non-Hispanic",,
2327642,34486,34486.0,34486.0,"$10,000 to $12,499",10th grade,"some college, no degree",i earned more,4,Low,Less than HS,Some college,1,3.0,Partner higher,,,,,47.0,"white, non-hispanic","white, non-hispanic","White, Non-Hispanic",no (not latino or hispanic),white
2328561,96460,96460.0,96460.0,"$10,000 to $12,499",11th grade,hs graduate or ged,i earned more,4,Low,Less than HS,HS,1,2.0,Partner higher,,,,,34.0,"white, non-hispanic","white, non-hispanic","White, Non-Hispanic",no (not latino or hispanic),white
2329802,54124,,,"$30,000 to $34,999","some college, no degree",,,9,Low,Some college,,3,,,,,,,,"white, non-hispanic","white, non-hispanic","White, Non-Hispanic",,
2330376,5671,5671.0,5671.0,"$60,000 to $74,999","some college, no degree","some college, no degree",partner earned more,13,Middle,Some college,Some college,3,3.0,Same education level,no,we broke up,,,4.0,"black, non-hispanic","black, non-hispanic","Black, Non-Hispanic",no (not latino or hispanic),black or african american
2332535,1372,,,"$50,000 to $59,999",bachelors degree,,,12,Middle,Bachelor's+,,4,,,,,,,,"white, non-hispanic","white, non-hispanic",,,
2333551,83003,83003.0,83003.0,"$125,000 to $149,999",high school graduate - high school diploma or the equivalent (ged),"some college, no degree",i earned more,17,High,HS,Some college,2,3.0,Partner higher,,,,,18.0,hispanic,hispanic,Hispanic,no (not latino or hispanic),white
2334456,57569,57569.0,57569.0,"$15,000 to $19,999",10th grade,hs graduate or ged,partner earned more,6,Low,Less than HS,HS,1,2.0,Partner higher,,,,,14.0,"black, non-hispanic","black, non-hispanic",,no (not latino or hispanic),black or african american
2335586,2187,2187.0,2187.0,"$85,000 to $99,999",bachelors degree,bachelor's degree,partner earned more,15,High,Bachelor's+,Bachelor's+,4,4.0,Same education level,yes,,yes,,16.0,"white, non-hispanic","white, non-hispanic","White, Non-Hispanic",no (not latino or hispanic),white
2336245,87978,,,"$50,000 to $59,999",bachelors degree,,,12,Middle,Bachelor's+,,4,,,,,,,,"black, non-hispanic","black, non-hispanic","Black, Non-Hispanic",,
2337554,51478,51478.0,51478.0,"$50,000 to $59,999","some college, no degree",hs graduate or ged,we earned about the same amount,12,Middle,Some college,HS,3,2.0,Respondent higher,,,,,37.0,"black, non-hispanic","black, non-hispanic",,no (not latino or hispanic),black or african american
2338195,62765,62765.0,62765.0,"$100,000 to $124,999","some college, no degree","some college, no degree",we earned about the same amount,16,High,Some college,Some college,3,3.0,Same education level,yes,,yes,,2.5,"white, non-hispanic","white, non-hispanic","White, Non-Hispanic",no (not latino or hispanic),white
2339381,25658,25658.0,25658.0,"$75,000 to $84,999",masters degree,"some college, no degree",i earned more,14,High,Bachelor's+,Some college,4,3.0,Respondent higher,,,,,9.0,"white, non-hispanic","white, non-hispanic","White, Non-Hispanic",no (not latino or hispanic),white
2340255,64132,,,"$50,000 to $59,999",associate degree,,,12,Middle,Some college,,3,,,,,,,,"white, non-hispanic","white, non-hispanic","White, Non-Hispanic",,
2342326,3816,3816.0,3816.0,"$10,000 to $12,499",masters degree,associate degree,i earned more,4,Low,Bachelor's+,Some college,4,3.0,Respondent higher,,,,,12.0,"white, non-hispanic","white, non-hispanic","White, Non-Hispanic",no (not latino or hispanic),white
2343271,57168,57168.0,57168.0,"$75,000 to $84,999",bachelors degree,bachelor's degree,partner earned more,14,High,Bachelor's+,Bachelor's+,4,4.0,Same education level,,,,,7.0,"white, non-hispanic","white, non-hispanic","White, Non-Hispanic",no (not latino or hispanic),white
2344281,14060,14060.0,14060.0,"$100,000 to $124,999",masters degree,professional or doctorate degree,i earned more,16,High,Bachelor's+,Bachelor's+,4,4.0,Same education level,,,,,5.0,"white, non-hispanic","white, non-hispanic","White, Non-Hispanic",no (not latino or hispanic),white
2346453,264379,,,"$35,000 to $39,999",high school graduate - high school diploma or the equivalent (ged),,,10,Low,HS,,2,,,,,,,,"white, non-hispanic","2+ races, non-hispanic","White, Non-Hispanic",,
2347261,43084,43084.0,43084.0,"$75,000 to $84,999",bachelors degree,hs graduate or ged,i earned more,14,High,Bachelor's+,HS,4,2.0,Respondent higher,,,,,11.0,"white, non-hispanic","white, non-hispanic","White, Non-Hispanic",no (not latino or hispanic),white
2348255,30711,,,"$100,000 to $124,999",bachelors degree,,,16,High,Bachelor's+,,4,,,,,,,,"white, non-hispanic","white, non-hispanic","White, Non-Hispanic",,
2349521,82922,82922.0,82922.0,"$5,000 to $7,499",associate degree,hs graduate or ged,partner earned more,2,Low,Some college,HS,3,2.0,Respondent higher,,,,,33.0,"white, non-hispanic","white, non-hispanic",,no (not latino or hispanic),white
2350195,38434,38434.0,38434.0,"$75,000 to $84,999","some college, no degree","some college, no degree",partner earned more,14,High,Some college,Some college,3,3.0,Same education level,yes,,,,0.45,"white, non-hispanic","white, non-hispanic","White, Non-Hispanic",no (not latino or hispanic),white
2352296,37510,37510.0,37510.0,"$60,000 to $74,999","some college, no degree",associate degree,i earned more,13,Middle,Some college,Some college,3,3.0,Same education level,yes,,yes,,12.0,hispanic,hispanic,Hispanic,no (not latino or hispanic),black or african american
2353373,25837,25837.0,25837.0,"$40,000 to $49,999",12th grade no diploma,associate degree,i earned more,11,Middle,Less than HS,Some college,1,3.0,Partner higher,yes,,no,We broke up,4.0,"black, non-hispanic","black, non-hispanic","Black, Non-Hispanic",no (not latino or hispanic),white
2354381,123999,123999.0,123999.0,"$20,000 to $24,999","some college, no degree",hs graduate or ged,i earned more,7,Low,Some college,HS,3,2.0,Respondent higher,,,,,13.0,"white, non-hispanic","white, non-hispanic","White, Non-Hispanic",no (not latino or hispanic),white
2355521,60402,60402.0,60402.0,"$50,000 to $59,999",high school graduate - high school diploma or the equivalent (ged),"some college, no degree",partner earned more,12,Middle,HS,Some college,2,3.0,Partner higher,,,,,13.0,"white, non-hispanic","white, non-hispanic","White, Non-Hispanic",no (not latino or hispanic),white
2356606,522,522.0,522.0,"$150,000 to $174,999",masters degree,master's degree,partner earned more,18,High,Bachelor's+,Bachelor's+,4,4.0,Same education level,yes,,yes,,14.0,"2+ races, non-hispanic","2+ races, non-hispanic","2+ Races, Non-Hispanic",no (not latino or hispanic),white
2357772,175144,,,"$35,000 to $39,999",high school graduate - high school diploma or the equivalent (ged),,,10,Low,HS,,2,,,,,,,,"white, non-hispanic","white, non-hispanic",,,
2358331,105751,105751.0,105751.0,"$125,000 to $149,999",bachelors degree,"some college, no degree",i earned more,17,High,Bachelor's+,Some college,4,3.0,Respondent higher,,,,,10.0,"white, non-hispanic","white, non-hispanic","White, Non-Hispanic",no (not latino or hispanic),white
2359435,44905,,,"$85,000 to $99,999",high school graduate - high school diploma or the equivalent (ged),,,15,High,HS,,2,,,,,,,,"white, non-hispanic","white, non-hispanic","White, Non-Hispanic",,
2361411,19670,19670.0,19670.0,"$85,000 to $99,999",masters degree,hs graduate or ged,we earned about the same amount,15,High,Bachelor's+,HS,4,2.0,Respondent higher,,,,,7.0,"2+ races, non-hispanic","white, non-hispanic","2+ Races, Non-Hispanic",no (not latino or hispanic),white
2362215,61959,,,"$150,000 to $174,999","some college, no degree",,,18,High,Some college,,3,,,,,,,,"white, non-hispanic","white, non-hispanic","White, Non-Hispanic",,
2363391,96397,96397.0,96397.0,"$85,000 to $99,999",bachelors degree,"some college, no degree",i earned more,15,High,Bachelor's+,Some college,4,3.0,Respondent higher,,,,,13.0,hispanic,hispanic,,no (not latino or hispanic),white
2364441,41890,41890.0,41890.0,"$175,000 or more",professional or doctorate degree,master's degree,we earned about the same amount,19,High,Bachelor's+,Bachelor's+,4,4.0,Same education level,,,,,4.0,"white, non-hispanic","white, non-hispanic","White, Non-Hispanic",no (not latino or hispanic),white
2365386,2609,2609.0,2609.0,"$125,000 to $149,999",professional or doctorate degree,professional or doctorate degree,i earned more,17,High,Bachelor's+,Bachelor's+,4,4.0,Same education level,yes,,,,9.0,"white, non-hispanic","white, non-hispanic","White, Non-Hispanic",no (not latino or hispanic),black or african american
2366361,246688,246688.0,246688.0,"$60,000 to $74,999",professional or doctorate degree,bachelor's degree,i earned more,13,Middle,Bachelor's+,Bachelor's+,4,4.0,Same education level,,,,,9.0,"white, non-hispanic","white, non-hispanic","White, Non-Hispanic",no (not latino or hispanic),white
2367561,99358,99358.0,99358.0,"$50,000 to $59,999",high school graduate - high school diploma or the equivalent (ged),"some college, no degree",partner earned more,12,Middle,HS,Some college,2,3.0,Partner higher,,,,,38.0,"white, non-hispanic","white, non-hispanic","White, Non-Hispanic",no (not latino or hispanic),white
2368446,34778,34778.0,34778.0,"$85,000 to $99,999","some college, no degree","some college, no degree",i earned more,15,High,Some college,Some college,3,3.0,Same education level,yes,,yes,,9.0,"white, non-hispanic","white, non-hispanic",,no (not latino or hispanic),white
2369221,48088,,,"$60,000 to $74,999","some college, no degree",,,13,Middle,Some college,,3,,,,,,,,"white, non-hispanic","white, non-hispanic","White, Non-Hispanic",,
2370396,2924,2924.0,2924.0,"$60,000 to $74,999",masters degree,"some college, no degree",i earned more,13,Middle,Bachelor's+,Some college,4,3.0,Respondent higher,yes,,yes,,16.0,"white, non-hispanic","white, non-hispanic","White, Non-Hispanic",no (not latino or hispanic),white
2371312,3265,3265.0,3265.0,"$35,000 to $39,999",masters degree,hs graduate or ged,partner earned more,10,Low,Bachelor's+,HS,4,2.0,Respondent higher,no,we broke up,,,1.5,"black, non-hispanic","black, non-hispanic","Black, Non-Hispanic",no (not latino or hispanic),black or african american
2372802,13197,13197.0,13197.0,"$20,000 to $24,999","some college, no degree",hs graduate or ged,partner earned more,7,Low,Some college,HS,3,2.0,Respondent higher,,,,,33.0,"2+ races, non-hispanic","2+ races, non-hispanic","2+ Races, Non-Hispanic",no (not latino or hispanic),black or african american
2373376,3639,3639.0,3639.0,"$25,000 to $29,999",bachelors degree,associate degree,i earned more,8,Low,Bachelor's+,Some college,4,3.0,Respondent higher,,,yes,,4.0,"white, non-hispanic","white, non-hispanic",,"yes, other latino/hispanic",white
2374284,44563,44563.0,44563.0,"$40,000 to $49,999","some college, no degree",hs graduate or ged,partner earned more,11,Middle,Some college,HS,3,2.0,Respondent higher,yes,,yes,,1.5,"black, non-hispanic","black, non-hispanic","Black, Non-Hispanic",no (not latino or hispanic),asian or pacific islander
2375675,65643,,,"$15,000 to $19,999","some college, no degree",,,6,Low,Some college,,3,,,,,,,,"black, non-hispanic",,,,
2376421,11400,11400.0,11400.0,"$60,000 to $74,999",high school graduate - high school diploma or the equivalent (ged),hs graduate or ged,we earned about the same amount,13,Middle,HS,HS,2,2.0,Same education level,,,,,24.0,"2+ races, non-hispanic","white, non-hispanic",,no (not latino or hispanic),white
2377541,3546,3546.0,3546.0,"$50,000 to $59,999",bachelors degree,"some college, no degree",partner earned more,12,Middle,Bachelor's+,Some college,4,3.0,Respondent higher,,,,,21.0,"white, non-hispanic","white, non-hispanic","White, Non-Hispanic",no (not latino or hispanic),white
2378225,95442,,,"$85,000 to $99,999",high school graduate - high school diploma or the equivalent (ged),,,15,High,HS,,2,,,,,,,,hispanic,hispanic,Hispanic,,
2379611,25051,25051.0,25051.0,"$40,000 to $49,999",12th grade no diploma,10th grade,partner earned more,11,Middle,Less than HS,Less than HS,1,1.0,Same education level,,,,,14.0,"white, non-hispanic","white, non-hispanic",,no (not latino or hispanic),white
2380466,21558,21558.0,21558.0,"$5,000 to $7,499",high school graduate - high school diploma or the equivalent (ged),"some college, no degree",partner earned more,2,Low,HS,Some college,2,3.0,Partner higher,yes,,,,7.0,"2+ races, non-hispanic","other, non-hispanic",,no (not latino or hispanic),white
2381381,24338,24338.0,24338.0,"$60,000 to $74,999","some college, no degree","some college, no degree",i earned more,13,Middle,Some college,Some college,3,3.0,Same education level,,,,,16.0,"white, non-hispanic","white, non-hispanic","White, Non-Hispanic",no (not latino or hispanic),white
2382301,37249,37249.0,37249.0,"$60,000 to $74,999",bachelors degree,"some college, no degree",partner earned more,13,Middle,Bachelor's+,Some college,4,3.0,Respondent higher,,,,,11.0,"white, non-hispanic","white, non-hispanic","White, Non-Hispanic",no (not latino or hispanic),white
2383235,67584,,,"$100,000 to $124,999",associate degree,,,16,High,Some college,,3,,,,,,,,"white, non-hispanic","white, non-hispanic","White, Non-Hispanic",,
2386565,46722,,,"$7,500 to $9,999","some college, no degree",,,3,Low,Some college,,3,,,,,,,,hispanic,hispanic,,,
2387473,50347,,,"$60,000 to $74,999",high school graduate - high school diploma or the equivalent (ged),,,13,Middle,HS,,2,,,,,,,,"white, non-hispanic","white, non-hispanic",,,
2388281,156810,156810.0,156810.0,"$60,000 to $74,999",associate degree,"some college, no degree",partner earned more,13,Middle,Some college,Some college,3,3.0,Same education level,,,,,5.0,"other, non-hispanic","other, non-hispanic","Other, Non-Hispanic",no (not latino or hispanic),asian or pacific islander
2389501,3244,3244.0,3244.0,"$75,000 to $84,999",bachelors degree,"some college, no degree",i earned more,14,High,Bachelor's+,Some college,4,3.0,Respondent higher,,,,,8.0,"white, non-hispanic","white, non-hispanic","White, Non-Hispanic",no (not latino or hispanic),white
2390491,41453,41453.0,41453.0,"$85,000 to $99,999",high school graduate - high school diploma or the equivalent (ged),bachelor's degree,partner earned more,15,High,HS,Bachelor's+,2,4.0,Partner higher,,,,,20.0,"white, non-hispanic","white, non-hispanic","White, Non-Hispanic",no (not latino or hispanic),white
2391402,140984,,,"$20,000 to $24,999",high school graduate - high school diploma or the equivalent (ged),,,7,Low,HS,,2,,,,,,,,"white, non-hispanic","white, non-hispanic","White, Non-Hispanic",,
2392722,38864,,,"$7,500 to $9,999",high school graduate - high school diploma or the equivalent (ged),,,3,Low,HS,,2,,,,,,,,"white, non-hispanic",,,,
2393341,46988,46988.0,46988.0,"$100,000 to $124,999",bachelors degree,bachelor's degree,partner earned more,16,High,Bachelor's+,Bachelor's+,4,4.0,Same education level,,,,,8.0,"white, non-hispanic","white, non-hispanic","White, Non-Hispanic",no (not latino or hispanic),white
2394813,42315,42315.0,42315.0,"$40,000 to $49,999",bachelors degree,bachelor's degree,partner earned more,11,Middle,Bachelor's+,Bachelor's+,4,4.0,Same education level,,,,,,"black, non-hispanic","black, non-hispanic","Black, Non-Hispanic",no (not latino or hispanic),black or african american
2395381,66017,66017.0,66017.0,"$25,000 to $29,999",bachelors degree,associate degree,i earned more,8,Low,Bachelor's+,Some college,4,3.0,Respondent higher,,,,,10.0,"white, non-hispanic","white, non-hispanic","White, Non-Hispanic",no (not latino or hispanic),asian or pacific islander
2396475,17404,,,"$40,000 to $49,999",associate degree,,,11,Middle,Some college,,3,,,,,,,,"2+ races, non-hispanic","black, non-hispanic","2+ Races, Non-Hispanic",,
2397281,29524,29524.0,29524.0,"$75,000 to $84,999",bachelors degree,master's degree,partner earned more,14,High,Bachelor's+,Bachelor's+,4,4.0,Same education level,,,,,10.0,"white, non-hispanic","white, non-hispanic","White, Non-Hispanic",no (not latino or hispanic),white
2398492,4582,4582.0,4582.0,"$100,000 to $124,999","some college, no degree",hs graduate or ged,i earned more,16,High,Some college,HS,3,2.0,Respondent higher,yes,,yes,,4.0,"white, non-hispanic","white, non-hispanic","White, Non-Hispanic",no (not latino or hispanic),white
2401544,17954,17954.0,17954.0,"$10,000 to $12,499","some college, no degree",7th or 8th grade,partner earned more,4,Low,Some college,Less than HS,3,1.0,Respondent higher,,,,,20.0,"2+ races, non-hispanic","black, non-hispanic",,no (not latino or hispanic),white
2402351,65420,65420.0,65420.0,"$85,000 to $99,999",masters degree,master's degree,i earned more,15,High,Bachelor's+,Bachelor's+,4,4.0,Same education level,,,,,14.0,"white, non-hispanic","white, non-hispanic","White, Non-Hispanic",no (not latino or hispanic),white
2403491,72166,72166.0,72166.0,"$60,000 to $74,999",associate degree,professional or doctorate degree,partner earned more,13,Middle,Some college,Bachelor's+,3,4.0,Partner higher,,,,,14.0,"white, non-hispanic","other, non-hispanic",,no (not latino or hispanic),other (please specify)
2404445,11400,,,"$15,000 to $19,999","some college, no degree",,,6,Low,Some college,,3,,,,,,,,"2+ races, non-hispanic","2+ races, non-hispanic",,,
2405331,56756,56756.0,56756.0,"$60,000 to $74,999",bachelors degree,master's degree,partner earned more,13,Middle,Bachelor's+,Bachelor's+,4,4.0,Same education level,,,,,9.0,"white, non-hispanic","white, non-hispanic","White, Non-Hispanic",no (not latino or hispanic),white
2406541,71328,71328.0,71328.0,"$40,000 to $49,999",high school graduate - high school diploma or the equivalent (ged),hs graduate or ged,partner earned more,11,Middle,HS,HS,2,2.0,Same education level,,,,,23.0,"white, non-hispanic","white, non-hispanic","White, Non-Hispanic",no (not latino or hispanic),white
2408506,118251,118251.0,118251.0,"$10,000 to $12,499",high school graduate - high school diploma or the equivalent (ged),"some college, no degree",we earned about the same amount,4,Low,HS,Some college,2,3.0,Partner higher,,,,,32.0,"black, non-hispanic",,"Black, Non-Hispanic",no (not latino or hispanic),black or african american
2409671,55108,55108.0,55108.0,"$60,000 to $74,999",high school graduate - high school diploma or the equivalent (ged),bachelor's degree,i earned more,13,Middle,HS,Bachelor's+,2,4.0,Partner higher,,,,,47.0,"white, non-hispanic","white, non-hispanic",,no (not latino or hispanic),white
2411356,3548,,,"$75,000 to $84,999","some college, no degree",,,14,High,Some college,,3,,,,,,,,"white, non-hispanic","white, non-hispanic","White, Non-Hispanic",,
2412491,28525,28525.0,28525.0,"$60,000 to $74,999",high school graduate - high school diploma or the equivalent (ged),"some college, no degree",we earned about the same amount,13,Middle,HS,Some college,2,3.0,Partner higher,,,,,23.0,"white, non-hispanic","white, non-hispanic",,"yes, mexican, mexican american, chicano",white
2413411,73281,73281.0,73281.0,"$150,000 to $174,999",professional or doctorate degree,professional or doctorate degree,i earned more,18,High,Bachelor's+,Bachelor's+,4,4.0,Same education level,,,,,15.0,"white, non-hispanic","white, non-hispanic",,no (not latino or hispanic),white
2414511,78391,78391.0,78391.0,"$20,000 to $24,999",11th grade,"some college, no degree",i earned more,7,Low,Less than HS,Some college,1,3.0,Partner higher,,,,,13.0,"white, non-hispanic",,,no (not latino or hispanic),white
2416571,48068,48068.0,48068.0,"$125,000 to $149,999",bachelors degree,master's degree,i earned more,17,High,Bachelor's+,Bachelor's+,4,4.0,Same education level,,,,,37.0,"white, non-hispanic",,,no (not latino or hispanic),white
2418245,44232,,,"$35,000 to $39,999","some college, no degree",,,10,Low,Some college,,3,,,,,,,,"white, non-hispanic","white, non-hispanic",,,
2419605,61059,,,"$35,000 to $39,999",masters degree,,,10,Low,Bachelor's+,,4,,,,,,,,"white, non-hispanic","white, non-hispanic","White, Non-Hispanic",,
2420475,47724,,,"$5,000 to $7,499",professional or doctorate degree,,,2,Low,Bachelor's+,,4,,,,,,,,"2+ races, non-hispanic","2+ races, non-hispanic",,,
2421673,81571,,,"$15,000 to $19,999",high school graduate - high school diploma or the equivalent (ged),,,6,Low,HS,,2,,,,,,,,"white, non-hispanic","white, non-hispanic",,,
2422533,46317,46317.0,46317.0,"$75,000 to $84,999",masters degree,bachelor's degree,i earned more,14,High,Bachelor's+,Bachelor's+,4,4.0,Same education level,no,we broke up,,,0.05,"white, non-hispanic","white, non-hispanic",,no (not latino or hispanic),white
2423613,57486,57486.0,57486.0,"$60,000 to $74,999","some college, no degree",master's degree,i earned more,13,Middle,Some college,Bachelor's+,3,4.0,Partner higher,yes,,no,We broke up,4.0,"white, non-hispanic","white, non-hispanic","White, Non-Hispanic",no (not latino or hispanic),white
2425596,40259,40259.0,40259.0,"$100,000 to $124,999",12th grade no diploma,hs graduate or ged,partner earned more,16,High,Less than HS,HS,1,2.0,Partner higher,,,,,11.0,"white, non-hispanic","white, non-hispanic",,no (not latino or hispanic),white
2427431,67333,67333.0,67333.0,"$60,000 to $74,999",bachelors degree,associate degree,i earned more,13,Middle,Bachelor's+,Some college,4,3.0,Respondent higher,,,,,14.0,"white, non-hispanic","white, non-hispanic","White, Non-Hispanic",no (not latino or hispanic),white
2428344,69731,69731.0,69731.0,"$35,000 to $39,999","some college, no degree",hs graduate or ged,i earned more,10,Low,Some college,HS,3,2.0,Respondent higher,,,no,We broke up,6.0,hispanic,hispanic,,"yes, puerto rican",other (please specify)
2429371,35662,35662.0,35662.0,"$25,000 to $29,999",high school graduate - high school diploma or the equivalent (ged),10th grade,partner earned more,8,Low,HS,Less than HS,2,1.0,Respondent higher,,,,,16.0,"white, non-hispanic","white, non-hispanic","White, Non-Hispanic",no (not latino or hispanic),white
2430446,8973,8973.0,8973.0,"$85,000 to $99,999","some college, no degree",bachelor's degree,partner earned more,15,High,Some college,Bachelor's+,3,4.0,Partner higher,yes,,yes,,12.0,"white, non-hispanic","white, non-hispanic","White, Non-Hispanic",no (not latino or hispanic),white
2431491,67034,67034.0,67034.0,"$40,000 to $49,999",high school graduate - high school diploma or the equivalent (ged),bachelor's degree,partner earned more,11,Middle,HS,Bachelor's+,2,4.0,Partner higher,,,,,24.0,"black, non-hispanic",,,no (not latino or hispanic),black or african american
2432195,86736,,,"$175,000 or more","some college, no degree",,,19,High,Some college,,3,,,,,,,,"white, non-hispanic","white, non-hispanic","White, Non-Hispanic",,
2433651,126838,126838.0,126838.0,"$50,000 to $59,999",12th grade no diploma,12th grade no diploma,partner earned more,12,Middle,Less than HS,Less than HS,1,1.0,Same education level,,,,,25.0,"black, non-hispanic","black, non-hispanic","Black, Non-Hispanic","yes, other latino/hispanic",black or african american
2434421,1281,1281.0,1281.0,"$100,000 to $124,999",bachelors degree,bachelor's degree,i earned more,16,High,Bachelor's+,Bachelor's+,4,4.0,Same education level,,,,,6.0,"2+ races, non-hispanic","white, non-hispanic","White, Non-Hispanic",no (not latino or hispanic),white
2435561,3434,3434.0,3434.0,"$75,000 to $84,999",associate degree,associate degree,i earned more,14,High,Some college,Some college,3,3.0,Same education level,,,,,33.0,"white, non-hispanic","other, non-hispanic",,no (not latino or hispanic),white
2436532,39865,,,"$50,000 to $59,999",bachelors degree,,,12,Middle,Bachelor's+,,4,,,,,,,,"white, non-hispanic","white, non-hispanic","White, Non-Hispanic",,
2437651,46496,46496.0,46496.0,"$20,000 to $24,999","some college, no degree",hs graduate or ged,i earned more,7,Low,Some college,HS,3,2.0,Respondent higher,,,,,45.0,"white, non-hispanic","white, non-hispanic",,no (not latino or hispanic),white
2438411,70143,70143.0,70143.0,"$30,000 to $34,999",high school graduate - high school diploma or the equivalent (ged),10th grade,i earned more,9,Low,HS,Less than HS,2,1.0,Respondent higher,,,,,4.0,"white, non-hispanic",,,no (not latino or hispanic),white
2439205,93692,93692.0,93692.0,"$50,000 to $59,999",high school graduate - high school diploma or the equivalent (ged),hs graduate or ged,we earned about the same amount,12,Middle,HS,HS,2,2.0,Same education level,yes,,yes,,0.15,"white, non-hispanic","white, non-hispanic","White, Non-Hispanic",no (not latino or hispanic),white
2440651,23773,23773.0,23773.0,"$60,000 to $74,999",7th or 8th grade,9th grade,i earned more,13,Middle,Less than HS,Less than HS,1,1.0,Same education level,,,,,28.0,"white, non-hispanic","white, non-hispanic","White, Non-Hispanic",no (not latino or hispanic),white
2441515,59132,,,"$15,000 to $19,999","some college, no degree",,,6,Low,Some college,,3,,,,,,,,"white, non-hispanic","white, non-hispanic",,,
2442581,57020,57020.0,57020.0,"$50,000 to $59,999",associate degree,hs graduate or ged,we earned about the same amount,12,Middle,Some college,HS,3,2.0,Respondent higher,,,,,44.0,"white, non-hispanic","white, non-hispanic",,no (not latino or hispanic),white
2443653,113426,,,"$15,000 to $19,999",high school graduate - high school diploma or the equivalent (ged),,,6,Low,HS,,2,,,,,,,,"black, non-hispanic",,,,
2445575,1450,,,"$40,000 to $49,999",bachelors degree,,,11,Middle,Bachelor's+,,4,,,,,,,,"white, non-hispanic",,,,
2448445,61886,,,"$85,000 to $99,999","some college, no degree",,,15,High,Some college,,3,,,,,,,,"white, non-hispanic","white, non-hispanic","White, Non-Hispanic",,
2449225,52259,52259.0,52259.0,"$40,000 to $49,999","some college, no degree",hs graduate or ged,partner earned more,11,Middle,Some college,HS,3,2.0,Respondent higher,yes,,yes,,4.0,"white, non-hispanic","white, non-hispanic","White, Non-Hispanic",no (not latino or hispanic),white
2451281,73061,73061.0,73061.0,"$60,000 to $74,999",bachelors degree,bachelor's degree,partner earned more,13,Middle,Bachelor's+,Bachelor's+,4,4.0,Same education level,,,,,10.0,"white, non-hispanic","white, non-hispanic",,no (not latino or hispanic),white
2453455,11782,11782.0,11782.0,"$30,000 to $34,999",high school graduate - high school diploma or the equivalent (ged),master's degree,partner earned more,9,Low,HS,Bachelor's+,2,4.0,Partner higher,,,,,1.5,"white, non-hispanic","white, non-hispanic","White, Non-Hispanic",no (not latino or hispanic),black or african american
2457561,36097,36097.0,36097.0,"$60,000 to $74,999","some college, no degree",hs graduate or ged,i earned more,13,Middle,Some college,HS,3,2.0,Respondent higher,,,,,30.0,"white, non-hispanic","white, non-hispanic",,no (not latino or hispanic),white
2459583,36360,,,"$60,000 to $74,999","some college, no degree",,,13,Middle,Some college,,3,,,,,,,,"white, non-hispanic","white, non-hispanic",,,
2460536,33038,33038.0,33038.0,"$85,000 to $99,999",bachelors degree,bachelor's degree,i earned more,15,High,Bachelor's+,Bachelor's+,4,4.0,Same education level,,,,,1.5,hispanic,hispanic,Hispanic,no (not latino or hispanic),white
2461521,41783,41783.0,41783.0,"$175,000 or more",bachelors degree,master's degree,we earned about the same amount,19,High,Bachelor's+,Bachelor's+,4,4.0,Same education level,,,,,26.0,"white, non-hispanic","white, non-hispanic","White, Non-Hispanic",no (not latino or hispanic),white
2462533,251360,251360.0,251360.0,"$7,500 to $9,999",12th grade no diploma,7th or 8th grade,i earned more,3,Low,Less than HS,Less than HS,1,1.0,Same education level,yes,,yes,,0.75,"other, non-hispanic","2+ races, non-hispanic","2+ Races, Non-Hispanic",no (not latino or hispanic),white
2463495,87110,87110.0,87110.0,"$25,000 to $29,999","some college, no degree",12th grade no diploma,i earned more,8,Low,Some college,Less than HS,3,1.0,Respondent higher,no,we broke up,,,8.0,"black, non-hispanic","black, non-hispanic",,"yes, mexican, mexican american, chicano",black or african american
2464481,19151,19151.0,19151.0,"$40,000 to $49,999","some college, no degree","some college, no degree",partner earned more,11,Middle,Some college,Some college,3,3.0,Same education level,,,,,8.0,"white, non-hispanic","white, non-hispanic",,no (not latino or hispanic),white
2465606,6440,6440.0,6440.0,"$50,000 to $59,999",professional or doctorate degree,hs graduate or ged,i earned more,12,Middle,Bachelor's+,HS,4,2.0,Respondent higher,yes,,yes,,10.0,"black, non-hispanic","black, non-hispanic","Black, Non-Hispanic",no (not latino or hispanic),black or african american
2466445,139267,139267.0,139267.0,"$25,000 to $29,999",high school graduate - high school diploma or the equivalent (ged),master's degree,partner earned more,8,Low,HS,Bachelor's+,2,4.0,Partner higher,,,,,20.0,"black, non-hispanic","black, non-hispanic",,no (not latino or hispanic),black or african american
2468481,121103,121103.0,121103.0,"$60,000 to $74,999",high school graduate - high school diploma or the equivalent (ged),associate degree,i earned more,13,Middle,HS,Some college,2,3.0,Partner higher,,,,,22.0,"black, non-hispanic","black, non-hispanic","Black, Non-Hispanic",no (not latino or hispanic),black or african american
2469285,60722,,,"$75,000 to $84,999","some college, no degree",,,14,High,Some college,,3,,,,,,,,"white, non-hispanic","white, non-hispanic","White, Non-Hispanic",,
2470335,61613,61613.0,61613.0,"$35,000 to $39,999",bachelors degree,bachelor's degree,i earned more,10,Low,Bachelor's+,Bachelor's+,4,4.0,Same education level,yes,,,,1.5,"white, non-hispanic","white, non-hispanic","White, Non-Hispanic",no (not latino or hispanic),white
2471586,264379,264379.0,264379.0,"$50,000 to $59,999","some college, no degree","some college, no degree",i earned more,12,Middle,Some college,Some college,3,3.0,Same education level,yes,,yes,,,"white, non-hispanic","white, non-hispanic","White, Non-Hispanic",no (not latino or hispanic),white
2472495,31476,31476.0,31476.0,"$30,000 to $34,999",bachelors degree,bachelor's degree,partner earned more,9,Low,Bachelor's+,Bachelor's+,4,4.0,Same education level,yes,,yes,,0.75,"white, non-hispanic","white, non-hispanic","White, Non-Hispanic",no (not latino or hispanic),white
2473591,3403,3403.0,3403.0,"$35,000 to $39,999",associate degree,"some college, no degree",i earned more,10,Low,Some college,Some college,3,3.0,Same education level,,,,,10.0,"black, non-hispanic","black, non-hispanic","Black, Non-Hispanic",no (not latino or hispanic),black or african american
2475455,58154,,,"$40,000 to $49,999","some college, no degree",,,11,Middle,Some college,,3,,,,,,,,"white, non-hispanic","white, non-hispanic",,,
2476633,40476,,,"$30,000 to $34,999","some college, no degree",,,9,Low,Some college,,3,,,,,,,,"white, non-hispanic","white, non-hispanic","White, Non-Hispanic",,
2477722,97946,,,"$12,500 to $14,999",12th grade no diploma,,,5,Low,Less than HS,,1,,,,,,,,"white, non-hispanic","white, non-hispanic","White, Non-Hispanic",,
2478401,32858,32858.0,32858.0,"$60,000 to $74,999",bachelors degree,bachelor's degree,i earned more,13,Middle,Bachelor's+,Bachelor's+,4,4.0,Same education level,,,,,19.0,"white, non-hispanic","white, non-hispanic","White, Non-Hispanic",no (not latino or hispanic),white
2479313,54546,54546.0,54546.0,"$125,000 to $149,999",high school graduate - high school diploma or the equivalent (ged),bachelor's degree,partner earned more,17,High,HS,Bachelor's+,2,4.0,Partner higher,yes,,yes,,5.0,"white, non-hispanic","white, non-hispanic","White, Non-Hispanic",no (not latino or hispanic),white
2480586,1695,1695.0,1695.0,"$175,000 or more",associate degree,bachelor's degree,we earned about the same amount,19,High,Some college,Bachelor's+,3,4.0,Partner higher,yes,,yes,,21.0,"white, non-hispanic","white, non-hispanic","White, Non-Hispanic",no (not latino or hispanic),white
2482586,5378,5378.0,5378.0,"$85,000 to $99,999",masters degree,bachelor's degree,i earned more,15,High,Bachelor's+,Bachelor's+,4,4.0,Same education level,yes,,,,16.0,"white, non-hispanic","white, non-hispanic","White, Non-Hispanic",no (not latino or hispanic),white
2483563,1970,1970.0,1970.0,"$60,000 to $74,999",bachelors degree,"some college, no degree",i earned more,13,Middle,Bachelor's+,Some college,4,3.0,Respondent higher,yes,,,,18.0,"white, non-hispanic","white, non-hispanic",,no (not latino or hispanic),white
2484525,129444,,,"$100,000 to $124,999",masters degree,,,16,High,Bachelor's+,,4,,,,,,,,"white, non-hispanic","white, non-hispanic","White, Non-Hispanic",,
2485465,40524,40524.0,40524.0,"$40,000 to $49,999",high school graduate - high school diploma or the equivalent (ged),hs graduate or ged,partner earned more,11,Middle,HS,HS,2,2.0,Same education level,yes,,yes,,2.5,"white, non-hispanic","white, non-hispanic","White, Non-Hispanic",no (not latino or hispanic),white
2486245,54876,54876.0,54876.0,"$60,000 to $74,999","some college, no degree","some college, no degree",partner earned more,13,Middle,Some college,Some college,3,3.0,Same education level,yes,,yes,,1.5,"white, non-hispanic","white, non-hispanic","White, Non-Hispanic",no (not latino or hispanic),white
2487583,76967,76967.0,76967.0,"$175,000 or more",high school graduate - high school diploma or the equivalent (ged),12th grade no diploma,partner earned more,19,High,HS,Less than HS,2,1.0,Respondent higher,yes,,yes,,8.0,"white, non-hispanic","white, non-hispanic","White, Non-Hispanic",no (not latino or hispanic),white
2488453,26299,26299.0,26299.0,"less than $5,000","some college, no degree",hs graduate or ged,partner earned more,1,Low,Some college,HS,3,2.0,Respondent higher,yes,,yes,,13.0,"2+ races, non-hispanic","2+ races, non-hispanic","2+ Races, Non-Hispanic",no (not latino or hispanic),white
2489561,232201,232201.0,232201.0,"$85,000 to $99,999","some college, no degree",hs graduate or ged,i earned more,15,High,Some college,HS,3,2.0,Respondent higher,,,,,21.0,"white, non-hispanic","white, non-hispanic",,no (not latino or hispanic),white
2490501,42278,42278.0,42278.0,"$35,000 to $39,999",high school graduate - high school diploma or the equivalent (ged),bachelor's degree,we earned about the same amount,10,Low,HS,Bachelor's+,2,4.0,Partner higher,,,,,27.0,"black, non-hispanic","black, non-hispanic","Black, Non-Hispanic",no (not latino or hispanic),black or african american
2491261,99766,99766.0,99766.0,"$35,000 to $39,999",high school graduate - high school diploma or the equivalent (ged),hs graduate or ged,partner earned more,10,Low,HS,HS,2,2.0,Same education level,,,,,10.0,"white, non-hispanic","white, non-hispanic","White, Non-Hispanic",no (not latino or hispanic),white
2492401,40982,40982.0,40982.0,"$100,000 to $124,999",bachelors degree,bachelor's degree,i earned more,16,High,Bachelor's+,Bachelor's+,4,4.0,Same education level,,,,,14.0,"white, non-hispanic","white, non-hispanic","White, Non-Hispanic",no (not latino or hispanic),white
2494291,60171,60171.0,60171.0,"$85,000 to $99,999",bachelors degree,"some college, no degree",i earned more,15,High,Bachelor's+,Some college,4,3.0,Respondent higher,,,,,5.0,"white, non-hispanic","white, non-hispanic",,no (not latino or hispanic),white
2496271,58799,58799.0,58799.0,"$35,000 to $39,999",bachelors degree,bachelor's degree,i earned more,10,Low,Bachelor's+,Bachelor's+,4,4.0,Same education level,,,,,8.0,"white, non-hispanic","white, non-hispanic","White, Non-Hispanic",no (not latino or hispanic),white
2497286,64696,64696.0,64696.0,"$50,000 to $59,999",bachelors degree,"some college, no degree",i earned more,12,Middle,Bachelor's+,Some college,4,3.0,Respondent higher,,,no,We broke up,4.0,"white, non-hispanic",,"White, Non-Hispanic",no (not latino or hispanic),black or african american
2499671,58476,58476.0,58476.0,"$175,000 or more",associate degree,bachelor's degree,partner earned more,19,High,Some college,Bachelor's+,3,4.0,Partner higher,,,,,54.0,"white, non-hispanic","white, non-hispanic","White, Non-Hispanic",no (not latino or hispanic),white
2500281,175170,175170.0,175170.0,"$40,000 to $49,999",bachelors degree,"some college, no degree",i earned more,11,Middle,Bachelor's+,Some college,4,3.0,Respondent higher,,,,,4.0,"black, non-hispanic","black, non-hispanic","Black, Non-Hispanic",no (not latino or hispanic),black or african american
2501285,59029,59029.0,59029.0,"$60,000 to $74,999",bachelors degree,bachelor's degree,partner earned more,13,Middle,Bachelor's+,Bachelor's+,4,4.0,Same education level,yes,,,,4.0,"white, non-hispanic","white, non-hispanic",,no (not latino or hispanic),white
2502671,264379,264379.0,264379.0,"$85,000 to $99,999",9th grade,hs graduate or ged,i earned more,15,High,Less than HS,HS,1,2.0,Partner higher,,,,,49.0,"white, non-hispanic","white, non-hispanic",,no (not latino or hispanic),white
2503411,92045,92045.0,92045.0,"$40,000 to $49,999",high school graduate - high school diploma or the equivalent (ged),associate degree,partner earned more,11,Middle,HS,Some college,2,3.0,Partner higher,,,,,21.0,hispanic,hispanic,,"yes, other latino/hispanic",other (please specify)
2504476,2292,2292.0,2292.0,"$85,000 to $99,999",professional or doctorate degree,professional or doctorate degree,i earned more,15,High,Bachelor's+,Bachelor's+,4,4.0,Same education level,yes,,yes,,13.0,"white, non-hispanic","white, non-hispanic","White, Non-Hispanic",no (not latino or hispanic),white
2505436,3414,3414.0,3414.0,"$60,000 to $74,999",masters degree,master's degree,partner earned more,13,Middle,Bachelor's+,Bachelor's+,4,4.0,Same education level,yes,,yes,,21.0,"white, non-hispanic","white, non-hispanic","White, Non-Hispanic",no (not latino or hispanic),white
2506506,29174,29174.0,29174.0,"$150,000 to $174,999",professional or doctorate degree,professional or doctorate degree,we earned about the same amount,18,High,Bachelor's+,Bachelor's+,4,4.0,Same education level,yes,,yes,,17.0,"white, non-hispanic","white, non-hispanic","White, Non-Hispanic",no (not latino or hispanic),white
2507563,1881,1881.0,1881.0,"$35,000 to $39,999",masters degree,master's degree,partner earned more,10,Low,Bachelor's+,Bachelor's+,4,4.0,Same education level,,,,,36.0,"white, non-hispanic","white, non-hispanic",,no (not latino or hispanic),white
2508414,26880,26880.0,26880.0,"$60,000 to $74,999",bachelors degree,associate degree,we earned about the same amount,13,Middle,Bachelor's+,Some college,4,3.0,Respondent higher,no,we broke up,,,0.15,hispanic,hispanic,Hispanic,"yes, other latino/hispanic",refused
2509465,80598,,,"$40,000 to $49,999",high school graduate - high school diploma or the equivalent (ged),,,11,Middle,HS,,2,,,,,,,,"white, non-hispanic","white, non-hispanic","White, Non-Hispanic",,
2510361,66964,66964.0,66964.0,"$50,000 to $59,999",high school graduate - high school diploma or the equivalent (ged),bachelor's degree,i earned more,12,Middle,HS,Bachelor's+,2,4.0,Partner higher,,,,,16.0,hispanic,hispanic,Hispanic,no (not latino or hispanic),white
2511465,5549,,,"$50,000 to $59,999",masters degree,,,12,Middle,Bachelor's+,,4,,,,,,,,"white, non-hispanic","white, non-hispanic","White, Non-Hispanic",,
2512476,76243,76243.0,76243.0,"$40,000 to $49,999","some college, no degree",7th or 8th grade,i earned more,11,Middle,Some college,Less than HS,3,1.0,Respondent higher,,,,,4.0,"white, non-hispanic","white, non-hispanic",,"yes, other latino/hispanic",other (please specify)
2514683,65819,65819.0,65819.0,"$40,000 to $49,999",high school graduate - high school diploma or the equivalent (ged),bachelor's degree,i earned more,11,Middle,HS,Bachelor's+,2,4.0,Partner higher,yes,,,,19.0,"white, non-hispanic","white, non-hispanic",,no (not latino or hispanic),white
2515245,155155,155155.0,155155.0,"$25,000 to $29,999",11th grade,refused,i earned more,8,Low,Less than HS,,1,,,no,other (please describe),,,1.5,"other, non-hispanic","other, non-hispanic","Other, Non-Hispanic",no (not latino or hispanic),white
2516782,108810,108810.0,108810.0,"$35,000 to $39,999",high school graduate - high school diploma or the equivalent (ged),hs graduate or ged,i earned more,10,Low,HS,HS,2,2.0,Same education level,,,,,57.0,"white, non-hispanic","white, non-hispanic","White, Non-Hispanic",no (not latino or hispanic),white
2517611,18236,18236.0,18236.0,"$60,000 to $74,999",bachelors degree,master's degree,i earned more,13,Middle,Bachelor's+,Bachelor's+,4,4.0,Same education level,,,,,39.0,"white, non-hispanic","white, non-hispanic","White, Non-Hispanic",no (not latino or hispanic),white
2518321,264379,264379.0,264379.0,"$150,000 to $174,999",bachelors degree,master's degree,i earned more,18,High,Bachelor's+,Bachelor's+,4,4.0,Same education level,,,,,10.0,"black, non-hispanic","black, non-hispanic","Black, Non-Hispanic",no (not latino or hispanic),black or african american
2519493,42857,42857.0,42857.0,"$30,000 to $34,999",bachelors degree,associate degree,partner earned more,9,Low,Bachelor's+,Some college,4,3.0,Respondent higher,yes,,yes,,10.0,"white, non-hispanic","white, non-hispanic","White, Non-Hispanic",no (not latino or hispanic),white
2520291,69359,69359.0,69359.0,"$50,000 to $59,999","some college, no degree",11th grade,partner earned more,12,Middle,Some college,Less than HS,3,1.0,Respondent higher,,,,,9.0,"white, non-hispanic","white, non-hispanic","White, Non-Hispanic",no (not latino or hispanic),white
2522543,75516,,,"$50,000 to $59,999",associate degree,,,12,Middle,Some college,,3,,,,,,,,"white, non-hispanic","white, non-hispanic","White, Non-Hispanic",,
2523563,64080,,,"$25,000 to $29,999",associate degree,,,8,Low,Some college,,3,,,,,,,,"white, non-hispanic","white, non-hispanic","White, Non-Hispanic",,
2524351,93723,93723.0,93723.0,"$75,000 to $84,999",bachelors degree,bachelor's degree,i earned more,14,High,Bachelor's+,Bachelor's+,4,4.0,Same education level,,,,,14.0,"white, non-hispanic","white, non-hispanic","White, Non-Hispanic",no (not latino or hispanic),white
2526551,71327,71327.0,71327.0,"$60,000 to $74,999",bachelors degree,master's degree,partner earned more,13,Middle,Bachelor's+,Bachelor's+,4,4.0,Same education level,,,,,30.0,"white, non-hispanic","white, non-hispanic",,no (not latino or hispanic),white
2527611,1885,1885.0,1885.0,"$100,000 to $124,999",masters degree,bachelor's degree,we earned about the same amount,16,High,Bachelor's+,Bachelor's+,4,4.0,Same education level,,,,,9.0,"white, non-hispanic","white, non-hispanic","White, Non-Hispanic",no (not latino or hispanic),white
2528285,129827,129827.0,129827.0,"$40,000 to $49,999",bachelors degree,bachelor's degree,partner earned more,11,Middle,Bachelor's+,Bachelor's+,4,4.0,Same education level,no,we broke up,,,0.45,"white, non-hispanic","white, non-hispanic","White, Non-Hispanic",no (not latino or hispanic),white
2529781,49414,49414.0,49414.0,"$40,000 to $49,999",high school graduate - high school diploma or the equivalent (ged),hs graduate or ged,partner earned more,11,Middle,HS,HS,2,2.0,Same education level,,,,,42.0,"black, non-hispanic","black, non-hispanic",,no (not latino or hispanic),black or african american
2530373,13453,13453.0,13453.0,"$40,000 to $49,999",high school graduate - high school diploma or the equivalent (ged),"some college, no degree",partner earned more,11,Middle,HS,Some college,2,3.0,Partner higher,yes,,,,0.05,"other, non-hispanic","other, non-hispanic","Other, Non-Hispanic",no (not latino or hispanic),white
2531453,55477,,,"$40,000 to $49,999",high school graduate - high school diploma or the equivalent (ged),,,11,Middle,HS,,2,,,,,,,,"white, non-hispanic","white, non-hispanic",,,
2532553,38301,38301.0,38301.0,"$60,000 to $74,999","some college, no degree",bachelor's degree,i earned more,13,Middle,Some college,Bachelor's+,3,4.0,Partner higher,yes,,,,12.0,"white, non-hispanic","white, non-hispanic",,no (not latino or hispanic),white
2533411,127808,127808.0,127808.0,"$85,000 to $99,999",high school graduate - high school diploma or the equivalent (ged),hs graduate or ged,i earned more,15,High,HS,HS,2,2.0,Same education level,,,,,23.0,"white, non-hispanic","white, non-hispanic","White, Non-Hispanic",no (not latino or hispanic),white
2534481,16262,16262.0,16262.0,"$85,000 to $99,999",masters degree,master's degree,i earned more,15,High,Bachelor's+,Bachelor's+,4,4.0,Same education level,,,,,30.0,"white, non-hispanic","white, non-hispanic","White, Non-Hispanic",no (not latino or hispanic),white
2536634,107442,107442.0,107442.0,"$7,500 to $9,999",12th grade no diploma,12th grade no diploma,we earned about the same amount,3,Low,Less than HS,Less than HS,1,1.0,Same education level,,,,,20.0,"black, non-hispanic",,"Black, Non-Hispanic",no (not latino or hispanic),black or african american
2538381,135005,135005.0,135005.0,"$50,000 to $59,999","some college, no degree",bachelor's degree,partner earned more,12,Middle,Some college,Bachelor's+,3,4.0,Partner higher,,,,,7.0,hispanic,hispanic,Hispanic,"yes, mexican, mexican american, chicano",white
2539331,53636,53636.0,53636.0,"$60,000 to $74,999",bachelors degree,bachelor's degree,we earned about the same amount,13,Middle,Bachelor's+,Bachelor's+,4,4.0,Same education level,,,,,9.0,hispanic,hispanic,Hispanic,no (not latino or hispanic),black or african american
2540902,106023,,,"$10,000 to $12,499",11th grade,,,4,Low,Less than HS,,1,,,,,,,,"white, non-hispanic",,,,
2541912,67197,67197.0,67197.0,"$12,500 to $14,999",7th or 8th grade,hs graduate or ged,we earned about the same amount,5,Low,Less than HS,HS,1,2.0,Partner higher,,,,,20.0,"white, non-hispanic","white, non-hispanic","White, Non-Hispanic",no (not latino or hispanic),white
2542495,80307,80307.0,80307.0,"$35,000 to $39,999","some college, no degree",12th grade no diploma,i earned more,10,Low,Some college,Less than HS,3,1.0,Respondent higher,yes,,,,19.0,"black, non-hispanic","black, non-hispanic","Other, Non-Hispanic",no (not latino or hispanic),black or african american
2543495,68139,68139.0,68139.0,"$75,000 to $84,999",bachelors degree,hs graduate or ged,partner earned more,14,High,Bachelor's+,HS,4,2.0,Respondent higher,no,other (please describe),,,2.5,"black, non-hispanic","black, non-hispanic",,no (not latino or hispanic),black or african american
2544491,24701,24701.0,24701.0,"$100,000 to $124,999",associate degree,associate degree,i earned more,16,High,Some college,Some college,3,3.0,Same education level,,,,,28.0,"white, non-hispanic","white, non-hispanic","White, Non-Hispanic",no (not latino or hispanic),white
2545585,6976,,,"$25,000 to $29,999",professional or doctorate degree,,,8,Low,Bachelor's+,,4,,,,,,,,"black, non-hispanic","black, non-hispanic","Black, Non-Hispanic",,
2546593,1984,,,"$50,000 to $59,999",bachelors degree,,,12,Middle,Bachelor's+,,4,,,,,,,,"white, non-hispanic","white, non-hispanic","White, Non-Hispanic",,
2547395,58245,58245.0,58245.0,"$85,000 to $99,999",bachelors degree,"some college, no degree",we earned about the same amount,15,High,Bachelor's+,Some college,4,3.0,Respondent higher,no,we broke up,,,2.5,"black, non-hispanic","black, non-hispanic","Black, Non-Hispanic","yes, puerto rican",refused
2548661,44415,44415.0,44415.0,"$50,000 to $59,999",bachelors degree,"some college, no degree",i earned more,12,Middle,Bachelor's+,Some college,4,3.0,Respondent higher,,,,,42.0,"white, non-hispanic","white, non-hispanic","White, Non-Hispanic",no (not latino or hispanic),white
2549605,63982,63982.0,63982.0,"$5,000 to $7,499","some college, no degree",professional or doctorate degree,partner earned more,2,Low,Some college,Bachelor's+,3,4.0,Partner higher,yes,,no,We broke up,0.15,"white, non-hispanic","white, non-hispanic","White, Non-Hispanic",no (not latino or hispanic),white
2550291,46192,46192.0,46192.0,"$50,000 to $59,999","some college, no degree",master's degree,partner earned more,12,Middle,Some college,Bachelor's+,3,4.0,Partner higher,,,,,10.0,"white, non-hispanic","white, non-hispanic","White, Non-Hispanic",no (not latino or hispanic),white
2552543,5290,,,"$15,000 to $19,999",high school graduate - high school diploma or the equivalent (ged),,,6,Low,HS,,2,,,,,,,,"white, non-hispanic","white, non-hispanic","White, Non-Hispanic",,
2554441,264379,264379.0,264379.0,"$85,000 to $99,999",high school graduate - high school diploma or the equivalent (ged),"some college, no degree",partner earned more,15,High,HS,Some college,2,3.0,Partner higher,,,,,21.0,"white, non-hispanic","white, non-hispanic","White, Non-Hispanic",no (not latino or hispanic),white
2555255,48038,48038.0,48038.0,"$100,000 to $124,999",bachelors degree,hs graduate or ged,partner earned more,16,High,Bachelor's+,HS,4,2.0,Respondent higher,yes,,yes,,4.0,"white, non-hispanic","white, non-hispanic","White, Non-Hispanic",no (not latino or hispanic),white
2556515,25861,,,"$10,000 to $12,499","some college, no degree",,,4,Low,Some college,,3,,,,,,,,"white, non-hispanic","white, non-hispanic","White, Non-Hispanic",,
2557351,88250,88250.0,88250.0,"$100,000 to $124,999",bachelors degree,bachelor's degree,i earned more,16,High,Bachelor's+,Bachelor's+,4,4.0,Same education level,,,,,13.0,hispanic,hispanic,Hispanic,"yes, mexican, mexican american, chicano",other (please specify)
2558261,66913,66913.0,66913.0,"$30,000 to $34,999",high school graduate - high school diploma or the equivalent (ged),hs graduate or ged,i earned more,9,Low,HS,HS,2,2.0,Same education level,,,,,7.0,"white, non-hispanic","white, non-hispanic","White, Non-Hispanic",no (not latino or hispanic),white
2559361,102122,102122.0,102122.0,"$35,000 to $39,999",bachelors degree,bachelor's degree,we earned about the same amount,10,Low,Bachelor's+,Bachelor's+,4,4.0,Same education level,,,,,17.0,hispanic,hispanic,Hispanic,"yes, other latino/hispanic",white
2560812,86759,,,"$25,000 to $29,999",bachelors degree,,,8,Low,Bachelor's+,,4,,,,,,,,"white, non-hispanic","white, non-hispanic",,,
2561493,108513,108513.0,108513.0,"$30,000 to $34,999",high school graduate - high school diploma or the equivalent (ged),hs graduate or ged,we earned about the same amount,9,Low,HS,HS,2,2.0,Same education level,,,,,0.75,"white, non-hispanic",,,no (not latino or hispanic),white
2562645,60998,60998.0,60998.0,"$50,000 to $59,999",bachelors degree,master's degree,i earned more,12,Middle,Bachelor's+,Bachelor's+,4,4.0,Same education level,yes,,,,8.0,"white, non-hispanic","white, non-hispanic","White, Non-Hispanic",no (not latino or hispanic),white
2563225,17351,,,"$125,000 to $149,999","some college, no degree",,,17,High,Some college,,3,,,,,,,,"white, non-hispanic","white, non-hispanic","White, Non-Hispanic",,
2564501,48121,48121.0,48121.0,"$75,000 to $84,999",associate degree,bachelor's degree,i earned more,14,High,Some college,Bachelor's+,3,4.0,Partner higher,,,,,14.0,hispanic,hispanic,Hispanic,no (not latino or hispanic),white
2565561,48055,48055.0,48055.0,"$75,000 to $84,999",high school graduate - high school diploma or the equivalent (ged),associate degree,i earned more,14,High,HS,Some college,2,3.0,Partner higher,,,,,32.0,"white, non-hispanic","white, non-hispanic","White, Non-Hispanic",no (not latino or hispanic),white
2566692,1744,1744.0,1744.0,"$25,000 to $29,999","some college, no degree","some college, no degree",i earned more,8,Low,Some college,Some college,3,3.0,Same education level,yes,,yes,,2.5,"white, non-hispanic","2+ races, non-hispanic","White, Non-Hispanic",no (not latino or hispanic),white
2567461,46986,46986.0,46986.0,"$75,000 to $84,999",high school graduate - high school diploma or the equivalent (ged),hs graduate or ged,partner earned more,14,High,HS,HS,2,2.0,Same education level,,,,,20.0,"white, non-hispanic","white, non-hispanic","White, Non-Hispanic",no (not latino or hispanic),white
2568441,17450,17450.0,17450.0,"$60,000 to $74,999",masters degree,professional or doctorate degree,i earned more,13,Middle,Bachelor's+,Bachelor's+,4,4.0,Same education level,,,,,5.0,"white, non-hispanic","white, non-hispanic","White, Non-Hispanic",no (not latino or hispanic),white
2569551,79462,79462.0,79462.0,"$35,000 to $39,999",bachelors degree,"some college, no degree",partner earned more,10,Low,Bachelor's+,Some college,4,3.0,Respondent higher,,,,,35.0,"black, non-hispanic","black, non-hispanic","Black, Non-Hispanic",no (not latino or hispanic),black or african american
2570381,36757,36757.0,36757.0,"$75,000 to $84,999",bachelors degree,master's degree,i earned more,14,High,Bachelor's+,Bachelor's+,4,4.0,Same education level,,,,,20.0,"black, non-hispanic","black, non-hispanic","Black, Non-Hispanic",no (not latino or hispanic),black or african american
2571245,6653,,,"$60,000 to $74,999",bachelors degree,,,13,Middle,Bachelor's+,,4,,,,,,,,"black, non-hispanic","black, non-hispanic","Black, Non-Hispanic",,
2572435,60665,,,"$7,500 to $9,999","some college, no degree",,,3,Low,Some college,,3,,,,,,,,"black, non-hispanic","black, non-hispanic",,,
2573485,2035,,,"$50,000 to $59,999",bachelors degree,,,12,Middle,Bachelor's+,,4,,,,,,,,"white, non-hispanic","white, non-hispanic",,,
2574515,92216,,,"$85,000 to $99,999",bachelors degree,,,15,High,Bachelor's+,,4,,,,,,,,"white, non-hispanic","white, non-hispanic","White, Non-Hispanic",,
2575643,72045,,,"$35,000 to $39,999",associate degree,,,10,Low,Some college,,3,,,,,,,,"white, non-hispanic","white, non-hispanic","White, Non-Hispanic",,
2576465,2783,,,"$75,000 to $84,999",bachelors degree,,,14,High,Bachelor's+,,4,,,,,,,,"white, non-hispanic","white, non-hispanic","White, Non-Hispanic",,
2577576,60127,60127.0,60127.0,"$85,000 to $99,999","some college, no degree",associate degree,partner earned more,15,High,Some college,Some college,3,3.0,Same education level,,,,,7.0,"white, non-hispanic","white, non-hispanic",,no (not latino or hispanic),white
2578613,60257,,,"$100,000 to $124,999",bachelors degree,,,16,High,Bachelor's+,,4,,,,,,,,"white, non-hispanic","white, non-hispanic","White, Non-Hispanic",,
2579435,25376,,,"$30,000 to $34,999",high school graduate - high school diploma or the equivalent (ged),,,9,Low,HS,,2,,,,,,,,"white, non-hispanic","white, non-hispanic","White, Non-Hispanic",,
2581443,61522,61522.0,61522.0,"$35,000 to $39,999",high school graduate - high school diploma or the equivalent (ged),associate degree,we earned about the same amount,10,Low,HS,Some college,2,3.0,Partner higher,yes,,no,We broke up,0.75,hispanic,hispanic,Hispanic,"yes, mexican, mexican american, chicano",white
2582441,64792,64792.0,64792.0,"$50,000 to $59,999",masters degree,master's degree,partner earned more,12,Middle,Bachelor's+,Bachelor's+,4,4.0,Same education level,,,,,14.0,"white, non-hispanic",,,no (not latino or hispanic),white
2583291,48105,48105.0,48105.0,"$125,000 to $149,999",masters degree,"some college, no degree",i earned more,17,High,Bachelor's+,Some college,4,3.0,Respondent higher,,,,,5.0,"white, non-hispanic","white, non-hispanic","White, Non-Hispanic",no (not latino or hispanic),white
2585571,37359,37359.0,37359.0,"$40,000 to $49,999",associate degree,associate degree,i earned more,11,Middle,Some college,Some college,3,3.0,Same education level,,,,,34.0,"white, non-hispanic","white, non-hispanic","White, Non-Hispanic",no (not latino or hispanic),white
2586593,33366,,,"$30,000 to $34,999",high school graduate - high school diploma or the equivalent (ged),,,9,Low,HS,,2,,,,,,,,"white, non-hispanic","white, non-hispanic","White, Non-Hispanic",,
2587515,136801,,,"$25,000 to $29,999",bachelors degree,,,8,Low,Bachelor's+,,4,,,,,,,,"other, non-hispanic","2+ races, non-hispanic","Other, Non-Hispanic",,
2588496,63913,63913.0,63913.0,"$35,000 to $39,999","some college, no degree","some college, no degree",partner earned more,10,Low,Some college,Some college,3,3.0,Same education level,yes,,yes,,10.0,"white, non-hispanic","white, non-hispanic","White, Non-Hispanic",no (not latino or hispanic),white
2589535,2090,2090.0,2090.0,"$100,000 to $124,999",professional or doctorate degree,master's degree,i earned more,16,High,Bachelor's+,Bachelor's+,4,4.0,Same education level,yes,,yes,,1.5,"white, non-hispanic","white, non-hispanic","White, Non-Hispanic",no (not latino or hispanic),white
2590683,144266,,,"$25,000 to $29,999",high school graduate - high school diploma or the equivalent (ged),,,8,Low,HS,,2,,,,,,,,"black, non-hispanic","black, non-hispanic","Black, Non-Hispanic",,
2591556,2893,2893.0,2893.0,"$25,000 to $29,999","some college, no degree","some college, no degree",i earned more,8,Low,Some college,Some college,3,3.0,Same education level,no,"[partner] passed away, is deceased",,,10.0,hispanic,hispanic,Hispanic,no (not latino or hispanic),white
2593555,31301,,,"$30,000 to $34,999",bachelors degree,,,9,Low,Bachelor's+,,4,,,,,,,,"white, non-hispanic","white, non-hispanic",,,
2594431,45100,45100.0,45100.0,"$60,000 to $74,999",high school graduate - high school diploma or the equivalent (ged),hs graduate or ged,partner earned more,13,Middle,HS,HS,2,2.0,Same education level,,,,,12.0,"white, non-hispanic","white, non-hispanic","White, Non-Hispanic",no (not latino or hispanic),white
2595533,1948,1948.0,1948.0,"$50,000 to $59,999","some college, no degree","some college, no degree",we earned about the same amount,12,Middle,Some college,Some college,3,3.0,Same education level,,,,,10.0,"white, non-hispanic","white, non-hispanic","White, Non-Hispanic",no (not latino or hispanic),other (please specify)
2596391,42081,42081.0,42081.0,"$60,000 to $74,999",bachelors degree,bachelor's degree,partner earned more,13,Middle,Bachelor's+,Bachelor's+,4,4.0,Same education level,,,,,17.0,hispanic,hispanic,Hispanic,no (not latino or hispanic),black or african american
2597631,1769,1769.0,1769.0,"$100,000 to $124,999",masters degree,bachelor's degree,i earned more,16,High,Bachelor's+,Bachelor's+,4,4.0,Same education level,,,,,4.0,"white, non-hispanic","white, non-hispanic","White, Non-Hispanic",no (not latino or hispanic),white
2598385,67000,67000.0,67000.0,"$20,000 to $24,999",high school graduate - high school diploma or the equivalent (ged),"some college, no degree",we earned about the same amount,7,Low,HS,Some college,2,3.0,Partner higher,no,other (please describe),,,0.15,"white, non-hispanic","white, non-hispanic","White, Non-Hispanic",no (not latino or hispanic),white
2599575,45805,,,"$40,000 to $49,999",bachelors degree,,,11,Middle,Bachelor's+,,4,,,,,,,,"white, non-hispanic","white, non-hispanic",,,
2600415,4591,4591.0,4591.0,"$60,000 to $74,999",bachelors degree,hs graduate or ged,i earned more,13,Middle,Bachelor's+,HS,4,2.0,Respondent higher,no,we broke up,,,2.5,"white, non-hispanic","white, non-hispanic","White, Non-Hispanic",no (not latino or hispanic),white
2602436,1586,1586.0,1586.0,"$85,000 to $99,999",professional or doctorate degree,bachelor's degree,i earned more,15,High,Bachelor's+,Bachelor's+,4,4.0,Same education level,yes,,yes,,14.0,"white, non-hispanic","white, non-hispanic","White, Non-Hispanic",no (not latino or hispanic),white
2603411,52682,52682.0,52682.0,"$15,000 to $19,999",10th grade,hs graduate or ged,i earned more,6,Low,Less than HS,HS,1,2.0,Partner higher,,,,,18.0,"white, non-hispanic","white, non-hispanic","White, Non-Hispanic",no (not latino or hispanic),white
2604475,177603,,,"$25,000 to $29,999",associate degree,,,8,Low,Some college,,3,,,,,,,,"white, non-hispanic","white, non-hispanic","White, Non-Hispanic",,
2605456,1626,1626.0,1626.0,"$85,000 to $99,999","some college, no degree",bachelor's degree,i earned more,15,High,Some college,Bachelor's+,3,4.0,Partner higher,,,,,9.0,"white, non-hispanic","white, non-hispanic","White, Non-Hispanic",no (not latino or hispanic),white
2606331,93779,93779.0,93779.0,"$60,000 to $74,999",high school graduate - high school diploma or the equivalent (ged),"some college, no degree",partner earned more,13,Middle,HS,Some college,2,3.0,Partner higher,,,,,12.0,hispanic,hispanic,Hispanic,"yes, mexican, mexican american, chicano",other (please specify)
2607495,60573,60573.0,60573.0,"$125,000 to $149,999",high school graduate - high school diploma or the equivalent (ged),hs graduate or ged,we earned about the same amount,17,High,HS,HS,2,2.0,Same education level,yes,,,,9.0,"white, non-hispanic","white, non-hispanic",,no (not latino or hispanic),white
2608691,43681,43681.0,43681.0,"$60,000 to $74,999",high school graduate - high school diploma or the equivalent (ged),hs graduate or ged,i earned more,13,Middle,HS,HS,2,2.0,Same education level,,,,,51.0,"white, non-hispanic","white, non-hispanic",,no (not latino or hispanic),white
2609225,59596,59596.0,59596.0,"$50,000 to $59,999",associate degree,bachelor's degree,partner earned more,12,Middle,Some college,Bachelor's+,3,4.0,Partner higher,yes,,,,2.5,"white, non-hispanic","white, non-hispanic","White, Non-Hispanic",no (not latino or hispanic),white
2610465,41533,,,"$40,000 to $49,999",high school graduate - high school diploma or the equivalent (ged),,,11,Middle,HS,,2,,,,,,,,"white, non-hispanic","white, non-hispanic","White, Non-Hispanic",,
2611571,48926,48926.0,48926.0,"$50,000 to $59,999",high school graduate - high school diploma or the equivalent (ged),hs graduate or ged,partner earned more,12,Middle,HS,HS,2,2.0,Same education level,,,,,28.0,"white, non-hispanic","white, non-hispanic","White, Non-Hispanic",no (not latino or hispanic),"american indian, aleut, or eskimo"
2613456,18383,18383.0,18383.0,"$100,000 to $124,999","some college, no degree","some college, no degree",partner earned more,16,High,Some college,Some college,3,3.0,Same education level,,,,,15.0,"2+ races, non-hispanic","2+ races, non-hispanic",,"yes, puerto rican",white
2614361,264379,264379.0,264379.0,"$50,000 to $59,999",high school graduate - high school diploma or the equivalent (ged),hs graduate or ged,i earned more,12,Middle,HS,HS,2,2.0,Same education level,,,,,5.0,"other, non-hispanic","other, non-hispanic",Hispanic,no (not latino or hispanic),asian or pacific islander
2615546,24851,24851.0,24851.0,"$15,000 to $19,999","some college, no degree",professional or doctorate degree,partner earned more,6,Low,Some college,Bachelor's+,3,4.0,Partner higher,yes,,yes,,5.0,"other, non-hispanic","white, non-hispanic","White, Non-Hispanic",no (not latino or hispanic),white
2616381,37271,37271.0,37271.0,"$40,000 to $49,999",bachelors degree,bachelor's degree,we earned about the same amount,11,Middle,Bachelor's+,Bachelor's+,4,4.0,Same education level,,,,,14.0,"white, non-hispanic","white, non-hispanic","White, Non-Hispanic",no (not latino or hispanic),white
2617245,152738,152738.0,152738.0,"$125,000 to $149,999",associate degree,12th grade no diploma,i earned more,17,High,Some college,Less than HS,3,1.0,Respondent higher,yes,,yes,,2.5,"white, non-hispanic","white, non-hispanic","White, Non-Hispanic",no (not latino or hispanic),white
2618441,67028,67028.0,67028.0,"$50,000 to $59,999",high school graduate - high school diploma or the equivalent (ged),bachelor's degree,partner earned more,12,Middle,HS,Bachelor's+,2,4.0,Partner higher,,,,,13.0,"white, non-hispanic","white, non-hispanic","White, Non-Hispanic",no (not latino or hispanic),white
2619511,2196,2196.0,2196.0,"$100,000 to $124,999",professional or doctorate degree,master's degree,partner earned more,16,High,Bachelor's+,Bachelor's+,4,4.0,Same education level,,,,,26.0,"white, non-hispanic","white, non-hispanic","White, Non-Hispanic",no (not latino or hispanic),white
2620791,63984,63984.0,63984.0,"$40,000 to $49,999",high school graduate - high school diploma or the equivalent (ged),"some college, no degree",i earned more,11,Middle,HS,Some college,2,3.0,Partner higher,,,,,62.0,"white, non-hispanic","white, non-hispanic",,no (not latino or hispanic),white
2621593,101325,101325.0,101325.0,"$40,000 to $49,999","some college, no degree",bachelor's degree,i earned more,11,Middle,Some college,Bachelor's+,3,4.0,Partner higher,yes,,yes,,32.0,"white, non-hispanic","white, non-hispanic","White, Non-Hispanic",no (not latino or hispanic),white
2622321,38033,38033.0,38033.0,"$100,000 to $124,999",bachelors degree,master's degree,i earned more,16,High,Bachelor's+,Bachelor's+,4,4.0,Same education level,,,,,12.0,hispanic,hispanic,Hispanic,no (not latino or hispanic),other (please specify)
2624575,5343,5343.0,5343.0,"$60,000 to $74,999",bachelors degree,hs graduate or ged,i earned more,13,Middle,Bachelor's+,HS,4,2.0,Respondent higher,no,we broke up,,,2.5,hispanic,hispanic,Hispanic,no (not latino or hispanic),black or african american
2625586,1745,1745.0,1745.0,"$85,000 to $99,999",masters degree,bachelor's degree,i earned more,15,High,Bachelor's+,Bachelor's+,4,4.0,Same education level,yes,,yes,,10.0,"white, non-hispanic","white, non-hispanic","White, Non-Hispanic","yes, other latino/hispanic",other (please specify)
2628565,25182,,,"$25,000 to $29,999","some college, no degree",,,8,Low,Some college,,3,,,,,,,,"2+ races, non-hispanic","white, non-hispanic","2+ Races, Non-Hispanic",,
2629351,15067,15067.0,15067.0,"$30,000 to $34,999",high school graduate - high school diploma or the equivalent (ged),hs graduate or ged,partner earned more,9,Low,HS,HS,2,2.0,Same education level,,,,,18.0,"white, non-hispanic",,,no (not latino or hispanic),white
2630582,223316,223316.0,223316.0,"$40,000 to $49,999",9th grade,12th grade no diploma,partner earned more,11,Middle,Less than HS,Less than HS,1,1.0,Same education level,no,we broke up,,,44.0,"black, non-hispanic","black, non-hispanic","Black, Non-Hispanic",no (not latino or hispanic),black or african american
2631603,34879,34879.0,34879.0,"$35,000 to $39,999",bachelors degree,master's degree,partner earned more,10,Low,Bachelor's+,Bachelor's+,4,4.0,Same education level,yes,,yes,,4.0,"white, non-hispanic","white, non-hispanic","White, Non-Hispanic",no (not latino or hispanic),white
2632351,102434,102434.0,102434.0,"$20,000 to $24,999","some college, no degree","some college, no degree",partner earned more,7,Low,Some college,Some college,3,3.0,Same education level,,,,,10.0,"white, non-hispanic","white, non-hispanic","White, Non-Hispanic",no (not latino or hispanic),white
2633215,71879,71879.0,71879.0,"$85,000 to $99,999","some college, no degree",12th grade no diploma,i earned more,15,High,Some college,Less than HS,3,1.0,Respondent higher,yes,,no,We broke up,0.15,"white, non-hispanic","white, non-hispanic","White, Non-Hispanic",no (not latino or hispanic),white
2634401,64413,64413.0,64413.0,"$100,000 to $124,999",bachelors degree,bachelor's degree,i earned more,16,High,Bachelor's+,Bachelor's+,4,4.0,Same education level,,,,,20.0,"white, non-hispanic","white, non-hispanic","White, Non-Hispanic",no (not latino or hispanic),white
2635305,78659,78659.0,78659.0,"$40,000 to $49,999",bachelors degree,associate degree,partner earned more,11,Middle,Bachelor's+,Some college,4,3.0,Respondent higher,,,,,0.45,hispanic,hispanic,,no (not latino or hispanic),white
2636625,76056,,,"$30,000 to $34,999","some college, no degree",,,9,Low,Some college,,3,,,,,,,,"white, non-hispanic","white, non-hispanic","White, Non-Hispanic",,
2637661,522,522.0,522.0,"$40,000 to $49,999",professional or doctorate degree,master's degree,partner earned more,11,Middle,Bachelor's+,Bachelor's+,4,4.0,Same education level,,,,,51.0,"2+ races, non-hispanic","white, non-hispanic","White, Non-Hispanic",no (not latino or hispanic),white
2638581,29572,29572.0,29572.0,"$100,000 to $124,999",bachelors degree,bachelor's degree,i earned more,16,High,Bachelor's+,Bachelor's+,4,4.0,Same education level,,,,,25.0,"white, non-hispanic","2+ races, non-hispanic","White, Non-Hispanic",no (not latino or hispanic),white
2639255,122946,,,"$60,000 to $74,999",bachelors degree,,,13,Middle,Bachelor's+,,4,,,,,,,,"other, non-hispanic","other, non-hispanic","Other, Non-Hispanic",,
2640441,66429,66429.0,66429.0,"$85,000 to $99,999",high school graduate - high school diploma or the equivalent (ged),bachelor's degree,partner earned more,15,High,HS,Bachelor's+,2,4.0,Partner higher,,,,,15.0,"white, non-hispanic","white, non-hispanic","White, Non-Hispanic",no (not latino or hispanic),white
2641401,54457,54457.0,54457.0,"$85,000 to $99,999",bachelors degree,bachelor's degree,partner earned more,15,High,Bachelor's+,Bachelor's+,4,4.0,Same education level,,,,,10.0,"white, non-hispanic","white, non-hispanic","White, Non-Hispanic",no (not latino or hispanic),white
2642411,3407,3407.0,3407.0,"$60,000 to $74,999",bachelors degree,"some college, no degree",i earned more,13,Middle,Bachelor's+,Some college,4,3.0,Respondent higher,,,,,22.0,"white, non-hispanic","2+ races, non-hispanic","White, Non-Hispanic",no (not latino or hispanic),white
2643741,1460,1460.0,1460.0,"$85,000 to $99,999",bachelors degree,bachelor's degree,i earned more,15,High,Bachelor's+,Bachelor's+,4,4.0,Same education level,,,,,56.0,"white, non-hispanic","white, non-hispanic","White, Non-Hispanic",no (not latino or hispanic),white
2644693,62456,,,"$15,000 to $19,999","some college, no degree",,,6,Low,Some college,,3,,,,,,,,"white, non-hispanic","white, non-hispanic","White, Non-Hispanic",,
2645415,229325,229325.0,229325.0,"$30,000 to $34,999","some college, no degree",hs graduate or ged,i earned more,9,Low,Some college,HS,3,2.0,Respondent higher,no,we broke up,,,1.5,"other, non-hispanic","other, non-hispanic",,no (not latino or hispanic),"american indian, aleut, or eskimo"
2646385,5324,,,"$25,000 to $29,999","some college, no degree",,,8,Low,Some college,,3,,,,,,,,"white, non-hispanic","white, non-hispanic","White, Non-Hispanic",,
2648596,1751,1751.0,1751.0,"$25,000 to $29,999","some college, no degree",bachelor's degree,we earned about the same amount,8,Low,Some college,Bachelor's+,3,4.0,Partner higher,yes,,yes,,32.0,"white, non-hispanic","white, non-hispanic","White, Non-Hispanic",no (not latino or hispanic),white
2649375,4739,4739.0,4739.0,"$60,000 to $74,999","some college, no degree",hs graduate or ged,partner earned more,13,Middle,Some college,HS,3,2.0,Respondent higher,,,,,18.0,"white, non-hispanic",,,"yes, other latino/hispanic",white
2650431,45675,45675.0,45675.0,"$125,000 to $149,999",high school graduate - high school diploma or the equivalent (ged),professional or doctorate degree,partner earned more,17,High,HS,Bachelor's+,2,4.0,Partner higher,,,,,5.0,"white, non-hispanic","white, non-hispanic","White, Non-Hispanic",no (not latino or hispanic),white
2651661,53567,53567.0,53567.0,"$40,000 to $49,999",high school graduate - high school diploma or the equivalent (ged),10th grade,partner earned more,11,Middle,HS,Less than HS,2,1.0,Respondent higher,,,,,23.0,"white, non-hispanic","white, non-hispanic",,no (not latino or hispanic),white
2652493,87078,87078.0,87078.0,"$7,500 to $9,999","some college, no degree","some college, no degree",i earned more,3,Low,Some college,Some college,3,3.0,Same education level,yes,,yes,,0.75,"white, non-hispanic","white, non-hispanic","White, Non-Hispanic",no (not latino or hispanic),white
2654745,1376,1376.0,1376.0,"$30,000 to $34,999",professional or doctorate degree,associate degree,i earned more,9,Low,Bachelor's+,Some college,4,3.0,Respondent higher,,,,,17.0,"black, non-hispanic",,,no (not latino or hispanic),white
2655275,39056,39056.0,39056.0,"$30,000 to $34,999",high school graduate - high school diploma or the equivalent (ged),associate degree,partner earned more,9,Low,HS,Some college,2,3.0,Partner higher,,,,,0.75,"white, non-hispanic",,,"yes, mexican, mexican american, chicano",other (please specify)
2656616,1475,1475.0,1475.0,"$125,000 to $149,999",professional or doctorate degree,bachelor's degree,i earned more,17,High,Bachelor's+,Bachelor's+,4,4.0,Same education level,,,yes,,19.0,"white, non-hispanic","white, non-hispanic",,no (not latino or hispanic),white
2657451,42619,42619.0,42619.0,"$75,000 to $84,999",high school graduate - high school diploma or the equivalent (ged),"some college, no degree",partner earned more,14,High,HS,Some college,2,3.0,Partner higher,,,,,19.0,"white, non-hispanic",,,no (not latino or hispanic),white
2658662,43707,,,"$25,000 to $29,999",high school graduate - high school diploma or the equivalent (ged),,,8,Low,HS,,2,,,,,,,,"white, non-hispanic","white, non-hispanic","White, Non-Hispanic",,
2660401,38857,38857.0,38857.0,"$100,000 to $124,999",high school graduate - high school diploma or the equivalent (ged),associate degree,i earned more,16,High,HS,Some college,2,3.0,Partner higher,,,,,14.0,"white, non-hispanic","white, non-hispanic",,no (not latino or hispanic),white
2662482,76847,76847.0,76847.0,"$15,000 to $19,999","some college, no degree",7th or 8th grade,refused,6,Low,Some college,Less than HS,3,1.0,Respondent higher,,,,,13.0,"black, non-hispanic","black, non-hispanic","Black, Non-Hispanic",no (not latino or hispanic),black or african american
2664241,42500,42500.0,42500.0,"$50,000 to $59,999","some college, no degree",bachelor's degree,partner earned more,12,Middle,Some college,Bachelor's+,3,4.0,Partner higher,,,,,7.0,"white, non-hispanic","white, non-hispanic","White, Non-Hispanic",no (not latino or hispanic),white
2666271,92980,92980.0,92980.0,"$7,500 to $9,999",associate degree,associate degree,partner earned more,3,Low,Some college,Some college,3,3.0,Same education level,,,,,1.5,"white, non-hispanic",,,no (not latino or hispanic),white
2667431,84921,84921.0,84921.0,"$60,000 to $74,999",associate degree,hs graduate or ged,i earned more,13,Middle,Some college,HS,3,2.0,Respondent higher,,,,,23.0,hispanic,hispanic,Hispanic,"yes, mexican, mexican american, chicano",white
2668501,43493,43493.0,43493.0,"$50,000 to $59,999",12th grade no diploma,hs graduate or ged,partner earned more,12,Middle,Less than HS,HS,1,2.0,Partner higher,,,,,15.0,"black, non-hispanic","black, non-hispanic","Black, Non-Hispanic",no (not latino or hispanic),black or african american
2670301,115283,115283.0,115283.0,"$85,000 to $99,999",bachelors degree,bachelor's degree,i earned more,15,High,Bachelor's+,Bachelor's+,4,4.0,Same education level,,,,,9.0,hispanic,hispanic,,no (not latino or hispanic),white
2671845,80547,,,"$50,000 to $59,999",masters degree,,,12,Middle,Bachelor's+,,4,,,,,,,,"black, non-hispanic","black, non-hispanic",,,
2672556,94483,94483.0,94483.0,"$50,000 to $59,999",high school graduate - high school diploma or the equivalent (ged),"some college, no degree",i earned more,12,Middle,HS,Some college,2,3.0,Partner higher,,,,,10.0,"white, non-hispanic","white, non-hispanic","White, Non-Hispanic",no (not latino or hispanic),white
2673591,63731,63731.0,63731.0,"$60,000 to $74,999",high school graduate - high school diploma or the equivalent (ged),bachelor's degree,partner earned more,13,Middle,HS,Bachelor's+,2,4.0,Partner higher,,,,,25.0,"white, non-hispanic","white, non-hispanic",,no (not latino or hispanic),white
2674225,6842,,,"$75,000 to $84,999",associate degree,,,14,High,Some college,,3,,,,,,,,"white, non-hispanic","white, non-hispanic","White, Non-Hispanic",,
2676722,150211,,,"$5,000 to $7,499",7th or 8th grade,,,2,Low,Less than HS,,1,,,,,,,,"white, non-hispanic","white, non-hispanic",,,
2677431,65864,65864.0,65864.0,"$25,000 to $29,999",associate degree,hs graduate or ged,partner earned more,8,Low,Some college,HS,3,2.0,Respondent higher,,,,,27.0,"other, non-hispanic","other, non-hispanic",,no (not latino or hispanic),white
2678485,2733,2733.0,2733.0,"$100,000 to $124,999",bachelors degree,bachelor's degree,i earned more,16,High,Bachelor's+,Bachelor's+,4,4.0,Same education level,,,yes,,5.0,"white, non-hispanic",,,no (not latino or hispanic),asian or pacific islander
2679701,1727,1727.0,1727.0,"$125,000 to $149,999",masters degree,hs graduate or ged,i earned more,17,High,Bachelor's+,HS,4,2.0,Respondent higher,,,,,27.0,"white, non-hispanic","white, non-hispanic","White, Non-Hispanic",no (not latino or hispanic),white
2680453,64705,,,"$75,000 to $84,999",high school graduate - high school diploma or the equivalent (ged),,,14,High,HS,,2,,,,,,,,"white, non-hispanic","white, non-hispanic",,,
2681396,43563,43563.0,43563.0,"$60,000 to $74,999","some college, no degree",associate degree,we earned about the same amount,13,Middle,Some college,Some college,3,3.0,Same education level,,,,,19.0,"white, non-hispanic","white, non-hispanic",,no (not latino or hispanic),white
2682456,1122,1122.0,1122.0,"$85,000 to $99,999",associate degree,associate degree,i earned more,15,High,Some college,Some college,3,3.0,Same education level,,,,,15.0,"white, non-hispanic","white, non-hispanic","White, Non-Hispanic",no (not latino or hispanic),white
2683531,53132,53132.0,53132.0,"$50,000 to $59,999",12th grade no diploma,associate degree,partner earned more,12,Middle,Less than HS,Some college,1,3.0,Partner higher,,,,,13.0,"white, non-hispanic",,"White, Non-Hispanic",no (not latino or hispanic),white
2684336,50147,50147.0,50147.0,"$40,000 to $49,999",associate degree,professional or doctorate degree,partner earned more,11,Middle,Some college,Bachelor's+,3,4.0,Partner higher,yes,,yes,,0.15,"white, non-hispanic","white, non-hispanic","White, Non-Hispanic",no (not latino or hispanic),white
2686633,70752,70752.0,70752.0,"$50,000 to $59,999","1st, 2nd, 3rd, or 4th grade",bachelor's degree,partner earned more,12,Middle,Less than HS,Bachelor's+,1,4.0,Partner higher,yes,,,,23.0,"other, non-hispanic","other, non-hispanic","Other, Non-Hispanic",no (not latino or hispanic),white
2687386,36714,36714.0,36714.0,"$60,000 to $74,999","some college, no degree",hs graduate or ged,i earned more,13,Middle,Some college,HS,3,2.0,Respondent higher,no,we broke up,,,4.0,"black, non-hispanic","black, non-hispanic","Black, Non-Hispanic",no (not latino or hispanic),black or african american
2688461,43244,43244.0,43244.0,"$100,000 to $124,999",high school graduate - high school diploma or the equivalent (ged),hs graduate or ged,i earned more,16,High,HS,HS,2,2.0,Same education level,,,,,20.0,"white, non-hispanic","white, non-hispanic","White, Non-Hispanic",no (not latino or hispanic),white
2689465,2557,,,"$40,000 to $49,999",bachelors degree,,,11,Middle,Bachelor's+,,4,,,,,,,,"white, non-hispanic","white, non-hispanic","White, Non-Hispanic",,
2690361,52795,52795.0,52795.0,"$175,000 or more",bachelors degree,bachelor's degree,i earned more,19,High,Bachelor's+,Bachelor's+,4,4.0,Same education level,,,,,13.0,"white, non-hispanic","white, non-hispanic",,no (not latino or hispanic),white
2691566,100764,,,"$100,000 to $124,999","some college, no degree",,,16,High,Some college,,3,,,,,,,,"white, non-hispanic","white, non-hispanic","White, Non-Hispanic",,
2692511,68874,68874.0,68874.0,"$40,000 to $49,999",10th grade,hs graduate or ged,partner earned more,11,Middle,Less than HS,HS,1,2.0,Partner higher,,,,,30.0,"white, non-hispanic","white, non-hispanic","White, Non-Hispanic",no (not latino or hispanic),white
2694255,59241,,,"less than $5,000","some college, no degree",,,1,Low,Some college,,3,,,,,,,,"white, non-hispanic","white, non-hispanic","White, Non-Hispanic",,
2695451,61220,61220.0,61220.0,"$50,000 to $59,999",high school graduate - high school diploma or the equivalent (ged),hs graduate or ged,i earned more,12,Middle,HS,HS,2,2.0,Same education level,,,,,29.0,hispanic,hispanic,Hispanic,no (not latino or hispanic),white
2697631,36278,36278.0,36278.0,"$25,000 to $29,999",12th grade no diploma,hs graduate or ged,partner earned more,8,Low,Less than HS,HS,1,2.0,Partner higher,,,,,36.0,"white, non-hispanic","white, non-hispanic","White, Non-Hispanic",no (not latino or hispanic),white
2698556,2836,2836.0,2836.0,"$40,000 to $49,999",professional or doctorate degree,master's degree,i earned more,11,Middle,Bachelor's+,Bachelor's+,4,4.0,Same education level,yes,,,,19.0,"white, non-hispanic","white, non-hispanic",,no (not latino or hispanic),white
2699215,49572,,,"$100,000 to $124,999",high school graduate - high school diploma or the equivalent (ged),,,16,High,HS,,2,,,,,,,,"white, non-hispanic","white, non-hispanic","White, Non-Hispanic",,
2700391,51875,51875.0,51875.0,"$75,000 to $84,999","some college, no degree","some college, no degree",i earned more,14,High,Some college,Some college,3,3.0,Same education level,,,,,14.0,"white, non-hispanic","white, non-hispanic","White, Non-Hispanic","yes, other latino/hispanic",white
2702381,58079,58079.0,58079.0,"$75,000 to $84,999",bachelors degree,associate degree,i earned more,14,High,Bachelor's+,Some college,4,3.0,Respondent higher,,,,,4.0,"white, non-hispanic","white, non-hispanic","White, Non-Hispanic",no (not latino or hispanic),white
2703281,45961,45961.0,45961.0,"$175,000 or more",professional or doctorate degree,bachelor's degree,i earned more,19,High,Bachelor's+,Bachelor's+,4,4.0,Same education level,,,,,11.0,"white, non-hispanic","white, non-hispanic",,no (not latino or hispanic),white
2704721,147027,147027.0,147027.0,"$35,000 to $39,999",10th grade,"some college, no degree",partner earned more,10,Low,Less than HS,Some college,1,3.0,Partner higher,,,,,35.0,"black, non-hispanic","black, non-hispanic",,no (not latino or hispanic),black or african american
2705406,929,929.0,929.0,"$100,000 to $124,999",masters degree,11th grade,i earned more,16,High,Bachelor's+,Less than HS,4,1.0,Respondent higher,yes,,no,We broke up,15.0,"2+ races, non-hispanic","white, non-hispanic","White, Non-Hispanic",no (not latino or hispanic),"american indian, aleut, or eskimo"
2706493,136491,,,"$40,000 to $49,999",bachelors degree,,,11,Middle,Bachelor's+,,4,,,,,,,,"black, non-hispanic","black, non-hispanic","Black, Non-Hispanic",,
2707494,5566,5566.0,5566.0,"$30,000 to $34,999","some college, no degree",11th grade,i earned more,9,Low,Some college,Less than HS,3,1.0,Respondent higher,,,,,4.0,hispanic,,,no (not latino or hispanic),black or african american
2708543,33381,,,"$50,000 to $59,999","some college, no degree",,,12,Middle,Some college,,3,,,,,,,,"white, non-hispanic","white, non-hispanic",,,
2709552,49905,,,"$20,000 to $24,999",high school graduate - high school diploma or the equivalent (ged),,,7,Low,HS,,2,,,,,,,,"white, non-hispanic","white, non-hispanic",,,
2710455,2772,2772.0,2772.0,"$40,000 to $49,999",masters degree,associate degree,i earned more,11,Middle,Bachelor's+,Some college,4,3.0,Respondent higher,,,,,8.0,"white, non-hispanic",,,no (not latino or hispanic),white
2711361,66170,66170.0,66170.0,"$50,000 to $59,999",high school graduate - high school diploma or the equivalent (ged),hs graduate or ged,partner earned more,12,Middle,HS,HS,2,2.0,Same education level,,,,,7.0,"white, non-hispanic","white, non-hispanic","White, Non-Hispanic",no (not latino or hispanic),white
2712505,2250,2250.0,2250.0,"$30,000 to $34,999","some college, no degree",master's degree,partner earned more,9,Low,Some college,Bachelor's+,3,4.0,Partner higher,,,,,30.0,"white, non-hispanic",,,no (not latino or hispanic),white
2713461,50968,50968.0,50968.0,"$75,000 to $84,999",high school graduate - high school diploma or the equivalent (ged),"some college, no degree",i earned more,14,High,HS,Some college,2,3.0,Partner higher,,,,,20.0,"white, non-hispanic","white, non-hispanic","White, Non-Hispanic",no (not latino or hispanic),white
2714781,65148,65148.0,65148.0,"$60,000 to $74,999",bachelors degree,"some college, no degree",partner earned more,13,Middle,Bachelor's+,Some college,4,3.0,Respondent higher,,,,,56.0,"other, non-hispanic","other, non-hispanic",,no (not latino or hispanic),"american indian, aleut, or eskimo"
2715515,129745,,,"$30,000 to $34,999","some college, no degree",,,9,Low,Some college,,3,,,,,,,,"white, non-hispanic","white, non-hispanic",,,
2716696,192573,192573.0,192573.0,"$60,000 to $74,999",masters degree,"some college, no degree",partner earned more,13,Middle,Bachelor's+,Some college,4,3.0,Respondent higher,yes,,no,"[xNameP] passed away, is deceased",16.0,"white, non-hispanic","white, non-hispanic",,no (not latino or hispanic),white
2717481,103681,103681.0,103681.0,"$12,500 to $14,999",9th grade,11th grade,partner earned more,5,Low,Less than HS,Less than HS,1,1.0,Same education level,,,,,15.0,"white, non-hispanic","white, non-hispanic",,no (not latino or hispanic),white
2719291,57807,57807.0,57807.0,"$40,000 to $49,999","some college, no degree","some college, no degree",partner earned more,11,Middle,Some college,Some college,3,3.0,Same education level,,,,,9.0,"white, non-hispanic","white, non-hispanic","White, Non-Hispanic",no (not latino or hispanic),white
2722205,58940,58940.0,58940.0,"$85,000 to $99,999",high school graduate - high school diploma or the equivalent (ged),hs graduate or ged,i earned more,15,High,HS,HS,2,2.0,Same education level,,,,,0.75,"white, non-hispanic","white, non-hispanic",,no (not latino or hispanic),white
2723611,79729,79729.0,79729.0,"$150,000 to $174,999",masters degree,bachelor's degree,partner earned more,18,High,Bachelor's+,Bachelor's+,4,4.0,Same education level,,,,,41.0,"other, non-hispanic","white, non-hispanic",,no (not latino or hispanic),white
2724356,7818,7818.0,7818.0,"$100,000 to $124,999",bachelors degree,master's degree,partner earned more,16,High,Bachelor's+,Bachelor's+,4,4.0,Same education level,yes,,yes,,9.0,"white, non-hispanic","white, non-hispanic","2+ Races, Non-Hispanic",no (not latino or hispanic),white
2725295,67348,67348.0,67348.0,"$150,000 to $174,999",bachelors degree,bachelor's degree,partner earned more,18,High,Bachelor's+,Bachelor's+,4,4.0,Same education level,yes,,yes,,1.5,"white, non-hispanic","white, non-hispanic","White, Non-Hispanic",no (not latino or hispanic),white
2726401,50197,50197.0,50197.0,"$40,000 to $49,999",high school graduate - high school diploma or the equivalent (ged),hs graduate or ged,partner earned more,11,Middle,HS,HS,2,2.0,Same education level,,,,,11.0,"white, non-hispanic","white, non-hispanic","White, Non-Hispanic",no (not latino or hispanic),white
2727255,92833,,,"$85,000 to $99,999","some college, no degree",,,15,High,Some college,,3,,,,,,,,"black, non-hispanic",,,,
2729365,2257,2257.0,2257.0,"$30,000 to $34,999","some college, no degree",bachelor's degree,i earned more,9,Low,Some college,Bachelor's+,3,4.0,Partner higher,,,,,10.0,"white, non-hispanic",,,no (not latino or hispanic),white
2730501,2708,2708.0,2708.0,"$60,000 to $74,999",bachelors degree,hs graduate or ged,partner earned more,13,Middle,Bachelor's+,HS,4,2.0,Respondent higher,,,,,27.0,"white, non-hispanic",,,no (not latino or hispanic),white
2731205,108982,,,"$35,000 to $39,999",high school graduate - high school diploma or the equivalent (ged),,,10,Low,HS,,2,,,,,,,,"other, non-hispanic","other, non-hispanic","Other, Non-Hispanic",,
2732375,7681,7681.0,7681.0,"$15,000 to $19,999",high school graduate - high school diploma or the equivalent (ged),7th or 8th grade,i earned more,6,Low,HS,Less than HS,2,1.0,Respondent higher,no,we broke up,,,2.5,"black, non-hispanic","black, non-hispanic","Black, Non-Hispanic",no (not latino or hispanic),black or african american
2733643,2192,2192.0,2192.0,"$175,000 or more","some college, no degree",professional or doctorate degree,partner earned more,19,High,Some college,Bachelor's+,3,4.0,Partner higher,yes,,yes,,22.0,"white, non-hispanic",,,no (not latino or hispanic),white
2734782,38551,,,"less than $5,000",10th grade,,,1,Low,Less than HS,,1,,,,,,,,"white, non-hispanic","white, non-hispanic",,,
2735421,58776,58776.0,58776.0,"$75,000 to $84,999",high school graduate - high school diploma or the equivalent (ged),"some college, no degree",i earned more,14,High,HS,Some college,2,3.0,Partner higher,,,,,14.0,"white, non-hispanic","white, non-hispanic",,no (not latino or hispanic),white
2736284,199579,199579.0,199579.0,"$30,000 to $34,999","some college, no degree",hs graduate or ged,partner earned more,9,Low,Some college,HS,3,2.0,Respondent higher,,,,,12.0,"black, non-hispanic","black, non-hispanic","Black, Non-Hispanic",no (not latino or hispanic),black or african american
2737331,42316,42316.0,42316.0,"$75,000 to $84,999",high school graduate - high school diploma or the equivalent (ged),master's degree,partner earned more,14,High,HS,Bachelor's+,2,4.0,Partner higher,,,,,10.0,"black, non-hispanic","black, non-hispanic","Black, Non-Hispanic",no (not latino or hispanic),white
2739513,56751,56751.0,56751.0,"$60,000 to $74,999",associate degree,bachelor's degree,i earned more,13,Middle,Some college,Bachelor's+,3,4.0,Partner higher,no,other (please describe),,,5.0,"2+ races, non-hispanic","white, non-hispanic","2+ Races, Non-Hispanic",no (not latino or hispanic),black or african american
2740543,36251,36251.0,36251.0,"$60,000 to $74,999",12th grade no diploma,"some college, no degree",partner earned more,13,Middle,Less than HS,Some college,1,3.0,Partner higher,no,we broke up,,,31.0,"white, non-hispanic","white, non-hispanic","White, Non-Hispanic",no (not latino or hispanic),white
2741471,91694,91694.0,91694.0,"$50,000 to $59,999",10th grade,10th grade,partner earned more,12,Middle,Less than HS,Less than HS,1,1.0,Same education level,,,,,31.0,"white, non-hispanic",,,no (not latino or hispanic),white
2743486,109731,,,"$50,000 to $59,999",high school graduate - high school diploma or the equivalent (ged),,,12,Middle,HS,,2,,,,,,,,"white, non-hispanic","white, non-hispanic","White, Non-Hispanic",,
2744281,264379,264379.0,264379.0,"$75,000 to $84,999",bachelors degree,bachelor's degree,i earned more,14,High,Bachelor's+,Bachelor's+,4,4.0,Same education level,,,,,11.0,hispanic,hispanic,Hispanic,no (not latino or hispanic),white
2745305,159543,159543.0,159543.0,"$10,000 to $12,499",high school graduate - high school diploma or the equivalent (ged),hs graduate or ged,partner earned more,4,Low,HS,HS,2,2.0,Same education level,,,,,4.0,"black, non-hispanic",,,no (not latino or hispanic),black or african american
2746506,32603,32603.0,32603.0,"$50,000 to $59,999","some college, no degree","some college, no degree",i earned more,12,Middle,Some college,Some college,3,3.0,Same education level,no,we broke up,,,5.0,"black, non-hispanic","black, non-hispanic","Black, Non-Hispanic",no (not latino or hispanic),black or african american
2747491,52485,52485.0,52485.0,"$40,000 to $49,999",11th grade,12th grade no diploma,we earned about the same amount,11,Middle,Less than HS,Less than HS,1,1.0,Same education level,,,,,33.0,"white, non-hispanic","white, non-hispanic","White, Non-Hispanic",no (not latino or hispanic),white
2748632,48214,,,"$50,000 to $59,999","some college, no degree",,,12,Middle,Some college,,3,,,,,,,,"white, non-hispanic",,,,
2749481,100684,100684.0,100684.0,"$85,000 to $99,999",high school graduate - high school diploma or the equivalent (ged),hs graduate or ged,we earned about the same amount,15,High,HS,HS,2,2.0,Same education level,,,,,6.0,hispanic,hispanic,,no (not latino or hispanic),white
2751461,18698,18698.0,18698.0,"$125,000 to $149,999",high school graduate - high school diploma or the equivalent (ged),"some college, no degree",partner earned more,17,High,HS,Some college,2,3.0,Partner higher,,,,,26.0,"white, non-hispanic","white, non-hispanic",,no (not latino or hispanic),white
2753551,44966,44966.0,44966.0,"$85,000 to $99,999","some college, no degree",hs graduate or ged,i earned more,15,High,Some college,HS,3,2.0,Respondent higher,,,,,34.0,hispanic,hispanic,Hispanic,"yes, mexican, mexican american, chicano",white
2754692,144540,144540.0,144540.0,"$10,000 to $12,499",high school graduate - high school diploma or the equivalent (ged),professional or doctorate degree,partner earned more,4,Low,HS,Bachelor's+,2,4.0,Partner higher,,,,,42.0,hispanic,hispanic,Hispanic,refused,asian or pacific islander
2755483,2362,,,"$35,000 to $39,999","some college, no degree",,,10,Low,Some college,,3,,,,,,,,"white, non-hispanic","white, non-hispanic","White, Non-Hispanic",,
2756231,34859,34859.0,34859.0,"$35,000 to $39,999","some college, no degree","some college, no degree",partner earned more,10,Low,Some college,Some college,3,3.0,Same education level,,,,,6.0,"white, non-hispanic","white, non-hispanic","White, Non-Hispanic",no (not latino or hispanic),white
2757531,43407,43407.0,43407.0,"$125,000 to $149,999",high school graduate - high school diploma or the equivalent (ged),master's degree,partner earned more,17,High,HS,Bachelor's+,2,4.0,Partner higher,,,,,33.0,"white, non-hispanic","white, non-hispanic",,no (not latino or hispanic),white
2758456,2087,2087.0,2087.0,"$75,000 to $84,999","some college, no degree",bachelor's degree,we earned about the same amount,14,High,Some college,Bachelor's+,3,4.0,Partner higher,yes,,yes,,6.0,"white, non-hispanic",,,no (not latino or hispanic),white
2759424,84964,84964.0,84964.0,"$35,000 to $39,999",high school graduate - high school diploma or the equivalent (ged),professional or doctorate degree,partner earned more,10,Low,HS,Bachelor's+,2,4.0,Partner higher,,,,,2.5,"white, non-hispanic","white, non-hispanic",,"yes, other latino/hispanic",white
2760553,56441,,,"$10,000 to $12,499","some college, no degree",,,4,Low,Some college,,3,,,,,,,,"white, non-hispanic","white, non-hispanic",,,
2762355,41293,41293.0,41293.0,"$75,000 to $84,999",high school graduate - high school diploma or the equivalent (ged),hs graduate or ged,we earned about the same amount,14,High,HS,HS,2,2.0,Same education level,,,,,13.0,"white, non-hispanic","white, non-hispanic",,no (not latino or hispanic),white
2763486,1770,1770.0,1770.0,"$20,000 to $24,999","some college, no degree",hs graduate or ged,i earned more,7,Low,Some college,HS,3,2.0,Respondent higher,yes,,yes,,16.0,"white, non-hispanic","white, non-hispanic","White, Non-Hispanic",no (not latino or hispanic),white
2764561,131268,131268.0,131268.0,"$40,000 to $49,999",12th grade no diploma,hs graduate or ged,we earned about the same amount,11,Middle,Less than HS,HS,1,2.0,Partner higher,,,,,23.0,"white, non-hispanic","white, non-hispanic","White, Non-Hispanic",no (not latino or hispanic),white
2765291,99302,99302.0,99302.0,"$35,000 to $39,999",bachelors degree,"some college, no degree",partner earned more,10,Low,Bachelor's+,Some college,4,3.0,Respondent higher,,,,,15.0,"white, non-hispanic","white, non-hispanic","White, Non-Hispanic",no (not latino or hispanic),white
2766495,69337,69337.0,69337.0,"less than $5,000",high school graduate - high school diploma or the equivalent (ged),hs graduate or ged,i earned more,1,Low,HS,HS,2,2.0,Same education level,,,,,14.0,"white, non-hispanic",,,no (not latino or hispanic),white
2767503,11400,,,"$85,000 to $99,999",associate degree,,,15,High,Some college,,3,,,,,,,,"2+ races, non-hispanic","white, non-hispanic","2+ Races, Non-Hispanic",,
2768761,57050,57050.0,57050.0,"$60,000 to $74,999",high school graduate - high school diploma or the equivalent (ged),hs graduate or ged,i earned more,13,Middle,HS,HS,2,2.0,Same education level,,,,,53.0,"white, non-hispanic","white, non-hispanic","White, Non-Hispanic",no (not latino or hispanic),white
2769621,92913,92913.0,92913.0,"$150,000 to $174,999",5th or 6th grade,hs graduate or ged,partner earned more,18,High,Less than HS,HS,1,2.0,Partner higher,,,,,38.0,"other, non-hispanic","other, non-hispanic","Other, Non-Hispanic",no (not latino or hispanic),white
2771331,229670,229670.0,229670.0,"$60,000 to $74,999",masters degree,bachelor's degree,partner earned more,13,Middle,Bachelor's+,Bachelor's+,4,4.0,Same education level,,,,,5.0,"white, non-hispanic","white, non-hispanic","White, Non-Hispanic",no (not latino or hispanic),white
2772385,11400,,,"$40,000 to $49,999",high school graduate - high school diploma or the equivalent (ged),,,11,Middle,HS,,2,,,,,,,,"2+ races, non-hispanic","white, non-hispanic","2+ Races, Non-Hispanic",,
2773391,62654,62654.0,62654.0,"$150,000 to $174,999",professional or doctorate degree,bachelor's degree,i earned more,18,High,Bachelor's+,Bachelor's+,4,4.0,Same education level,,,,,9.0,"white, non-hispanic","white, non-hispanic","White, Non-Hispanic","yes, mexican, mexican american, chicano",white
2775495,555,555.0,555.0,"$15,000 to $19,999",associate degree,hs graduate or ged,partner earned more,6,Low,Some college,HS,3,2.0,Respondent higher,,,yes,,22.0,"2+ races, non-hispanic",,,no (not latino or hispanic),white
2776351,91989,91989.0,91989.0,"$75,000 to $84,999",masters degree,"some college, no degree",i earned more,14,High,Bachelor's+,Some college,4,3.0,Respondent higher,,,,,16.0,"black, non-hispanic","black, non-hispanic",,no (not latino or hispanic),black or african american
2777215,28258,28258.0,28258.0,"$50,000 to $59,999","some college, no degree","some college, no degree",partner earned more,12,Middle,Some college,Some college,3,3.0,Same education level,yes,,yes,,1.5,"2+ races, non-hispanic","2+ races, non-hispanic","2+ Races, Non-Hispanic",no (not latino or hispanic),white
2778431,36777,36777.0,36777.0,"$75,000 to $84,999",bachelors degree,bachelor's degree,partner earned more,14,High,Bachelor's+,Bachelor's+,4,4.0,Same education level,,,,,22.0,"white, non-hispanic","white, non-hispanic",,no (not latino or hispanic),white
2779285,122556,,,"$60,000 to $74,999","some college, no degree",,,13,Middle,Some college,,3,,,,,,,,"other, non-hispanic","2+ races, non-hispanic","Other, Non-Hispanic",,
2780461,6617,6617.0,6617.0,"$50,000 to $59,999",high school graduate - high school diploma or the equivalent (ged),hs graduate or ged,partner earned more,12,Middle,HS,HS,2,2.0,Same education level,,,,,28.0,"white, non-hispanic","white, non-hispanic","White, Non-Hispanic",no (not latino or hispanic),white
2781773,1348,1348.0,1348.0,"$75,000 to $84,999","some college, no degree",hs graduate or ged,partner earned more,14,High,Some college,HS,3,2.0,Respondent higher,yes,,yes,,12.0,"white, non-hispanic","white, non-hispanic","White, Non-Hispanic",no (not latino or hispanic),white
2783571,82295,82295.0,82295.0,"$125,000 to $149,999",masters degree,hs graduate or ged,i earned more,17,High,Bachelor's+,HS,4,2.0,Respondent higher,,,,,38.0,hispanic,hispanic,Hispanic,"yes, mexican, mexican american, chicano",white
2784335,145586,145586.0,145586.0,"$35,000 to $39,999",high school graduate - high school diploma or the equivalent (ged),bachelor's degree,partner earned more,10,Low,HS,Bachelor's+,2,4.0,Partner higher,,,no,"[xNameP] passed away, is deceased",9.0,"black, non-hispanic",,,no (not latino or hispanic),black or african american
2785271,153272,153272.0,153272.0,"$50,000 to $59,999",bachelors degree,bachelor's degree,i earned more,12,Middle,Bachelor's+,Bachelor's+,4,4.0,Same education level,,,,,6.0,"white, non-hispanic","white, non-hispanic","White, Non-Hispanic",no (not latino or hispanic),white
2786666,2623,2623.0,2623.0,"$60,000 to $74,999",masters degree,"some college, no degree",i earned more,13,Middle,Bachelor's+,Some college,4,3.0,Respondent higher,yes,,yes,,23.0,"other, non-hispanic","other, non-hispanic","Other, Non-Hispanic",no (not latino or hispanic),other (please specify)
2787225,37667,,,"$30,000 to $34,999","some college, no degree",,,9,Low,Some college,,3,,,,,,,,"white, non-hispanic","white, non-hispanic","White, Non-Hispanic",,
2788351,11400,11400.0,11400.0,"$175,000 or more",professional or doctorate degree,master's degree,partner earned more,19,High,Bachelor's+,Bachelor's+,4,4.0,Same education level,,,,,8.0,"2+ races, non-hispanic","2+ races, non-hispanic","2+ Races, Non-Hispanic",no (not latino or hispanic),asian or pacific islander
2789491,55793,55793.0,55793.0,"$100,000 to $124,999",high school graduate - high school diploma or the equivalent (ged),bachelor's degree,i earned more,16,High,HS,Bachelor's+,2,4.0,Partner higher,,,,,0.15,"white, non-hispanic","white, non-hispanic",,no (not latino or hispanic),black or african american
2791391,2795,2795.0,2795.0,"$85,000 to $99,999","some college, no degree","some college, no degree",i earned more,15,High,Some college,Some college,3,3.0,Same education level,,,,,5.0,"white, non-hispanic",,,no (not latino or hispanic),other (please specify)
2792381,62169,62169.0,62169.0,"$75,000 to $84,999",12th grade no diploma,11th grade,i earned more,14,High,Less than HS,Less than HS,1,1.0,Same education level,,,,,14.0,"white, non-hispanic","white, non-hispanic","White, Non-Hispanic",no (not latino or hispanic),white
2793416,3316,3316.0,3316.0,"$30,000 to $34,999",masters degree,master's degree,i earned more,9,Low,Bachelor's+,Bachelor's+,4,4.0,Same education level,yes,,yes,,2.5,"white, non-hispanic","white, non-hispanic","White, Non-Hispanic",no (not latino or hispanic),white
2794335,14536,14536.0,14536.0,"$25,000 to $29,999","some college, no degree",hs graduate or ged,i earned more,8,Low,Some college,HS,3,2.0,Respondent higher,,,,,0.15,"white, non-hispanic",,,no (not latino or hispanic),black or african american
2795343,102615,102615.0,102615.0,"$50,000 to $59,999",high school graduate - high school diploma or the equivalent (ged),hs graduate or ged,i earned more,12,Middle,HS,HS,2,2.0,Same education level,yes,,no,We broke up,1.5,hispanic,hispanic,Hispanic,"yes, mexican, mexican american, chicano",white
2796782,69131,69131.0,69131.0,"$25,000 to $29,999",bachelors degree,"some college, no degree",i earned more,8,Low,Bachelor's+,Some college,4,3.0,Respondent higher,,,,,55.0,"white, non-hispanic","white, non-hispanic","White, Non-Hispanic",no (not latino or hispanic),white
2797496,1958,1958.0,1958.0,"$50,000 to $59,999",12th grade no diploma,hs graduate or ged,we earned about the same amount,12,Middle,Less than HS,HS,1,2.0,Partner higher,yes,,,,29.0,"2+ races, non-hispanic","white, non-hispanic","2+ Races, Non-Hispanic",no (not latino or hispanic),white
2798711,55848,55848.0,55848.0,"$15,000 to $19,999",10th grade,11th grade,i earned more,6,Low,Less than HS,Less than HS,1,1.0,Same education level,,,,,54.0,"white, non-hispanic","white, non-hispanic","White, Non-Hispanic",no (not latino or hispanic),white
2799525,1671,1671.0,1671.0,"$60,000 to $74,999",bachelors degree,associate degree,i earned more,13,Middle,Bachelor's+,Some college,4,3.0,Respondent higher,yes,,yes,,13.0,"white, non-hispanic",,,no (not latino or hispanic),white
2800266,56596,56596.0,56596.0,"$20,000 to $24,999",bachelors degree,bachelor's degree,i earned more,7,Low,Bachelor's+,Bachelor's+,4,4.0,Same education level,yes,,yes,,9.0,"white, non-hispanic","white, non-hispanic","White, Non-Hispanic",no (not latino or hispanic),white
2802655,892,892.0,892.0,"$25,000 to $29,999","some college, no degree",hs graduate or ged,i earned more,8,Low,Some college,HS,3,2.0,Respondent higher,,,,,41.0,"white, non-hispanic",,,no (not latino or hispanic),white
2803531,45792,45792.0,45792.0,"$60,000 to $74,999",high school graduate - high school diploma or the equivalent (ged),"some college, no degree",partner earned more,13,Middle,HS,Some college,2,3.0,Partner higher,,,,,35.0,"white, non-hispanic","white, non-hispanic","White, Non-Hispanic",no (not latino or hispanic),white
2804395,62064,,,"$20,000 to $24,999",high school graduate - high school diploma or the equivalent (ged),,,7,Low,HS,,2,,,,,,,,"white, non-hispanic","white, non-hispanic","White, Non-Hispanic",,
2805475,15373,,,"$75,000 to $84,999",professional or doctorate degree,,,14,High,Bachelor's+,,4,,,,,,,,"white, non-hispanic","white, non-hispanic","White, Non-Hispanic",,
2806576,15774,15774.0,15774.0,"$20,000 to $24,999",bachelors degree,bachelor's degree,i earned more,7,Low,Bachelor's+,Bachelor's+,4,4.0,Same education level,yes,,yes,,2.5,"white, non-hispanic","white, non-hispanic",,no (not latino or hispanic),white
2808495,7476,7476.0,7476.0,"$5,000 to $7,499",high school graduate - high school diploma or the equivalent (ged),"some college, no degree",partner earned more,2,Low,HS,Some college,2,3.0,Partner higher,yes,,no,"[xNameP] passed away, is deceased",21.0,"black, non-hispanic",,,no (not latino or hispanic),black or african american
2809516,1200,1200.0,1200.0,"$85,000 to $99,999",bachelors degree,"some college, no degree",i earned more,15,High,Bachelor's+,Some college,4,3.0,Respondent higher,yes,,yes,,5.0,"white, non-hispanic","white, non-hispanic","White, Non-Hispanic",no (not latino or hispanic),white
2810195,3024,3024.0,3024.0,"$20,000 to $24,999","some college, no degree","some college, no degree",partner earned more,7,Low,Some college,Some college,3,3.0,Same education level,,,,,0.15,"2+ races, non-hispanic","2+ races, non-hispanic",,no (not latino or hispanic),white
2811741,95769,95769.0,95769.0,"$25,000 to $29,999",bachelors degree,bachelor's degree,partner earned more,8,Low,Bachelor's+,Bachelor's+,4,4.0,Same education level,,,,,44.0,"white, non-hispanic",,,"yes, cuban",white
2812441,46509,46509.0,46509.0,"$40,000 to $49,999",high school graduate - high school diploma or the equivalent (ged),bachelor's degree,partner earned more,11,Middle,HS,Bachelor's+,2,4.0,Partner higher,,,,,28.0,"white, non-hispanic","white, non-hispanic","White, Non-Hispanic",no (not latino or hispanic),white
2813321,46924,46924.0,46924.0,"$75,000 to $84,999",associate degree,associate degree,i earned more,14,High,Some college,Some college,3,3.0,Same education level,,,,,11.0,"white, non-hispanic","white, non-hispanic",,no (not latino or hispanic),white
2814495,16973,16973.0,16973.0,"$25,000 to $29,999",bachelors degree,"some college, no degree",partner earned more,8,Low,Bachelor's+,Some college,4,3.0,Respondent higher,yes,,yes,,2.5,"white, non-hispanic","white, non-hispanic","White, Non-Hispanic",no (not latino or hispanic),white
2815763,14033,,,"$60,000 to $74,999",masters degree,,,13,Middle,Bachelor's+,,4,,,,,,,,"2+ races, non-hispanic","white, non-hispanic",,,
2817571,71445,71445.0,71445.0,"$85,000 to $99,999",bachelors degree,"some college, no degree",partner earned more,15,High,Bachelor's+,Some college,4,3.0,Respondent higher,,,,,23.0,hispanic,hispanic,Hispanic,no (not latino or hispanic),asian or pacific islander
2818471,52059,52059.0,52059.0,"$175,000 or more",bachelors degree,bachelor's degree,i earned more,19,High,Bachelor's+,Bachelor's+,4,4.0,Same education level,,,,,23.0,"white, non-hispanic","white, non-hispanic","White, Non-Hispanic",no (not latino or hispanic),white
2819881,19563,19563.0,19563.0,"$35,000 to $39,999",7th or 8th grade,hs graduate or ged,partner earned more,10,Low,Less than HS,HS,1,2.0,Partner higher,,,,,58.0,"2+ races, non-hispanic","2+ races, non-hispanic",,no (not latino or hispanic),white
2820571,55983,55983.0,55983.0,"$175,000 or more",bachelors degree,bachelor's degree,partner earned more,19,High,Bachelor's+,Bachelor's+,4,4.0,Same education level,,,,,36.0,"white, non-hispanic","white, non-hispanic","White, Non-Hispanic",no (not latino or hispanic),white
2822526,1796,1796.0,1796.0,"$175,000 or more",bachelors degree,associate degree,partner earned more,19,High,Bachelor's+,Some college,4,3.0,Respondent higher,yes,,yes,,17.0,"white, non-hispanic","white, non-hispanic","White, Non-Hispanic",no (not latino or hispanic),white
2823436,6258,,,"$40,000 to $49,999",bachelors degree,,,11,Middle,Bachelor's+,,4,,,,,,,,"white, non-hispanic","white, non-hispanic",,,
2824553,1946,1946.0,1946.0,"$100,000 to $124,999",masters degree,associate degree,i earned more,16,High,Bachelor's+,Some college,4,3.0,Respondent higher,,,,,17.0,"white, non-hispanic",,,no (not latino or hispanic),white
2825881,18223,18223.0,18223.0,"$35,000 to $39,999","some college, no degree",10th grade,i earned more,10,Low,Some college,Less than HS,3,1.0,Respondent higher,yes,,no,"[xNameP] passed away, is deceased",0.75,"white, non-hispanic","white, non-hispanic","White, Non-Hispanic",no (not latino or hispanic),white
2826321,63351,63351.0,63351.0,"$20,000 to $24,999",associate degree,associate degree,partner earned more,7,Low,Some college,Some college,3,3.0,Same education level,,,,,18.0,"white, non-hispanic",,,no (not latino or hispanic),white
2828511,47513,47513.0,47513.0,"$15,000 to $19,999",high school graduate - high school diploma or the equivalent (ged),"some college, no degree",i earned more,6,Low,HS,Some college,2,3.0,Partner higher,,,,,18.0,"black, non-hispanic","black, non-hispanic",,no (not latino or hispanic),black or african american
2830693,6121,,,"$25,000 to $29,999",7th or 8th grade,,,8,Low,Less than HS,,1,,,,,,,,"white, non-hispanic",,,,
2831285,46610,,,"$40,000 to $49,999","some college, no degree",,,11,Middle,Some college,,3,,,,,,,,"white, non-hispanic","white, non-hispanic",,,
2832291,54518,54518.0,54518.0,"$25,000 to $29,999",11th grade,hs graduate or ged,i earned more,8,Low,Less than HS,HS,1,2.0,Partner higher,,,,,11.0,"white, non-hispanic","white, non-hispanic","White, Non-Hispanic",no (not latino or hispanic),white
2833505,1138,1138.0,1138.0,"$10,000 to $12,499","some college, no degree",hs graduate or ged,partner earned more,4,Low,Some college,HS,3,2.0,Respondent higher,,,,,4.0,"white, non-hispanic",,,no (not latino or hispanic),white
2834301,11400,11400.0,11400.0,"$30,000 to $34,999",12th grade no diploma,hs graduate or ged,partner earned more,9,Low,Less than HS,HS,1,2.0,Partner higher,,,,,13.0,"2+ races, non-hispanic","2+ races, non-hispanic",,no (not latino or hispanic),other (please specify)
2835555,186596,,,"$7,500 to $9,999",associate degree,,,3,Low,Some college,,3,,,,,,,,"white, non-hispanic","white, non-hispanic","White, Non-Hispanic",,
2836511,150758,150758.0,150758.0,"$15,000 to $19,999",high school graduate - high school diploma or the equivalent (ged),10th grade,we earned about the same amount,6,Low,HS,Less than HS,2,1.0,Respondent higher,,,,,33.0,"white, non-hispanic","white, non-hispanic",,no (not latino or hispanic),white
2837832,58142,,,"less than $5,000",high school graduate - high school diploma or the equivalent (ged),,,1,Low,HS,,2,,,,,,,,"white, non-hispanic","white, non-hispanic",,,
2839411,131475,131475.0,131475.0,"$50,000 to $59,999",masters degree,associate degree,i earned more,12,Middle,Bachelor's+,Some college,4,3.0,Respondent higher,,,,,24.0,"other, non-hispanic","other, non-hispanic",,no (not latino or hispanic),asian or pacific islander
2840371,16374,16374.0,16374.0,"$20,000 to $24,999",high school graduate - high school diploma or the equivalent (ged),12th grade no diploma,partner earned more,7,Low,HS,Less than HS,2,1.0,Respondent higher,,,,,20.0,"2+ races, non-hispanic","white, non-hispanic",,no (not latino or hispanic),white
2841235,54192,54192.0,54192.0,"$100,000 to $124,999",high school graduate - high school diploma or the equivalent (ged),hs graduate or ged,we earned about the same amount,16,High,HS,HS,2,2.0,Same education level,,,,,4.0,"white, non-hispanic","white, non-hispanic",,no (not latino or hispanic),white
2842781,51880,51880.0,51880.0,"$35,000 to $39,999",bachelors degree,master's degree,partner earned more,10,Low,Bachelor's+,Bachelor's+,4,4.0,Same education level,,,,,52.0,"white, non-hispanic","white, non-hispanic","White, Non-Hispanic",no (not latino or hispanic),white
2843431,50014,50014.0,50014.0,"$175,000 or more",professional or doctorate degree,bachelor's degree,i earned more,19,High,Bachelor's+,Bachelor's+,4,4.0,Same education level,,,,,21.0,"other, non-hispanic","other, non-hispanic",,no (not latino or hispanic),asian or pacific islander
2844291,56050,56050.0,56050.0,"$60,000 to $74,999","some college, no degree","some college, no degree",partner earned more,13,Middle,Some college,Some college,3,3.0,Same education level,,,,,6.0,"white, non-hispanic","white, non-hispanic","White, Non-Hispanic",no (not latino or hispanic),white
2845381,68138,68138.0,68138.0,"$35,000 to $39,999",high school graduate - high school diploma or the equivalent (ged),11th grade,partner earned more,10,Low,HS,Less than HS,2,1.0,Respondent higher,yes,,,,4.0,"black, non-hispanic","black, non-hispanic","Black, Non-Hispanic","yes, other latino/hispanic",other (please specify)
2846315,10376,10376.0,10376.0,"$7,500 to $9,999",high school graduate - high school diploma or the equivalent (ged),"some college, no degree",we earned about the same amount,3,Low,HS,Some college,2,3.0,Partner higher,yes,,yes,,2.5,"white, non-hispanic","white, non-hispanic",,no (not latino or hispanic),white
2847371,31817,31817.0,31817.0,"$100,000 to $124,999",bachelors degree,master's degree,partner earned more,16,High,Bachelor's+,Bachelor's+,4,4.0,Same education level,,,,,15.0,"white, non-hispanic","white, non-hispanic","White, Non-Hispanic",no (not latino or hispanic),white
2848761,29509,29509.0,29509.0,"$35,000 to $39,999",9th grade,bachelor's degree,partner earned more,10,Low,Less than HS,Bachelor's+,1,4.0,Partner higher,,,,,54.0,"white, non-hispanic","white, non-hispanic","White, Non-Hispanic",no (not latino or hispanic),white
2849325,39373,,,"$60,000 to $74,999",bachelors degree,,,13,Middle,Bachelor's+,,4,,,,,,,,"white, non-hispanic","white, non-hispanic","White, Non-Hispanic",,
2850731,154697,154697.0,154697.0,"$12,500 to $14,999",9th grade,10th grade,i earned more,5,Low,Less than HS,Less than HS,1,1.0,Same education level,,,,,21.0,"white, non-hispanic",,,no (not latino or hispanic),white
2851583,75905,,,"$35,000 to $39,999",high school graduate - high school diploma or the equivalent (ged),,,10,Low,HS,,2,,,,,,,,"white, non-hispanic","white, non-hispanic",,,
2852225,34221,34221.0,34221.0,"$35,000 to $39,999","some college, no degree",bachelor's degree,partner earned more,10,Low,Some college,Bachelor's+,3,4.0,Partner higher,yes,,yes,,1.5,"black, non-hispanic","black, non-hispanic","Black, Non-Hispanic",no (not latino or hispanic),black or african american
2853301,74396,74396.0,74396.0,"$12,500 to $14,999",11th grade,12th grade no diploma,i earned more,5,Low,Less than HS,Less than HS,1,1.0,Same education level,,,,,9.0,"white, non-hispanic","white, non-hispanic","White, Non-Hispanic",no (not latino or hispanic),white
2854401,62428,62428.0,62428.0,"$100,000 to $124,999",high school graduate - high school diploma or the equivalent (ged),12th grade no diploma,i earned more,16,High,HS,Less than HS,2,1.0,Respondent higher,,,,,4.0,"white, non-hispanic","white, non-hispanic","White, Non-Hispanic",no (not latino or hispanic),white
2855671,68406,68406.0,68406.0,"$12,500 to $14,999",9th grade,hs graduate or ged,partner earned more,5,Low,Less than HS,HS,1,2.0,Partner higher,,,,,49.0,"white, non-hispanic","white, non-hispanic","White, Non-Hispanic",no (not latino or hispanic),white
2857341,82925,82925.0,82925.0,"$175,000 or more",masters degree,bachelor's degree,i earned more,19,High,Bachelor's+,Bachelor's+,4,4.0,Same education level,,,,,0.45,"white, non-hispanic","white, non-hispanic",,no (not latino or hispanic),white
2858602,42914,,,"$20,000 to $24,999",bachelors degree,,,7,Low,Bachelor's+,,4,,,,,,,,"white, non-hispanic","white, non-hispanic","White, Non-Hispanic",,
2859286,15526,15526.0,15526.0,"$7,500 to $9,999",masters degree,bachelor's degree,i earned more,3,Low,Bachelor's+,Bachelor's+,4,4.0,Same education level,,,yes,,6.0,"white, non-hispanic",,,no (not latino or hispanic),white
2860413,177601,,,"less than $5,000",high school graduate - high school diploma or the equivalent (ged),,,1,Low,HS,,2,,,,,,,,"black, non-hispanic",,,,
2861215,13594,13594.0,13594.0,"$85,000 to $99,999","some college, no degree",associate degree,partner earned more,15,High,Some college,Some college,3,3.0,Same education level,yes,,,,0.75,"white, non-hispanic",,,no (not latino or hispanic),white
2862435,5061,,,"$40,000 to $49,999",bachelors degree,,,11,Middle,Bachelor's+,,4,,,,,,,,"black, non-hispanic","2+ races, non-hispanic","Black, Non-Hispanic",,
2863466,264379,264379.0,264379.0,"$25,000 to $29,999","some college, no degree",hs graduate or ged,i earned more,8,Low,Some college,HS,3,2.0,Respondent higher,,,,,11.0,"white, non-hispanic","white, non-hispanic",,no (not latino or hispanic),"american indian, aleut, or eskimo"
2866471,44640,44640.0,44640.0,"$85,000 to $99,999",high school graduate - high school diploma or the equivalent (ged),hs graduate or ged,i earned more,15,High,HS,HS,2,2.0,Same education level,,,,,23.0,"white, non-hispanic","white, non-hispanic","White, Non-Hispanic","yes, other latino/hispanic",white
2867635,62670,,,"$60,000 to $74,999",masters degree,,,13,Middle,Bachelor's+,,4,,,,,,,,"white, non-hispanic","white, non-hispanic","White, Non-Hispanic",,
2868606,32021,32021.0,32021.0,"$75,000 to $84,999",high school graduate - high school diploma or the equivalent (ged),professional or doctorate degree,we earned about the same amount,14,High,HS,Bachelor's+,2,4.0,Partner higher,yes,,yes,,24.0,"white, non-hispanic","white, non-hispanic",,no (not latino or hispanic),white
2869721,44559,44559.0,44559.0,"$40,000 to $49,999",11th grade,"some college, no degree",i earned more,11,Middle,Less than HS,Some college,1,3.0,Partner higher,,,,,20.0,"white, non-hispanic","white, non-hispanic",,no (not latino or hispanic),white
2870643,16685,,,"$10,000 to $12,499",10th grade,,,4,Low,Less than HS,,1,,,,,,,,hispanic,hispanic,Hispanic,,
2871516,85517,85517.0,85517.0,"$60,000 to $74,999",masters degree,hs graduate or ged,partner earned more,13,Middle,Bachelor's+,HS,4,2.0,Respondent higher,yes,,yes,,4.0,hispanic,hispanic,Hispanic,no (not latino or hispanic),white
2872503,12262,12262.0,12262.0,"$60,000 to $74,999",masters degree,master's degree,partner earned more,13,Middle,Bachelor's+,Bachelor's+,4,4.0,Same education level,,,,,15.0,"black, non-hispanic",,,"yes, puerto rican",white
2873276,57441,,,"$85,000 to $99,999",high school graduate - high school diploma or the equivalent (ged),,,15,High,HS,,2,,,,,,,,"white, non-hispanic","white, non-hispanic",,,
2874421,55444,55444.0,55444.0,"$100,000 to $124,999",bachelors degree,master's degree,i earned more,16,High,Bachelor's+,Bachelor's+,4,4.0,Same education level,,,,,15.0,"white, non-hispanic","white, non-hispanic",,no (not latino or hispanic),white
2875673,34659,,,"$12,500 to $14,999",9th grade,,,5,Low,Less than HS,,1,,,,,,,,"white, non-hispanic","white, non-hispanic",,,
2876526,2209,2209.0,2209.0,"$60,000 to $74,999",bachelors degree,bachelor's degree,partner earned more,13,Middle,Bachelor's+,Bachelor's+,4,4.0,Same education level,,,,,8.0,"white, non-hispanic",,,no (not latino or hispanic),white
2877411,167313,167313.0,167313.0,"$15,000 to $19,999",high school graduate - high school diploma or the equivalent (ged),hs graduate or ged,i earned more,6,Low,HS,HS,2,2.0,Same education level,,,,,18.0,hispanic,hispanic,Hispanic,no (not latino or hispanic),white
2878781,47415,47415.0,47415.0,"$85,000 to $99,999",9th grade,"some college, no degree",we earned about the same amount,15,High,Less than HS,Some college,1,3.0,Partner higher,,,,,24.0,"white, non-hispanic","2+ races, non-hispanic",,no (not latino or hispanic),white
2879445,4947,,,"$100,000 to $124,999",bachelors degree,,,16,High,Bachelor's+,,4,,,,,,,,"white, non-hispanic",,,,
2880391,146148,146148.0,146148.0,"$75,000 to $84,999",bachelors degree,master's degree,i earned more,14,High,Bachelor's+,Bachelor's+,4,4.0,Same education level,,,,,13.0,"other, non-hispanic","other, non-hispanic","Other, Non-Hispanic",no (not latino or hispanic),asian or pacific islander
2881561,46226,46226.0,46226.0,"$60,000 to $74,999",high school graduate - high school diploma or the equivalent (ged),hs graduate or ged,partner earned more,13,Middle,HS,HS,2,2.0,Same education level,,,,,42.0,"white, non-hispanic","white, non-hispanic",,no (not latino or hispanic),white
2882405,99624,,,"$5,000 to $7,499",high school graduate - high school diploma or the equivalent (ged),,,2,Low,HS,,2,,,,,,,,"white, non-hispanic","white, non-hispanic","White, Non-Hispanic",,
2883461,57574,57574.0,57574.0,"$25,000 to $29,999",11th grade,hs graduate or ged,partner earned more,8,Low,Less than HS,HS,1,2.0,Partner higher,,,,,12.0,"white, non-hispanic","white, non-hispanic",,no (not latino or hispanic),white
2884681,68282,68282.0,68282.0,"$60,000 to $74,999",professional or doctorate degree,professional or doctorate degree,i earned more,13,Middle,Bachelor's+,Bachelor's+,4,4.0,Same education level,,,,,46.0,"white, non-hispanic","white, non-hispanic","White, Non-Hispanic",no (not latino or hispanic),white
2885256,44507,44507.0,44507.0,"$15,000 to $19,999",bachelors degree,hs graduate or ged,we earned about the same amount,6,Low,Bachelor's+,HS,4,2.0,Respondent higher,yes,,,,9.0,"white, non-hispanic","white, non-hispanic","White, Non-Hispanic",no (not latino or hispanic),black or african american
2887261,204625,204625.0,204625.0,"$25,000 to $29,999",high school graduate - high school diploma or the equivalent (ged),11th grade,partner earned more,8,Low,HS,Less than HS,2,1.0,Respondent higher,,,,,9.0,"white, non-hispanic","white, non-hispanic","White, Non-Hispanic",no (not latino or hispanic),white
2889285,67242,,,"$40,000 to $49,999","some college, no degree",,,11,Middle,Some college,,3,,,,,,,,"white, non-hispanic","white, non-hispanic","White, Non-Hispanic",,
2890236,57810,57810.0,57810.0,"$85,000 to $99,999",10th grade,11th grade,i earned more,15,High,Less than HS,Less than HS,1,1.0,Same education level,yes,,yes,,2.5,"white, non-hispanic","white, non-hispanic","White, Non-Hispanic",no (not latino or hispanic),white
2891361,35767,35767.0,35767.0,"$75,000 to $84,999",bachelors degree,associate degree,we earned about the same amount,14,High,Bachelor's+,Some college,4,3.0,Respondent higher,yes,,no,We broke up,0.75,hispanic,hispanic,Hispanic,no (not latino or hispanic),white
2892291,67791,67791.0,67791.0,"$35,000 to $39,999","some college, no degree",professional or doctorate degree,partner earned more,10,Low,Some college,Bachelor's+,3,4.0,Partner higher,,,,,,"white, non-hispanic","white, non-hispanic","Other, Non-Hispanic",no (not latino or hispanic),white
2893255,99188,99188.0,99188.0,"$7,500 to $9,999","some college, no degree",bachelor's degree,i earned more,3,Low,Some college,Bachelor's+,3,4.0,Partner higher,,,,,0.15,hispanic,,,no (not latino or hispanic),white
2894225,63812,,,"$50,000 to $59,999",high school graduate - high school diploma or the equivalent (ged),,,12,Middle,HS,,2,,,,,,,,"white, non-hispanic","white, non-hispanic","White, Non-Hispanic",,
2895566,3365,3365.0,3365.0,"$25,000 to $29,999","some college, no degree",bachelor's degree,i earned more,8,Low,Some college,Bachelor's+,3,4.0,Partner higher,,,yes,,36.0,"white, non-hispanic",,,no (not latino or hispanic),white
2896195,23157,,,"$75,000 to $84,999","some college, no degree",,,14,High,Some college,,3,,,,,,,,"white, non-hispanic","white, non-hispanic","White, Non-Hispanic",,
2897401,90139,90139.0,90139.0,"$75,000 to $84,999","some college, no degree","some college, no degree",i earned more,14,High,Some college,Some college,3,3.0,Same education level,,,,,10.0,hispanic,hispanic,Hispanic,no (not latino or hispanic),asian or pacific islander
2898641,18976,18976.0,18976.0,"$150,000 to $174,999",bachelors degree,associate degree,partner earned more,18,High,Bachelor's+,Some college,4,3.0,Respondent higher,,,,,35.0,"white, non-hispanic","white, non-hispanic",,no (not latino or hispanic),white
2899523,102961,,,"$40,000 to $49,999",masters degree,,,11,Middle,Bachelor's+,,4,,,,,,,,"white, non-hispanic","white, non-hispanic",,,
2901465,4684,4684.0,4684.0,"$7,500 to $9,999","some college, no degree","some college, no degree",we earned about the same amount,3,Low,Some college,Some college,3,3.0,Same education level,no,we broke up,,,0.05,"white, non-hispanic","other, non-hispanic",,no (not latino or hispanic),white
2902291,12055,12055.0,12055.0,"$100,000 to $124,999",bachelors degree,associate degree,partner earned more,16,High,Bachelor's+,Some college,4,3.0,Respondent higher,,,,,6.0,"2+ races, non-hispanic","white, non-hispanic","White, Non-Hispanic",no (not latino or hispanic),white
2903453,79991,79991.0,79991.0,"$25,000 to $29,999","some college, no degree","some college, no degree",partner earned more,8,Low,Some college,Some college,3,3.0,Same education level,yes,,,,10.0,"white, non-hispanic","white, non-hispanic",,no (not latino or hispanic),white
2904546,906,906.0,906.0,"$125,000 to $149,999",masters degree,associate degree,i earned more,17,High,Bachelor's+,Some college,4,3.0,Respondent higher,yes,,yes,,12.0,"white, non-hispanic","white, non-hispanic","White, Non-Hispanic",no (not latino or hispanic),white
2905436,57681,57681.0,57681.0,"$75,000 to $84,999",high school graduate - high school diploma or the equivalent (ged),associate degree,partner earned more,14,High,HS,Some college,2,3.0,Partner higher,,,,,10.0,"white, non-hispanic","white, non-hispanic",,no (not latino or hispanic),white
2906325,31979,31979.0,31979.0,"$50,000 to $59,999",high school graduate - high school diploma or the equivalent (ged),hs graduate or ged,i earned more,12,Middle,HS,HS,2,2.0,Same education level,yes,,,,2.5,"white, non-hispanic","white, non-hispanic",,no (not latino or hispanic),white
2907761,33029,33029.0,33029.0,"$40,000 to $49,999",7th or 8th grade,master's degree,partner earned more,11,Middle,Less than HS,Bachelor's+,1,4.0,Partner higher,,,,,52.0,"white, non-hispanic","white, non-hispanic",,no (not latino or hispanic),white
2908413,264379,264379.0,264379.0,"$40,000 to $49,999",bachelors degree,associate degree,we earned about the same amount,11,Middle,Bachelor's+,Some college,4,3.0,Respondent higher,,,,,0.15,"black, non-hispanic","black, non-hispanic","Black, Non-Hispanic",no (not latino or hispanic),black or african american
2910801,30773,30773.0,30773.0,"$85,000 to $99,999",11th grade,hs graduate or ged,i earned more,15,High,Less than HS,HS,1,2.0,Partner higher,,,,,60.0,"black, non-hispanic","black, non-hispanic","Black, Non-Hispanic",no (not latino or hispanic),black or african american
2911455,75273,,,"$7,500 to $9,999",bachelors degree,,,3,Low,Bachelor's+,,4,,,,,,,,"white, non-hispanic","white, non-hispanic",,,
2912753,86267,,,"$15,000 to $19,999",high school graduate - high school diploma or the equivalent (ged),,,6,Low,HS,,2,,,,,,,,"white, non-hispanic","white, non-hispanic",,,
2913266,63165,63165.0,63165.0,"$75,000 to $84,999",masters degree,bachelor's degree,i earned more,14,High,Bachelor's+,Bachelor's+,4,4.0,Same education level,,,,,8.0,"white, non-hispanic","white, non-hispanic","White, Non-Hispanic",no (not latino or hispanic),white
2914495,40027,,,"$25,000 to $29,999","some college, no degree",,,8,Low,Some college,,3,,,,,,,,"black, non-hispanic","black, non-hispanic","Black, Non-Hispanic",,
2915356,78371,78371.0,78371.0,"$40,000 to $49,999",bachelors degree,"some college, no degree",i earned more,11,Middle,Bachelor's+,Some college,4,3.0,Respondent higher,yes,,no,Other (please describe),2.5,hispanic,hispanic,Hispanic,"yes, other latino/hispanic",white
2916575,56584,,,"$7,500 to $9,999",bachelors degree,,,3,Low,Bachelor's+,,4,,,,,,,,"white, non-hispanic","white, non-hispanic","White, Non-Hispanic",,
2917751,74936,74936.0,74936.0,"$40,000 to $49,999",10th grade,hs graduate or ged,partner earned more,11,Middle,Less than HS,HS,1,2.0,Partner higher,,,,,54.0,"black, non-hispanic",,,no (not latino or hispanic),black or african american
2918525,4439,4439.0,4439.0,"$85,000 to $99,999",bachelors degree,bachelor's degree,partner earned more,15,High,Bachelor's+,Bachelor's+,4,4.0,Same education level,,,,,5.0,hispanic,hispanic,Hispanic,no (not latino or hispanic),white
2919505,1369,1369.0,1369.0,"$100,000 to $124,999",bachelors degree,bachelor's degree,partner earned more,16,High,Bachelor's+,Bachelor's+,4,4.0,Same education level,,,,,22.0,"white, non-hispanic","white, non-hispanic","White, Non-Hispanic",no (not latino or hispanic),white
2920513,2638,2638.0,2638.0,"$50,000 to $59,999",bachelors degree,hs graduate or ged,partner earned more,12,Middle,Bachelor's+,HS,4,2.0,Respondent higher,,,,,6.0,hispanic,,,no (not latino or hispanic),black or african american
2923486,2426,2426.0,2426.0,"$85,000 to $99,999",professional or doctorate degree,"some college, no degree",i earned more,15,High,Bachelor's+,Some college,4,3.0,Respondent higher,yes,,yes,,19.0,"white, non-hispanic","white, non-hispanic","White, Non-Hispanic",no (not latino or hispanic),white
2924471,56486,56486.0,56486.0,"$100,000 to $124,999",bachelors degree,bachelor's degree,i earned more,16,High,Bachelor's+,Bachelor's+,4,4.0,Same education level,,,,,24.0,"white, non-hispanic","white, non-hispanic","White, Non-Hispanic",no (not latino or hispanic),white
2925235,66388,66388.0,66388.0,"$20,000 to $24,999",10th grade,11th grade,i earned more,7,Low,Less than HS,Less than HS,1,1.0,Same education level,,,,,5.0,"white, non-hispanic","white, non-hispanic",,no (not latino or hispanic),white
2926403,39365,39365.0,39365.0,"$125,000 to $149,999",high school graduate - high school diploma or the equivalent (ged),bachelor's degree,partner earned more,17,High,HS,Bachelor's+,2,4.0,Partner higher,no,we broke up,,,1.5,"white, non-hispanic","white, non-hispanic","White, Non-Hispanic",no (not latino or hispanic),white
2927215,54609,,,"$85,000 to $99,999","some college, no degree",,,15,High,Some college,,3,,,,,,,,"white, non-hispanic","white, non-hispanic",,,
2928503,71041,71041.0,71041.0,"$100,000 to $124,999",bachelors degree,"some college, no degree",we earned about the same amount,16,High,Bachelor's+,Some college,4,3.0,Respondent higher,no,we broke up,,,1.5,"black, non-hispanic",,,"yes, puerto rican",white
2929295,238164,238164.0,238164.0,"$30,000 to $34,999",bachelors degree,11th grade,partner earned more,9,Low,Bachelor's+,Less than HS,4,1.0,Respondent higher,yes,,yes,,13.0,hispanic,hispanic,Hispanic,"yes, mexican, mexican american, chicano",other (please specify)
2931391,106545,106545.0,106545.0,"$30,000 to $34,999",bachelors degree,hs graduate or ged,i earned more,9,Low,Bachelor's+,HS,4,2.0,Respondent higher,,,,,13.0,hispanic,hispanic,Hispanic,"yes, other latino/hispanic",white
2932541,124833,124833.0,124833.0,"$50,000 to $59,999",high school graduate - high school diploma or the equivalent (ged),"some college, no degree",we earned about the same amount,12,Middle,HS,Some college,2,3.0,Partner higher,,,,,28.0,"white, non-hispanic","white, non-hispanic","White, Non-Hispanic",no (not latino or hispanic),white
2933625,23249,,,"$10,000 to $12,499",12th grade no diploma,,,4,Low,Less than HS,,1,,,,,,,,"white, non-hispanic","white, non-hispanic","White, Non-Hispanic",,
2934316,7770,7770.0,7770.0,"$15,000 to $19,999","some college, no degree",bachelor's degree,i earned more,6,Low,Some college,Bachelor's+,3,4.0,Partner higher,,,,,12.0,hispanic,"2+ races, non-hispanic","2+ Races, Non-Hispanic",no (not latino or hispanic),white
2935476,1596,1596.0,1596.0,"$60,000 to $74,999","some college, no degree","some college, no degree",we earned about the same amount,13,Middle,Some college,Some college,3,3.0,Same education level,,,,,7.0,"white, non-hispanic","white, non-hispanic",,no (not latino or hispanic),asian or pacific islander
2936265,101498,101498.0,101498.0,"$40,000 to $49,999",high school graduate - high school diploma or the equivalent (ged),"some college, no degree",we earned about the same amount,11,Middle,HS,Some college,2,3.0,Partner higher,yes,,,,1.5,"white, non-hispanic","white, non-hispanic",,no (not latino or hispanic),white
2937511,66233,66233.0,66233.0,"$35,000 to $39,999",high school graduate - high school diploma or the equivalent (ged),hs graduate or ged,partner earned more,10,Low,HS,HS,2,2.0,Same education level,,,,,31.0,"white, non-hispanic","white, non-hispanic",,no (not latino or hispanic),white
2939601,71406,71406.0,71406.0,"$50,000 to $59,999",10th grade,hs graduate or ged,partner earned more,12,Middle,Less than HS,HS,1,2.0,Partner higher,,,,,40.0,"white, non-hispanic","white, non-hispanic",,no (not latino or hispanic),white
2940495,3242,3242.0,3242.0,"$175,000 or more",professional or doctorate degree,bachelor's degree,i earned more,19,High,Bachelor's+,Bachelor's+,4,4.0,Same education level,,,no,We broke up,0.45,"white, non-hispanic",,,no (not latino or hispanic),white
2941421,62628,62628.0,62628.0,"$50,000 to $59,999",high school graduate - high school diploma or the equivalent (ged),"some college, no degree",partner earned more,12,Middle,HS,Some college,2,3.0,Partner higher,,,,,23.0,"white, non-hispanic",,,no (not latino or hispanic),white
2942506,892,892.0,892.0,"$150,000 to $174,999","some college, no degree",bachelor's degree,partner earned more,18,High,Some college,Bachelor's+,3,4.0,Partner higher,yes,,yes,,21.0,"white, non-hispanic","white, non-hispanic","White, Non-Hispanic",no (not latino or hispanic),white
2943451,181585,181585.0,181585.0,"$60,000 to $74,999",high school graduate - high school diploma or the equivalent (ged),hs graduate or ged,partner earned more,13,Middle,HS,HS,2,2.0,Same education level,,,,,24.0,"white, non-hispanic","white, non-hispanic",,no (not latino or hispanic),white
2944772,90125,90125.0,90125.0,"$30,000 to $34,999",12th grade no diploma,hs graduate or ged,i earned more,9,Low,Less than HS,HS,1,2.0,Partner higher,,,,,61.0,"black, non-hispanic","black, non-hispanic",,no (not latino or hispanic),black or african american
2945701,49737,49737.0,49737.0,"$50,000 to $59,999",high school graduate - high school diploma or the equivalent (ged),hs graduate or ged,partner earned more,12,Middle,HS,HS,2,2.0,Same education level,,,,,22.0,"white, non-hispanic","white, non-hispanic",,no (not latino or hispanic),white
2947543,24210,24210.0,24210.0,"$40,000 to $49,999","some college, no degree",hs graduate or ged,partner earned more,11,Middle,Some college,HS,3,2.0,Respondent higher,yes,,yes,,13.0,"white, non-hispanic","white, non-hispanic","White, Non-Hispanic",no (not latino or hispanic),white
2948394,72218,72218.0,72218.0,"$60,000 to $74,999",high school graduate - high school diploma or the equivalent (ged),associate degree,i earned more,13,Middle,HS,Some college,2,3.0,Partner higher,,,,,17.0,"white, non-hispanic","white, non-hispanic",,no (not latino or hispanic),white
2949755,1802,1802.0,1802.0,"$12,500 to $14,999",bachelors degree,master's degree,partner earned more,5,Low,Bachelor's+,Bachelor's+,4,4.0,Same education level,,,,,14.0,"white, non-hispanic",,,no (not latino or hispanic),other (please specify)
2950445,125130,125130.0,125130.0,"$30,000 to $34,999",high school graduate - high school diploma or the equivalent (ged),"some college, no degree",we earned about the same amount,9,Low,HS,Some college,2,3.0,Partner higher,yes,,,,1.5,"black, non-hispanic","black, non-hispanic",,"yes, cuban",other (please specify)
2951803,156905,,,"$40,000 to $49,999",masters degree,,,11,Middle,Bachelor's+,,4,,,,,,,,"white, non-hispanic","white, non-hispanic","White, Non-Hispanic",,
2954512,166873,,,"$60,000 to $74,999",associate degree,,,13,Middle,Some college,,3,,,,,,,,"white, non-hispanic","white, non-hispanic",,,
2955792,51380,,,"$35,000 to $39,999",professional or doctorate degree,,,10,Low,Bachelor's+,,4,,,,,,,,"white, non-hispanic","white, non-hispanic",,,
2956541,13961,,,"$50,000 to $59,999",bachelors degree,,,12,Middle,Bachelor's+,,4,,,,,,,,"2+ races, non-hispanic","white, non-hispanic",,,
2957255,132423,,,"$30,000 to $34,999",high school graduate - high school diploma or the equivalent (ged),,,9,Low,HS,,2,,,,,,,,"black, non-hispanic","2+ races, non-hispanic",,,
2958495,26960,26960.0,26960.0,"$75,000 to $84,999",professional or doctorate degree,"some college, no degree",i earned more,14,High,Bachelor's+,Some college,4,3.0,Respondent higher,yes,,yes,,7.0,"white, non-hispanic","white, non-hispanic","White, Non-Hispanic",no (not latino or hispanic),white
2959235,29085,29085.0,29085.0,"$60,000 to $74,999",bachelors degree,associate degree,i earned more,13,Middle,Bachelor's+,Some college,4,3.0,Respondent higher,yes,,no,We broke up,1.5,"white, non-hispanic","white, non-hispanic","White, Non-Hispanic",no (not latino or hispanic),white
2960245,236548,,,"less than $5,000",high school graduate - high school diploma or the equivalent (ged),,,1,Low,HS,,2,,,,,,,,"white, non-hispanic","white, non-hispanic",,,
2961446,9390,9390.0,9390.0,"$85,000 to $99,999",bachelors degree,"some college, no degree",i earned more,15,High,Bachelor's+,Some college,4,3.0,Respondent higher,yes,,yes,,9.0,hispanic,hispanic,,no (not latino or hispanic),white
2962421,56693,56693.0,56693.0,"$75,000 to $84,999",bachelors degree,bachelor's degree,i earned more,14,High,Bachelor's+,Bachelor's+,4,4.0,Same education level,yes,,yes,,2.5,"white, non-hispanic","white, non-hispanic","White, Non-Hispanic",no (not latino or hispanic),white
2963351,86346,86346.0,86346.0,"$75,000 to $84,999",bachelors degree,bachelor's degree,i earned more,14,High,Bachelor's+,Bachelor's+,4,4.0,Same education level,,,,,14.0,hispanic,hispanic,Hispanic,no (not latino or hispanic),white
2964195,52687,52687.0,52687.0,"$100,000 to $124,999","some college, no degree","some college, no degree",i earned more,16,High,Some college,Some college,3,3.0,Same education level,,,,,4.0,"white, non-hispanic","white, non-hispanic",,no (not latino or hispanic),black or african american
2965291,77566,77566.0,77566.0,"$20,000 to $24,999",high school graduate - high school diploma or the equivalent (ged),"some college, no degree",partner earned more,7,Low,HS,Some college,2,3.0,Partner higher,,,,,11.0,"white, non-hispanic","white, non-hispanic","White, Non-Hispanic",no (not latino or hispanic),white
2966535,522,,,"$30,000 to $34,999",masters degree,,,9,Low,Bachelor's+,,4,,,,,,,,"2+ races, non-hispanic","2+ races, non-hispanic",,,
2967381,101413,101413.0,101413.0,"$20,000 to $24,999",high school graduate - high school diploma or the equivalent (ged),no formal education,partner earned more,7,Low,HS,Less than HS,2,1.0,Respondent higher,,,,,9.0,hispanic,hispanic,Hispanic,"yes, mexican, mexican american, chicano",other (please specify)
2968566,992,992.0,992.0,"$75,000 to $84,999",masters degree,master's degree,partner earned more,14,High,Bachelor's+,Bachelor's+,4,4.0,Same education level,yes,,yes,,29.0,"white, non-hispanic","white, non-hispanic",,no (not latino or hispanic),white
2969211,182841,182841.0,182841.0,"$15,000 to $19,999","some college, no degree",hs graduate or ged,partner earned more,6,Low,Some college,HS,3,2.0,Respondent higher,,,,,5.0,"other, non-hispanic","other, non-hispanic",,no (not latino or hispanic),asian or pacific islander
2970391,51289,51289.0,51289.0,"$175,000 or more",masters degree,bachelor's degree,i earned more,19,High,Bachelor's+,Bachelor's+,4,4.0,Same education level,,,,,17.0,"white, non-hispanic","white, non-hispanic","White, Non-Hispanic",no (not latino or hispanic),white
2971315,67651,67651.0,67651.0,"$50,000 to $59,999",bachelors degree,"some college, no degree",partner earned more,12,Middle,Bachelor's+,Some college,4,3.0,Respondent higher,no,we broke up,,,0.75,hispanic,hispanic,Hispanic,no (not latino or hispanic),white
2972195,49801,49801.0,49801.0,"$75,000 to $84,999","some college, no degree",hs graduate or ged,partner earned more,14,High,Some college,HS,3,2.0,Respondent higher,,,,,1.5,"white, non-hispanic","white, non-hispanic","White, Non-Hispanic",no (not latino or hispanic),white
2973265,9373,9373.0,9373.0,"$175,000 or more",professional or doctorate degree,professional or doctorate degree,i earned more,19,High,Bachelor's+,Bachelor's+,4,4.0,Same education level,no,,,,14.0,"other, non-hispanic","other, non-hispanic","Other, Non-Hispanic",no (not latino or hispanic),white
2974271,102905,102905.0,102905.0,"$60,000 to $74,999",masters degree,bachelor's degree,i earned more,13,Middle,Bachelor's+,Bachelor's+,4,4.0,Same education level,,,,,12.0,"black, non-hispanic","black, non-hispanic","Black, Non-Hispanic",no (not latino or hispanic),black or african american
2975453,2104,2104.0,2104.0,"$12,500 to $14,999",bachelors degree,master's degree,we earned about the same amount,5,Low,Bachelor's+,Bachelor's+,4,4.0,Same education level,yes,,yes,,1.5,"white, non-hispanic","white, non-hispanic","White, Non-Hispanic","yes, other latino/hispanic",white
2976481,60268,60268.0,60268.0,"$35,000 to $39,999",high school graduate - high school diploma or the equivalent (ged),hs graduate or ged,partner earned more,10,Low,HS,HS,2,2.0,Same education level,,,,,28.0,"white, non-hispanic","white, non-hispanic",,no (not latino or hispanic),white
2977341,93608,93608.0,93608.0,"$35,000 to $39,999",high school graduate - high school diploma or the equivalent (ged),"some college, no degree",i earned more,10,Low,HS,Some college,2,3.0,Partner higher,,,,,8.0,"white, non-hispanic","white, non-hispanic","White, Non-Hispanic",no (not latino or hispanic),white
2978391,81193,81193.0,81193.0,"$100,000 to $124,999",bachelors degree,hs graduate or ged,i earned more,16,High,Bachelor's+,HS,4,2.0,Respondent higher,,,,,16.0,"white, non-hispanic","white, non-hispanic","White, Non-Hispanic",no (not latino or hispanic),white
2979633,65071,65071.0,65071.0,"$10,000 to $12,499",associate degree,master's degree,partner earned more,4,Low,Some college,Bachelor's+,3,4.0,Partner higher,no,other (please describe),,,0.75,"white, non-hispanic","white, non-hispanic","White, Non-Hispanic",no (not latino or hispanic),white
2980466,2156,2156.0,2156.0,"$150,000 to $174,999",bachelors degree,bachelor's degree,we earned about the same amount,18,High,Bachelor's+,Bachelor's+,4,4.0,Same education level,,,,,12.0,"white, non-hispanic",,,no (not latino or hispanic),white
2981255,67338,,,"$100,000 to $124,999",bachelors degree,,,16,High,Bachelor's+,,4,,,,,,,,"white, non-hispanic","white, non-hispanic","White, Non-Hispanic",,
2982581,115514,115514.0,115514.0,"$60,000 to $74,999",high school graduate - high school diploma or the equivalent (ged),bachelor's degree,i earned more,13,Middle,HS,Bachelor's+,2,4.0,Partner higher,,,,,19.0,hispanic,"white, non-hispanic","White, Non-Hispanic",no (not latino or hispanic),white
2983365,80024,80024.0,80024.0,"$40,000 to $49,999",masters degree,hs graduate or ged,i earned more,11,Middle,Bachelor's+,HS,4,2.0,Respondent higher,no,we broke up,,,0.75,hispanic,hispanic,Hispanic,no (not latino or hispanic),other (please specify)
2984311,39682,39682.0,39682.0,"$50,000 to $59,999",associate degree,associate degree,i earned more,12,Middle,Some college,Some college,3,3.0,Same education level,,,,,9.0,"white, non-hispanic","white, non-hispanic","White, Non-Hispanic",no (not latino or hispanic),white
2985453,103898,103898.0,103898.0,"$50,000 to $59,999",high school graduate - high school diploma or the equivalent (ged),hs graduate or ged,partner earned more,12,Middle,HS,HS,2,2.0,Same education level,yes,,,,13.0,"white, non-hispanic","2+ races, non-hispanic","White, Non-Hispanic",no (not latino or hispanic),white
2986301,67010,67010.0,67010.0,"$60,000 to $74,999",bachelors degree,bachelor's degree,partner earned more,13,Middle,Bachelor's+,Bachelor's+,4,4.0,Same education level,,,,,6.0,hispanic,hispanic,Hispanic,no (not latino or hispanic),white
2987583,121074,121074.0,121074.0,"$15,000 to $19,999",11th grade,12th grade no diploma,i earned more,6,Low,Less than HS,Less than HS,1,1.0,Same education level,yes,,,,41.0,"black, non-hispanic","black, non-hispanic",,"yes, other latino/hispanic",black or african american
2988441,64149,64149.0,64149.0,"$85,000 to $99,999",high school graduate - high school diploma or the equivalent (ged),hs graduate or ged,partner earned more,15,High,HS,HS,2,2.0,Same education level,,,,,13.0,"white, non-hispanic","white, non-hispanic","White, Non-Hispanic",no (not latino or hispanic),white
2989771,34846,34846.0,34846.0,"$60,000 to $74,999",bachelors degree,bachelor's degree,i earned more,13,Middle,Bachelor's+,Bachelor's+,4,4.0,Same education level,,,,,54.0,"white, non-hispanic","white, non-hispanic",,no (not latino or hispanic),white
2990611,90895,90895.0,90895.0,"$100,000 to $124,999",high school graduate - high school diploma or the equivalent (ged),associate degree,i earned more,16,High,HS,Some college,2,3.0,Partner higher,,,,,34.0,hispanic,hispanic,Hispanic,"yes, mexican, mexican american, chicano",white
2991315,144795,144795.0,144795.0,"$50,000 to $59,999",high school graduate - high school diploma or the equivalent (ged),hs graduate or ged,partner earned more,12,Middle,HS,HS,2,2.0,Same education level,no,we broke up,,,4.0,"other, non-hispanic","white, non-hispanic","Other, Non-Hispanic",no (not latino or hispanic),white
2992381,60120,60120.0,60120.0,"$75,000 to $84,999",bachelors degree,associate degree,i earned more,14,High,Bachelor's+,Some college,4,3.0,Respondent higher,,,,,14.0,"black, non-hispanic","black, non-hispanic","Black, Non-Hispanic",no (not latino or hispanic),black or african american
2994215,133194,,,"$100,000 to $124,999","some college, no degree",,,16,High,Some college,,3,,,,,,,,hispanic,hispanic,Hispanic,,
2995451,3254,3254.0,3254.0,"$150,000 to $174,999",bachelors degree,professional or doctorate degree,partner earned more,18,High,Bachelor's+,Bachelor's+,4,4.0,Same education level,,,,,29.0,"white, non-hispanic","white, non-hispanic","White, Non-Hispanic",no (not latino or hispanic),white
2996723,103209,,,"$5,000 to $7,499",high school graduate - high school diploma or the equivalent (ged),,,2,Low,HS,,2,,,,,,,,"white, non-hispanic","white, non-hispanic","White, Non-Hispanic",,
2997563,264379,264379.0,264379.0,"$40,000 to $49,999",bachelors degree,12th grade no diploma,i earned more,11,Middle,Bachelor's+,Less than HS,4,1.0,Respondent higher,yes,,yes,,4.0,hispanic,hispanic,Hispanic,no (not latino or hispanic),white
2998705,46769,,,"$15,000 to $19,999",high school graduate - high school diploma or the equivalent (ged),,,6,Low,HS,,2,,,,,,,,"white, non-hispanic","white, non-hispanic",,,
2999674,64765,,,"$7,500 to $9,999",associate degree,,,3,Low,Some college,,3,,,,,,,,hispanic,hispanic,Hispanic,,
3000751,21444,21444.0,21444.0,"$30,000 to $34,999",9th grade,hs graduate or ged,i earned more,9,Low,Less than HS,HS,1,2.0,Partner higher,,,,,56.0,"white, non-hispanic","white, non-hispanic","White, Non-Hispanic",no (not latino or hispanic),white
3001575,1088,,,"$60,000 to $74,999",masters degree,,,13,Middle,Bachelor's+,,4,,,,,,,,"white, non-hispanic",,,,
3003565,120093,,,"$25,000 to $29,999","some college, no degree",,,8,Low,Some college,,3,,,,,,,,"black, non-hispanic","white, non-hispanic","Black, Non-Hispanic",,
3004285,52092,52092.0,52092.0,"$50,000 to $59,999",bachelors degree,"some college, no degree",i earned more,12,Middle,Bachelor's+,Some college,4,3.0,Respondent higher,no,we broke up,,,0.45,"white, non-hispanic","white, non-hispanic","White, Non-Hispanic",no (not latino or hispanic),white
3005451,133387,133387.0,133387.0,"$40,000 to $49,999",high school graduate - high school diploma or the equivalent (ged),"some college, no degree",i earned more,11,Middle,HS,Some college,2,3.0,Partner higher,,,,,6.0,hispanic,hispanic,Hispanic,no (not latino or hispanic),white
3006481,44487,44487.0,44487.0,"$30,000 to $34,999",high school graduate - high school diploma or the equivalent (ged),hs graduate or ged,i earned more,9,Low,HS,HS,2,2.0,Same education level,,,,,25.0,"white, non-hispanic","white, non-hispanic",,no (not latino or hispanic),white
3007443,4309,4309.0,4309.0,"$20,000 to $24,999",bachelors degree,bachelor's degree,partner earned more,7,Low,Bachelor's+,Bachelor's+,4,4.0,Same education level,yes,,no,We broke up,4.0,"white, non-hispanic","white, non-hispanic","White, Non-Hispanic",no (not latino or hispanic),white
3008511,38062,38062.0,38062.0,"$60,000 to $74,999",high school graduate - high school diploma or the equivalent (ged),hs graduate or ged,partner earned more,13,Middle,HS,HS,2,2.0,Same education level,,,,,23.0,"white, non-hispanic",,,no (not latino or hispanic),white
3009346,3939,3939.0,3939.0,"$85,000 to $99,999",bachelors degree,hs graduate or ged,i earned more,15,High,Bachelor's+,HS,4,2.0,Respondent higher,yes,,yes,,6.0,"white, non-hispanic","white, non-hispanic","White, Non-Hispanic",no (not latino or hispanic),white
3010291,53330,53330.0,53330.0,"$60,000 to $74,999","some college, no degree","some college, no degree",partner earned more,13,Middle,Some college,Some college,3,3.0,Same education level,,,,,12.0,"white, non-hispanic","white, non-hispanic",,no (not latino or hispanic),white
3011245,151463,,,"$125,000 to $149,999",associate degree,,,17,High,Some college,,3,,,,,,,,"white, non-hispanic","white, non-hispanic",,,
3012503,3178,3178.0,3178.0,"$7,500 to $9,999","some college, no degree",hs graduate or ged,i earned more,3,Low,Some college,HS,3,2.0,Respondent higher,,,,,0.75,"white, non-hispanic",,,"yes, mexican, mexican american, chicano",other (please specify)
3013891,84795,84795.0,84795.0,"$75,000 to $84,999",masters degree,master's degree,i earned more,14,High,Bachelor's+,Bachelor's+,4,4.0,Same education level,,,,,64.0,hispanic,hispanic,,no (not latino or hispanic),white
3014445,2316,2316.0,2316.0,"$40,000 to $49,999",bachelors degree,hs graduate or ged,partner earned more,11,Middle,Bachelor's+,HS,4,2.0,Respondent higher,yes,,yes,,0.15,"black, non-hispanic","black, non-hispanic",,no (not latino or hispanic),black or african american
3015621,41483,41483.0,41483.0,"$40,000 to $49,999",12th grade no diploma,"some college, no degree",partner earned more,11,Middle,Less than HS,Some college,1,3.0,Partner higher,,,,,42.0,"2+ races, non-hispanic","2+ races, non-hispanic","2+ Races, Non-Hispanic",no (not latino or hispanic),white
3016311,65379,65379.0,65379.0,"$75,000 to $84,999",bachelors degree,master's degree,partner earned more,14,High,Bachelor's+,Bachelor's+,4,4.0,Same education level,,,,,13.0,hispanic,hispanic,Hispanic,no (not latino or hispanic),black or african american
3017733,536,,,"$30,000 to $34,999",professional or doctorate degree,,,9,Low,Bachelor's+,,4,,,,,,,,"white, non-hispanic","white, non-hispanic","White, Non-Hispanic",,
3021321,34761,34761.0,34761.0,"$85,000 to $99,999","some college, no degree",master's degree,partner earned more,15,High,Some college,Bachelor's+,3,4.0,Partner higher,,,,,15.0,"white, non-hispanic","white, non-hispanic",,no (not latino or hispanic),white
3022245,14869,14869.0,14869.0,"$85,000 to $99,999","some college, no degree","some college, no degree",partner earned more,15,High,Some college,Some college,3,3.0,Same education level,yes,,,,1.5,"2+ races, non-hispanic","2+ races, non-hispanic","2+ Races, Non-Hispanic",no (not latino or hispanic),white
3023281,65052,65052.0,65052.0,"$100,000 to $124,999","some college, no degree",associate degree,i earned more,16,High,Some college,Some college,3,3.0,Same education level,,,,,6.0,"white, non-hispanic","white, non-hispanic",,no (not latino or hispanic),white
3024391,4902,4902.0,4902.0,"$150,000 to $174,999","some college, no degree","some college, no degree",i earned more,18,High,Some college,Some college,3,3.0,Same education level,,,,,19.0,"white, non-hispanic",,"White, Non-Hispanic",no (not latino or hispanic),white
3025406,6403,6403.0,6403.0,"$75,000 to $84,999","some college, no degree","some college, no degree",partner earned more,14,High,Some college,Some college,3,3.0,Same education level,yes,,yes,,2.5,"black, non-hispanic","black, non-hispanic","Black, Non-Hispanic",no (not latino or hispanic),white
3026461,86500,86500.0,86500.0,"$75,000 to $84,999",high school graduate - high school diploma or the equivalent (ged),"some college, no degree",i earned more,14,High,HS,Some college,2,3.0,Partner higher,,,,,30.0,"white, non-hispanic","white, non-hispanic","White, Non-Hispanic",no (not latino or hispanic),white
3027506,124047,124047.0,124047.0,"$60,000 to $74,999",9th grade,associate degree,i earned more,13,Middle,Less than HS,Some college,1,3.0,Partner higher,yes,,yes,,8.0,"white, non-hispanic","white, non-hispanic","White, Non-Hispanic",no (not latino or hispanic),white
3028411,56528,56528.0,56528.0,"$60,000 to $74,999",associate degree,10th grade,i earned more,13,Middle,Some college,Less than HS,3,1.0,Respondent higher,,,,,22.0,"white, non-hispanic","white, non-hispanic","White, Non-Hispanic",no (not latino or hispanic),white
3029471,54518,54518.0,54518.0,"$40,000 to $49,999",high school graduate - high school diploma or the equivalent (ged),hs graduate or ged,we earned about the same amount,11,Middle,HS,HS,2,2.0,Same education level,,,,,18.0,"white, non-hispanic",,,no (not latino or hispanic),white
3030281,46889,46889.0,46889.0,"$60,000 to $74,999",bachelors degree,master's degree,i earned more,13,Middle,Bachelor's+,Bachelor's+,4,4.0,Same education level,,,,,4.0,"white, non-hispanic",,,no (not latino or hispanic),white
3031421,71866,71866.0,71866.0,"$50,000 to $59,999",high school graduate - high school diploma or the equivalent (ged),hs graduate or ged,i earned more,12,Middle,HS,HS,2,2.0,Same education level,,,,,12.0,"white, non-hispanic","white, non-hispanic","White, Non-Hispanic",no (not latino or hispanic),white
3033485,4173,,,"$75,000 to $84,999",bachelors degree,,,14,High,Bachelor's+,,4,,,,,,,,hispanic,hispanic,Hispanic,,
3034424,77762,,,"$40,000 to $49,999",high school graduate - high school diploma or the equivalent (ged),,,11,Middle,HS,,2,,,,,,,,hispanic,,,,
3035195,46581,46581.0,46581.0,"$100,000 to $124,999","some college, no degree","some college, no degree",we earned about the same amount,16,High,Some college,Some college,3,3.0,Same education level,no,we broke up,,,0.45,"white, non-hispanic","white, non-hispanic","White, Non-Hispanic",no (not latino or hispanic),white
3036695,1541,,,"$40,000 to $49,999",masters degree,,,11,Middle,Bachelor's+,,4,,,,,,,,"white, non-hispanic","white, non-hispanic","White, Non-Hispanic",,
3037375,34406,34406.0,34406.0,"$50,000 to $59,999",bachelors degree,associate degree,i earned more,12,Middle,Bachelor's+,Some college,4,3.0,Respondent higher,,,,,1.5,"white, non-hispanic","white, non-hispanic",,no (not latino or hispanic),white
3038731,54391,54391.0,54391.0,"$60,000 to $74,999",10th grade,associate degree,partner earned more,13,Middle,Less than HS,Some college,1,3.0,Partner higher,,,,,34.0,"white, non-hispanic","white, non-hispanic","White, Non-Hispanic",no (not latino or hispanic),white
3039731,63120,63120.0,63120.0,"$20,000 to $24,999",7th or 8th grade,hs graduate or ged,i earned more,7,Low,Less than HS,HS,1,2.0,Partner higher,,,,,18.0,"white, non-hispanic","white, non-hispanic",,no (not latino or hispanic),white
3041271,53794,53794.0,53794.0,"$85,000 to $99,999",associate degree,bachelor's degree,partner earned more,15,High,Some college,Bachelor's+,3,4.0,Partner higher,,,,,11.0,"white, non-hispanic","white, non-hispanic",,no (not latino or hispanic),white
3042661,47901,47901.0,47901.0,"$35,000 to $39,999",12th grade no diploma,"some college, no degree",partner earned more,10,Low,Less than HS,Some college,1,3.0,Partner higher,,,,,34.0,"white, non-hispanic","white, non-hispanic","White, Non-Hispanic",no (not latino or hispanic),white
3043445,4214,4214.0,4214.0,"$30,000 to $34,999",bachelors degree,bachelor's degree,partner earned more,9,Low,Bachelor's+,Bachelor's+,4,4.0,Same education level,,,,,0.45,"white, non-hispanic","white, non-hispanic",,no (not latino or hispanic),white
3044225,25283,25283.0,25283.0,"$150,000 to $174,999","some college, no degree",bachelor's degree,partner earned more,18,High,Some college,Bachelor's+,3,4.0,Partner higher,no,we broke up,,,2.5,"white, non-hispanic","white, non-hispanic","White, Non-Hispanic",no (not latino or hispanic),white
3045335,4315,,,"$75,000 to $84,999","some college, no degree",,,14,High,Some college,,3,,,,,,,,"white, non-hispanic","white, non-hispanic",,,
3046291,99599,99599.0,99599.0,"$125,000 to $149,999",associate degree,hs graduate or ged,partner earned more,17,High,Some college,HS,3,2.0,Respondent higher,,,,,12.0,"white, non-hispanic","white, non-hispanic",,no (not latino or hispanic),white
3047205,22760,22760.0,22760.0,"$85,000 to $99,999","some college, no degree","some college, no degree",i earned more,15,High,Some college,Some college,3,3.0,Same education level,yes,,no,We broke up,2.5,"white, non-hispanic","white, non-hispanic","White, Non-Hispanic",no (not latino or hispanic),white
3048341,48073,48073.0,48073.0,"$60,000 to $74,999",high school graduate - high school diploma or the equivalent (ged),associate degree,i earned more,13,Middle,HS,Some college,2,3.0,Partner higher,,,,,17.0,"white, non-hispanic","white, non-hispanic","White, Non-Hispanic",no (not latino or hispanic),white
3049611,89483,89483.0,89483.0,"$75,000 to $84,999",bachelors degree,bachelor's degree,partner earned more,14,High,Bachelor's+,Bachelor's+,4,4.0,Same education level,,,,,40.0,"black, non-hispanic","black, non-hispanic",,no (not latino or hispanic),black or african american
3050761,46968,46968.0,46968.0,"$35,000 to $39,999",high school graduate - high school diploma or the equivalent (ged),hs graduate or ged,i earned more,10,Low,HS,HS,2,2.0,Same education level,,,,,51.0,"white, non-hispanic","white, non-hispanic","White, Non-Hispanic",no (not latino or hispanic),white
3051565,1130,,,"$30,000 to $34,999","some college, no degree",,,9,Low,Some college,,3,,,,,,,,"white, non-hispanic","white, non-hispanic",,,
3052421,47357,47357.0,47357.0,"$175,000 or more",masters degree,bachelor's degree,partner earned more,19,High,Bachelor's+,Bachelor's+,4,4.0,Same education level,,,,,17.0,"white, non-hispanic","white, non-hispanic","White, Non-Hispanic",no (not latino or hispanic),white
3053585,2764,,,"$60,000 to $74,999",bachelors degree,,,13,Middle,Bachelor's+,,4,,,,,,,,"white, non-hispanic","white, non-hispanic",,,
3054593,188278,,,"$20,000 to $24,999",12th grade no diploma,,,7,Low,Less than HS,,1,,,,,,,,"white, non-hispanic","white, non-hispanic","White, Non-Hispanic",,
3055331,43780,43780.0,43780.0,"$125,000 to $149,999",bachelors degree,"some college, no degree",i earned more,17,High,Bachelor's+,Some college,4,3.0,Respondent higher,,,,,13.0,"white, non-hispanic","white, non-hispanic","White, Non-Hispanic",no (not latino or hispanic),white
3056401,38602,38602.0,38602.0,"$50,000 to $59,999","some college, no degree",bachelor's degree,i earned more,12,Middle,Some college,Bachelor's+,3,4.0,Partner higher,,,,,22.0,"white, non-hispanic","white, non-hispanic",,no (not latino or hispanic),white
3057321,44525,44525.0,44525.0,"$150,000 to $174,999",bachelors degree,associate degree,i earned more,18,High,Bachelor's+,Some college,4,3.0,Respondent higher,,,,,9.0,"black, non-hispanic","black, non-hispanic",,no (not latino or hispanic),black or african american
3059305,35909,,,"$125,000 to $149,999",masters degree,,,17,High,Bachelor's+,,4,,,,,,,,"white, non-hispanic","white, non-hispanic","White, Non-Hispanic",,
3060291,170158,170158.0,170158.0,"$35,000 to $39,999",bachelors degree,"some college, no degree",i earned more,10,Low,Bachelor's+,Some college,4,3.0,Respondent higher,,,,,11.0,"white, non-hispanic","white, non-hispanic","White, Non-Hispanic",no (not latino or hispanic),white
3061245,54281,,,"$40,000 to $49,999",bachelors degree,,,11,Middle,Bachelor's+,,4,,,,,,,,"white, non-hispanic","white, non-hispanic","White, Non-Hispanic",,
3062505,5735,5735.0,5735.0,"$60,000 to $74,999","some college, no degree","some college, no degree",we earned about the same amount,13,Middle,Some college,Some college,3,3.0,Same education level,no,we broke up,,,0.75,hispanic,hispanic,Hispanic,"yes, mexican, mexican american, chicano",white
3063561,166669,166669.0,166669.0,"$60,000 to $74,999",high school graduate - high school diploma or the equivalent (ged),hs graduate or ged,i earned more,13,Middle,HS,HS,2,2.0,Same education level,,,,,24.0,"white, non-hispanic","white, non-hispanic",,no (not latino or hispanic),white
3064321,49875,49875.0,49875.0,"$75,000 to $84,999",professional or doctorate degree,associate degree,i earned more,14,High,Bachelor's+,Some college,4,3.0,Respondent higher,,,,,10.0,"white, non-hispanic",,,no (not latino or hispanic),white
3066491,15802,15802.0,15802.0,"$12,500 to $14,999",10th grade,hs graduate or ged,partner earned more,5,Low,Less than HS,HS,1,2.0,Partner higher,,,,,2.5,"other, non-hispanic","other, non-hispanic","Other, Non-Hispanic",no (not latino or hispanic),white
3068681,45851,45851.0,45851.0,"$50,000 to $59,999",high school graduate - high school diploma or the equivalent (ged),"some college, no degree",partner earned more,12,Middle,HS,Some college,2,3.0,Partner higher,,,,,51.0,"white, non-hispanic","white, non-hispanic",,no (not latino or hispanic),white
3069521,24341,24341.0,24341.0,"$50,000 to $59,999","some college, no degree","some college, no degree",partner earned more,12,Middle,Some college,Some college,3,3.0,Same education level,,,,,27.0,"white, non-hispanic","white, non-hispanic",,no (not latino or hispanic),white
3070361,4460,4460.0,4460.0,"$100,000 to $124,999","some college, no degree",bachelor's degree,partner earned more,16,High,Some college,Bachelor's+,3,4.0,Partner higher,,,,,8.0,"white, non-hispanic","white, non-hispanic","White, Non-Hispanic",no (not latino or hispanic),white
3071566,5547,5547.0,5547.0,"$150,000 to $174,999",bachelors degree,professional or doctorate degree,i earned more,18,High,Bachelor's+,Bachelor's+,4,4.0,Same education level,,,,,33.0,"white, non-hispanic","white, non-hispanic",,no (not latino or hispanic),white
3072336,3670,3670.0,3670.0,"$85,000 to $99,999",masters degree,master's degree,i earned more,15,High,Bachelor's+,Bachelor's+,4,4.0,Same education level,yes,,yes,,4.0,"black, non-hispanic","black, non-hispanic","Black, Non-Hispanic",no (not latino or hispanic),black or african american
3073301,71917,71917.0,71917.0,"$35,000 to $39,999",high school graduate - high school diploma or the equivalent (ged),"some college, no degree",i earned more,10,Low,HS,Some college,2,3.0,Partner higher,,,,,6.0,"white, non-hispanic","white, non-hispanic","White, Non-Hispanic",no (not latino or hispanic),white
3074385,62909,,,"$5,000 to $7,499",high school graduate - high school diploma or the equivalent (ged),,,2,Low,HS,,2,,,,,,,,"white, non-hispanic","other, non-hispanic",,,
3076341,65864,65864.0,65864.0,"$40,000 to $49,999","some college, no degree",bachelor's degree,we earned about the same amount,11,Middle,Some college,Bachelor's+,3,4.0,Partner higher,,,,,12.0,"other, non-hispanic","other, non-hispanic",,no (not latino or hispanic),white
3077584,62085,62085.0,62085.0,"$35,000 to $39,999",high school graduate - high school diploma or the equivalent (ged),hs graduate or ged,i earned more,10,Low,HS,HS,2,2.0,Same education level,,,,,39.0,"white, non-hispanic","white, non-hispanic","White, Non-Hispanic",no (not latino or hispanic),white
3078205,134933,134933.0,134933.0,"$100,000 to $124,999","some college, no degree","some college, no degree",we earned about the same amount,16,High,Some college,Some college,3,3.0,Same education level,,,,,0.75,"other, non-hispanic",,,no (not latino or hispanic),asian or pacific islander
3079225,31481,31481.0,31481.0,"$100,000 to $124,999","some college, no degree",bachelor's degree,i earned more,16,High,Some college,Bachelor's+,3,4.0,Partner higher,,,,,1.5,"white, non-hispanic","white, non-hispanic",,no (not latino or hispanic),white
3081821,55313,55313.0,55313.0,"$60,000 to $74,999",masters degree,bachelor's degree,we earned about the same amount,13,Middle,Bachelor's+,Bachelor's+,4,4.0,Same education level,,,,,52.0,"white, non-hispanic","white, non-hispanic",,no (not latino or hispanic),white
3083461,31096,31096.0,31096.0,"$50,000 to $59,999",high school graduate - high school diploma or the equivalent (ged),associate degree,i earned more,12,Middle,HS,Some college,2,3.0,Partner higher,,,,,10.0,"white, non-hispanic","white, non-hispanic",,no (not latino or hispanic),white
3084662,89433,89433.0,89433.0,"$35,000 to $39,999",bachelors degree,10th grade,i earned more,10,Low,Bachelor's+,Less than HS,4,1.0,Respondent higher,,,,,45.0,"white, non-hispanic","white, non-hispanic","White, Non-Hispanic",no (not latino or hispanic),white
3085491,41576,41576.0,41576.0,"$85,000 to $99,999",bachelors degree,hs graduate or ged,partner earned more,15,High,Bachelor's+,HS,4,2.0,Respondent higher,,,,,9.0,"white, non-hispanic","white, non-hispanic","White, Non-Hispanic",no (not latino or hispanic),white
3086543,60182,,,"$10,000 to $12,499","some college, no degree",,,4,Low,Some college,,3,,,,,,,,"white, non-hispanic","white, non-hispanic",,,
3089355,73632,73632.0,73632.0,"$75,000 to $84,999",bachelors degree,bachelor's degree,i earned more,14,High,Bachelor's+,Bachelor's+,4,4.0,Same education level,yes,,yes,,1.5,hispanic,hispanic,,no (not latino or hispanic),white
3090271,79431,79431.0,79431.0,"$40,000 to $49,999",masters degree,bachelor's degree,partner earned more,11,Middle,Bachelor's+,Bachelor's+,4,4.0,Same education level,,,,,4.0,"white, non-hispanic","white, non-hispanic","White, Non-Hispanic",no (not latino or hispanic),white
3091591,38542,38542.0,38542.0,"$75,000 to $84,999","some college, no degree",master's degree,partner earned more,14,High,Some college,Bachelor's+,3,4.0,Partner higher,,,,,36.0,"white, non-hispanic",,,no (not latino or hispanic),white
3092431,72318,72318.0,72318.0,"$20,000 to $24,999",high school graduate - high school diploma or the equivalent (ged),hs graduate or ged,partner earned more,7,Low,HS,HS,2,2.0,Same education level,,,,,23.0,"white, non-hispanic","white, non-hispanic","2+ Races, Non-Hispanic",no (not latino or hispanic),white
3094385,53579,,,"$25,000 to $29,999","some college, no degree",,,8,Low,Some college,,3,,,,,,,,"white, non-hispanic","white, non-hispanic",,,
3095381,35968,35968.0,35968.0,"$85,000 to $99,999",masters degree,bachelor's degree,i earned more,15,High,Bachelor's+,Bachelor's+,4,4.0,Same education level,,,,,14.0,"2+ races, non-hispanic",,,no (not latino or hispanic),white
3096393,16748,,,"$50,000 to $59,999",masters degree,,,12,Middle,Bachelor's+,,4,,,,,,,,hispanic,hispanic,Hispanic,,
3097321,60014,60014.0,60014.0,"$125,000 to $149,999",high school graduate - high school diploma or the equivalent (ged),"some college, no degree",we earned about the same amount,17,High,HS,Some college,2,3.0,Partner higher,,,,,9.0,"white, non-hispanic","white, non-hispanic","White, Non-Hispanic",no (not latino or hispanic),white
3098574,98693,98693.0,98693.0,"$20,000 to $24,999",high school graduate - high school diploma or the equivalent (ged),hs graduate or ged,i earned more,7,Low,HS,HS,2,2.0,Same education level,,,,,37.0,"black, non-hispanic","black, non-hispanic",,no (not latino or hispanic),black or african american
3099405,204515,204515.0,204515.0,"$35,000 to $39,999","some college, no degree",11th grade,partner earned more,10,Low,Some college,Less than HS,3,1.0,Respondent higher,yes,,no,Other (please describe),1.5,"white, non-hispanic","white, non-hispanic","White, Non-Hispanic",no (not latino or hispanic),white
3100236,71616,71616.0,71616.0,"$85,000 to $99,999",11th grade,hs graduate or ged,partner earned more,15,High,Less than HS,HS,1,2.0,Partner higher,no,we broke up,,,4.0,hispanic,hispanic,Hispanic,no (not latino or hispanic),white
3101251,49237,49237.0,49237.0,"$25,000 to $29,999",associate degree,bachelor's degree,i earned more,8,Low,Some college,Bachelor's+,3,4.0,Partner higher,,,,,7.0,"white, non-hispanic","white, non-hispanic","White, Non-Hispanic",no (not latino or hispanic),white
3102591,46033,46033.0,46033.0,"$60,000 to $74,999",high school graduate - high school diploma or the equivalent (ged),hs graduate or ged,partner earned more,13,Middle,HS,HS,2,2.0,Same education level,,,,,40.0,hispanic,hispanic,Hispanic,no (not latino or hispanic),white
3103245,89961,,,"$125,000 to $149,999",associate degree,,,17,High,Some college,,3,,,,,,,,"white, non-hispanic","white, non-hispanic",,,
3104795,1406,,,"$85,000 to $99,999",professional or doctorate degree,,,15,High,Bachelor's+,,4,,,,,,,,"white, non-hispanic","white, non-hispanic","White, Non-Hispanic",,
3105381,39941,39941.0,39941.0,"$85,000 to $99,999",professional or doctorate degree,bachelor's degree,partner earned more,15,High,Bachelor's+,Bachelor's+,4,4.0,Same education level,,,,,15.0,"white, non-hispanic","white, non-hispanic",,no (not latino or hispanic),white
3106553,86374,,,"$40,000 to $49,999",associate degree,,,11,Middle,Some college,,3,,,,,,,,"black, non-hispanic","black, non-hispanic","Black, Non-Hispanic",,
3107281,43874,43874.0,43874.0,"$60,000 to $74,999",bachelors degree,"some college, no degree",i earned more,13,Middle,Bachelor's+,Some college,4,3.0,Respondent higher,,,,,11.0,"white, non-hispanic","white, non-hispanic","White, Non-Hispanic",no (not latino or hispanic),white
3108802,40260,,,"$15,000 to $19,999",associate degree,,,6,Low,Some college,,3,,,,,,,,"white, non-hispanic","white, non-hispanic",,,
3111281,60914,60914.0,60914.0,"$75,000 to $84,999",bachelors degree,associate degree,i earned more,14,High,Bachelor's+,Some college,4,3.0,Respondent higher,,,,,7.0,"white, non-hispanic","white, non-hispanic","White, Non-Hispanic",no (not latino or hispanic),white
3112501,43949,43949.0,43949.0,"$175,000 or more",masters degree,bachelor's degree,i earned more,19,High,Bachelor's+,Bachelor's+,4,4.0,Same education level,,,,,19.0,"other, non-hispanic","other, non-hispanic",,no (not latino or hispanic),white
3113531,77750,77750.0,77750.0,"$40,000 to $49,999",high school graduate - high school diploma or the equivalent (ged),hs graduate or ged,partner earned more,11,Middle,HS,HS,2,2.0,Same education level,,,,,13.0,"white, non-hispanic","white, non-hispanic","White, Non-Hispanic",no (not latino or hispanic),white
3114671,1951,,,"$20,000 to $24,999","some college, no degree",,,7,Low,Some college,,3,,,,,,,,"other, non-hispanic",,,,
3115366,88410,88410.0,88410.0,"$30,000 to $34,999","some college, no degree",bachelor's degree,partner earned more,9,Low,Some college,Bachelor's+,3,4.0,Partner higher,yes,,,,32.0,hispanic,hispanic,Hispanic,"yes, mexican, mexican american, chicano",white
3116381,119873,119873.0,119873.0,"$85,000 to $99,999",high school graduate - high school diploma or the equivalent (ged),associate degree,partner earned more,15,High,HS,Some college,2,3.0,Partner higher,,,,,20.0,hispanic,hispanic,,no (not latino or hispanic),white
3117445,100261,100261.0,100261.0,"$25,000 to $29,999",high school graduate - high school diploma or the equivalent (ged),5th or 6th grade,i earned more,8,Low,HS,Less than HS,2,1.0,Respondent higher,yes,,yes,,4.0,hispanic,hispanic,Hispanic,"yes, mexican, mexican american, chicano",white
3118812,44293,,,"$20,000 to $24,999",12th grade no diploma,,,7,Low,Less than HS,,1,,,,,,,,"white, non-hispanic","white, non-hispanic","White, Non-Hispanic",,
3119215,68915,68915.0,68915.0,"$7,500 to $9,999",high school graduate - high school diploma or the equivalent (ged),hs graduate or ged,partner earned more,3,Low,HS,HS,2,2.0,Same education level,yes,,yes,,1.5,"white, non-hispanic","white, non-hispanic","White, Non-Hispanic",no (not latino or hispanic),white
3120385,86538,,,"$40,000 to $49,999",high school graduate - high school diploma or the equivalent (ged),,,11,Middle,HS,,2,,,,,,,,"white, non-hispanic","white, non-hispanic","White, Non-Hispanic",,
3121421,98332,98332.0,98332.0,"$40,000 to $49,999",bachelors degree,associate degree,we earned about the same amount,11,Middle,Bachelor's+,Some college,4,3.0,Respondent higher,,,,,4.0,hispanic,hispanic,Hispanic,no (not latino or hispanic),white
3122613,23962,,,"$35,000 to $39,999","some college, no degree",,,10,Low,Some college,,3,,,,,,,,"white, non-hispanic","white, non-hispanic","White, Non-Hispanic",,
3124406,46636,46636.0,46636.0,"$50,000 to $59,999",high school graduate - high school diploma or the equivalent (ged),hs graduate or ged,i earned more,12,Middle,HS,HS,2,2.0,Same education level,no,we broke up,,,7.0,"white, non-hispanic","white, non-hispanic",,no (not latino or hispanic),white
3125275,5438,,,"$85,000 to $99,999","some college, no degree",,,15,High,Some college,,3,,,,,,,,"2+ races, non-hispanic",,"2+ Races, Non-Hispanic",,
3126421,45644,45644.0,45644.0,"$85,000 to $99,999","some college, no degree",bachelor's degree,we earned about the same amount,15,High,Some college,Bachelor's+,3,4.0,Partner higher,,,,,16.0,"white, non-hispanic","white, non-hispanic","White, Non-Hispanic",no (not latino or hispanic),white
3127401,51533,51533.0,51533.0,"$20,000 to $24,999","some college, no degree","some college, no degree",i earned more,7,Low,Some college,Some college,3,3.0,Same education level,,,,,19.0,"white, non-hispanic","white, non-hispanic","White, Non-Hispanic",no (not latino or hispanic),white
3128383,23012,23012.0,23012.0,"$5,000 to $7,499",associate degree,10th grade,i earned more,2,Low,Some college,Less than HS,3,1.0,Respondent higher,,,,,2.5,"white, non-hispanic","white, non-hispanic",,no (not latino or hispanic),white
3129215,27682,27682.0,27682.0,"$100,000 to $124,999","some college, no degree",associate degree,i earned more,16,High,Some college,Some college,3,3.0,Same education level,,,,,0.75,"black, non-hispanic","black, non-hispanic",,no (not latino or hispanic),white
3130391,43560,43560.0,43560.0,"$100,000 to $124,999","some college, no degree",associate degree,partner earned more,16,High,Some college,Some college,3,3.0,Same education level,,,,,18.0,"white, non-hispanic","white, non-hispanic",,no (not latino or hispanic),white
3131481,2272,2272.0,2272.0,"$60,000 to $74,999",masters degree,"some college, no degree",i earned more,13,Middle,Bachelor's+,Some college,4,3.0,Respondent higher,,,,,22.0,"black, non-hispanic","black, non-hispanic","Black, Non-Hispanic",no (not latino or hispanic),black or african american
3132476,2728,2728.0,2728.0,"$75,000 to $84,999",bachelors degree,bachelor's degree,i earned more,14,High,Bachelor's+,Bachelor's+,4,4.0,Same education level,yes,,yes,,22.0,hispanic,hispanic,Hispanic,no (not latino or hispanic),white
3133366,1060,1060.0,1060.0,"$35,000 to $39,999",associate degree,"some college, no degree",i earned more,10,Low,Some college,Some college,3,3.0,Same education level,yes,,yes,,0.45,"2+ races, non-hispanic","white, non-hispanic",,no (not latino or hispanic),white
3134461,60447,60447.0,60447.0,"$60,000 to $74,999","some college, no degree","some college, no degree",we earned about the same amount,13,Middle,Some college,Some college,3,3.0,Same education level,,,,,26.0,"black, non-hispanic","black, non-hispanic",,no (not latino or hispanic),black or african american
3135555,2100,2100.0,2100.0,"$85,000 to $99,999","some college, no degree",associate degree,we earned about the same amount,15,High,Some college,Some college,3,3.0,Same education level,,,,,36.0,"white, non-hispanic",,,no (not latino or hispanic),white
3136526,1501,1501.0,1501.0,"$125,000 to $149,999",associate degree,professional or doctorate degree,partner earned more,17,High,Some college,Bachelor's+,3,4.0,Partner higher,,,yes,,26.0,"white, non-hispanic",,,"yes, cuban",white
3137621,113663,113663.0,113663.0,"$35,000 to $39,999",high school graduate - high school diploma or the equivalent (ged),12th grade no diploma,i earned more,10,Low,HS,Less than HS,2,1.0,Respondent higher,,,,,46.0,"white, non-hispanic","white, non-hispanic","White, Non-Hispanic",no (not latino or hispanic),white
3139732,32946,,,"$10,000 to $12,499",high school graduate - high school diploma or the equivalent (ged),,,4,Low,HS,,2,,,,,,,,"white, non-hispanic",,,,
3140275,60577,60577.0,60577.0,"$35,000 to $39,999",bachelors degree,"some college, no degree",i earned more,10,Low,Bachelor's+,Some college,4,3.0,Respondent higher,yes,,,,4.0,"black, non-hispanic","black, non-hispanic","Black, Non-Hispanic",no (not latino or hispanic),black or african american
3141525,3163,3163.0,3163.0,"$75,000 to $84,999",bachelors degree,bachelor's degree,i earned more,14,High,Bachelor's+,Bachelor's+,4,4.0,Same education level,yes,,yes,,12.0,"white, non-hispanic","white, non-hispanic","White, Non-Hispanic",no (not latino or hispanic),black or african american
3142344,30099,30099.0,30099.0,"$25,000 to $29,999",high school graduate - high school diploma or the equivalent (ged),10th grade,i earned more,8,Low,HS,Less than HS,2,1.0,Respondent higher,,,,,10.0,"white, non-hispanic","white, non-hispanic",,no (not latino or hispanic),white
3144606,2069,2069.0,2069.0,"$50,000 to $59,999",masters degree,"some college, no degree",i earned more,12,Middle,Bachelor's+,Some college,4,3.0,Respondent higher,,,,,12.0,"white, non-hispanic","white, non-hispanic",,no (not latino or hispanic),white
3145421,59743,59743.0,59743.0,"$85,000 to $99,999",bachelors degree,master's degree,partner earned more,15,High,Bachelor's+,Bachelor's+,4,4.0,Same education level,,,,,17.0,"white, non-hispanic","white, non-hispanic","White, Non-Hispanic",no (not latino or hispanic),white
3146671,129132,129132.0,129132.0,"$60,000 to $74,999","some college, no degree",bachelor's degree,i earned more,13,Middle,Some college,Bachelor's+,3,4.0,Partner higher,,,,,39.0,"white, non-hispanic","white, non-hispanic","White, Non-Hispanic",no (not latino or hispanic),white
3147763,2329,,,"$40,000 to $49,999",bachelors degree,,,11,Middle,Bachelor's+,,4,,,,,,,,"white, non-hispanic",,,,
3148455,3272,3272.0,3272.0,"$10,000 to $12,499","some college, no degree",bachelor's degree,partner earned more,4,Low,Some college,Bachelor's+,3,4.0,Partner higher,yes,,,,1.5,"black, non-hispanic","black, non-hispanic",,no (not latino or hispanic),black or african american
3149823,17199,17199.0,17199.0,"$15,000 to $19,999",12th grade no diploma,"some college, no degree",partner earned more,6,Low,Less than HS,Some college,1,3.0,Partner higher,yes,,yes,,1.5,"2+ races, non-hispanic","white, non-hispanic","White, Non-Hispanic",no (not latino or hispanic),white
3150431,78519,78519.0,78519.0,"$60,000 to $74,999",bachelors degree,master's degree,we earned about the same amount,13,Middle,Bachelor's+,Bachelor's+,4,4.0,Same education level,,,,,25.0,"black, non-hispanic","black, non-hispanic","Black, Non-Hispanic",no (not latino or hispanic),white
3151641,204841,204841.0,204841.0,"$125,000 to $149,999",bachelors degree,"some college, no degree",i earned more,17,High,Bachelor's+,Some college,4,3.0,Respondent higher,,,,,46.0,"black, non-hispanic","black, non-hispanic","Black, Non-Hispanic",no (not latino or hispanic),black or african american
3152471,176664,176664.0,176664.0,"$100,000 to $124,999",high school graduate - high school diploma or the equivalent (ged),5th or 6th grade,partner earned more,16,High,HS,Less than HS,2,1.0,Respondent higher,,,,,29.0,"white, non-hispanic","white, non-hispanic","White, Non-Hispanic","yes, mexican, mexican american, chicano",other (please specify)
3153435,10829,,,"$35,000 to $39,999",high school graduate - high school diploma or the equivalent (ged),,,10,Low,HS,,2,,,,,,,,"white, non-hispanic","white, non-hispanic",,,
3155321,257916,257916.0,257916.0,"$30,000 to $34,999",high school graduate - high school diploma or the equivalent (ged),hs graduate or ged,i earned more,9,Low,HS,HS,2,2.0,Same education level,,,,,13.0,"white, non-hispanic","white, non-hispanic",,no (not latino or hispanic),white
3156215,56530,56530.0,56530.0,"$40,000 to $49,999",high school graduate - high school diploma or the equivalent (ged),hs graduate or ged,we earned about the same amount,11,Middle,HS,HS,2,2.0,Same education level,,,,,1.5,"white, non-hispanic","white, non-hispanic",,no (not latino or hispanic),white
3157321,94165,94165.0,94165.0,"$85,000 to $99,999","some college, no degree","some college, no degree",i earned more,15,High,Some college,Some college,3,3.0,Same education level,,,,,11.0,hispanic,hispanic,Hispanic,no (not latino or hispanic),white
3158551,109095,109095.0,109095.0,"$7,500 to $9,999",high school graduate - high school diploma or the equivalent (ged),9th grade,partner earned more,3,Low,HS,Less than HS,2,1.0,Respondent higher,,,,,34.0,"white, non-hispanic","white, non-hispanic","White, Non-Hispanic",no (not latino or hispanic),white
3159331,70802,70802.0,70802.0,"$125,000 to $149,999",high school graduate - high school diploma or the equivalent (ged),bachelor's degree,i earned more,17,High,HS,Bachelor's+,2,4.0,Partner higher,,,,,15.0,"white, non-hispanic","white, non-hispanic",,no (not latino or hispanic),white
3160406,53655,53655.0,53655.0,"$40,000 to $49,999",bachelors degree,"some college, no degree",i earned more,11,Middle,Bachelor's+,Some college,4,3.0,Respondent higher,,,yes,,6.0,"white, non-hispanic","white, non-hispanic",,no (not latino or hispanic),white
3161361,54546,54546.0,54546.0,"$35,000 to $39,999",high school graduate - high school diploma or the equivalent (ged),"some college, no degree",partner earned more,10,Low,HS,Some college,2,3.0,Partner higher,,,,,5.0,"white, non-hispanic",,,no (not latino or hispanic),other (please specify)
3162441,96352,96352.0,96352.0,"$100,000 to $124,999",masters degree,bachelor's degree,partner earned more,16,High,Bachelor's+,Bachelor's+,4,4.0,Same education level,,,,,8.0,hispanic,hispanic,Hispanic,no (not latino or hispanic),white
3163555,5486,,,"$60,000 to $74,999",masters degree,,,13,Middle,Bachelor's+,,4,,,,,,,,"white, non-hispanic","white, non-hispanic",,,
3164325,52066,52066.0,52066.0,"$50,000 to $59,999",bachelors degree,hs graduate or ged,i earned more,12,Middle,Bachelor's+,HS,4,2.0,Respondent higher,yes,,yes,,9.0,hispanic,hispanic,Hispanic,no (not latino or hispanic),white
3165446,4089,,,"$175,000 or more",bachelors degree,,,19,High,Bachelor's+,,4,,,,,,,,"white, non-hispanic","white, non-hispanic","White, Non-Hispanic",,
3166205,53651,,,"$40,000 to $49,999",high school graduate - high school diploma or the equivalent (ged),,,11,Middle,HS,,2,,,,,,,,"white, non-hispanic","white, non-hispanic",,,
3167563,214129,214129.0,214129.0,"$85,000 to $99,999",associate degree,bachelor's degree,partner earned more,15,High,Some college,Bachelor's+,3,4.0,Partner higher,yes,,no,Other (please describe),8.0,hispanic,hispanic,Hispanic,no (not latino or hispanic),white
3168236,10930,10930.0,10930.0,"$20,000 to $24,999","some college, no degree",12th grade no diploma,i earned more,7,Low,Some college,Less than HS,3,1.0,Respondent higher,no,we broke up,,,4.0,"white, non-hispanic","white, non-hispanic",,no (not latino or hispanic),white
3169695,22707,22707.0,22707.0,"$35,000 to $39,999",bachelors degree,bachelor's degree,partner earned more,10,Low,Bachelor's+,Bachelor's+,4,4.0,Same education level,no,"[partner] passed away, is deceased",,,4.0,"white, non-hispanic","white, non-hispanic","White, Non-Hispanic",no (not latino or hispanic),white
3170471,50952,50952.0,50952.0,"$50,000 to $59,999",12th grade no diploma,associate degree,i earned more,12,Middle,Less than HS,Some college,1,3.0,Partner higher,,,,,17.0,"white, non-hispanic","white, non-hispanic","White, Non-Hispanic",no (not latino or hispanic),white
3171555,36002,,,"$25,000 to $29,999",masters degree,,,8,Low,Bachelor's+,,4,,,,,,,,"black, non-hispanic",,,,
3172341,54380,54380.0,54380.0,"$100,000 to $124,999",masters degree,master's degree,i earned more,16,High,Bachelor's+,Bachelor's+,4,4.0,Same education level,,,,,9.0,"white, non-hispanic","white, non-hispanic","White, Non-Hispanic",no (not latino or hispanic),white
3173761,42396,42396.0,42396.0,"$100,000 to $124,999",12th grade no diploma,hs graduate or ged,i earned more,16,High,Less than HS,HS,1,2.0,Partner higher,,,,,49.0,"white, non-hispanic","white, non-hispanic","White, Non-Hispanic",no (not latino or hispanic),white
3175641,892,892.0,892.0,"$60,000 to $74,999","some college, no degree",bachelor's degree,i earned more,13,Middle,Some college,Bachelor's+,3,4.0,Partner higher,,,,,47.0,"white, non-hispanic","white, non-hispanic","Other, Non-Hispanic",no (not latino or hispanic),white
3176561,72150,72150.0,72150.0,"$75,000 to $84,999",high school graduate - high school diploma or the equivalent (ged),12th grade no diploma,we earned about the same amount,14,High,HS,Less than HS,2,1.0,Respondent higher,,,,,40.0,hispanic,hispanic,Hispanic,"yes, puerto rican",other (please specify)
3178671,74835,74835.0,74835.0,"$30,000 to $34,999",associate degree,"some college, no degree",i earned more,9,Low,Some college,Some college,3,3.0,Same education level,,,,,32.0,"black, non-hispanic","black, non-hispanic",,no (not latino or hispanic),black or african american
3179681,53789,53789.0,53789.0,"$15,000 to $19,999",11th grade,"some college, no degree",partner earned more,6,Low,Less than HS,Some college,1,3.0,Partner higher,,,,,50.0,"white, non-hispanic","white, non-hispanic","White, Non-Hispanic",no (not latino or hispanic),other (please specify)
3180591,186036,186036.0,186036.0,"$30,000 to $34,999",associate degree,"some college, no degree",i earned more,9,Low,Some college,Some college,3,3.0,Same education level,,,,,13.0,"white, non-hispanic","white, non-hispanic",,no (not latino or hispanic),white
3181623,41153,41153.0,41153.0,"$7,500 to $9,999",10th grade,associate degree,we earned about the same amount,3,Low,Less than HS,Some college,1,3.0,Partner higher,yes,,,,26.0,"white, non-hispanic","white, non-hispanic",,"yes, mexican, mexican american, chicano",white
3182513,42450,42450.0,42450.0,"$125,000 to $149,999","some college, no degree",hs graduate or ged,i earned more,17,High,Some college,HS,3,2.0,Respondent higher,,,,,0.45,"white, non-hispanic","white, non-hispanic",,no (not latino or hispanic),black or african american
3183843,46356,,,"$25,000 to $29,999",bachelors degree,,,8,Low,Bachelor's+,,4,,,,,,,,"white, non-hispanic","white, non-hispanic",,,
3184401,9431,9431.0,9431.0,"$85,000 to $99,999","some college, no degree",associate degree,we earned about the same amount,15,High,Some college,Some college,3,3.0,Same education level,,,,,17.0,hispanic,hispanic,Hispanic,"yes, mexican, mexican american, chicano",white
3186481,109165,109165.0,109165.0,"$75,000 to $84,999",bachelors degree,master's degree,we earned about the same amount,14,High,Bachelor's+,Bachelor's+,4,4.0,Same education level,,,,,30.0,"white, non-hispanic","white, non-hispanic","White, Non-Hispanic",no (not latino or hispanic),white
3187491,242543,242543.0,242543.0,"$40,000 to $49,999",high school graduate - high school diploma or the equivalent (ged),hs graduate or ged,partner earned more,11,Middle,HS,HS,2,2.0,Same education level,,,,,14.0,"white, non-hispanic","white, non-hispanic",,no (not latino or hispanic),white
3188345,12363,12363.0,12363.0,"$35,000 to $39,999",high school graduate - high school diploma or the equivalent (ged),hs graduate or ged,partner earned more,10,Low,HS,HS,2,2.0,Same education level,,,,,4.0,"white, non-hispanic",,,no (not latino or hispanic),black or african american
3189294,116181,,,"$35,000 to $39,999",associate degree,,,10,Low,Some college,,3,,,,,,,,hispanic,hispanic,Hispanic,,
3190285,90640,90640.0,90640.0,"$50,000 to $59,999",bachelors degree,hs graduate or ged,i earned more,12,Middle,Bachelor's+,HS,4,2.0,Respondent higher,yes,,yes,,2.5,"white, non-hispanic","white, non-hispanic","White, Non-Hispanic",no (not latino or hispanic),white
3192583,99626,,,"$50,000 to $59,999",professional or doctorate degree,,,12,Middle,Bachelor's+,,4,,,,,,,,"white, non-hispanic","white, non-hispanic",,,
3193673,11400,,,"$7,500 to $9,999","some college, no degree",,,3,Low,Some college,,3,,,,,,,,"2+ races, non-hispanic","2+ races, non-hispanic","2+ Races, Non-Hispanic",,
3194231,53494,53494.0,53494.0,"$30,000 to $34,999",bachelors degree,bachelor's degree,partner earned more,9,Low,Bachelor's+,Bachelor's+,4,4.0,Same education level,,,,,5.0,"white, non-hispanic","white, non-hispanic",,no (not latino or hispanic),white
3198566,2849,2849.0,2849.0,"$85,000 to $99,999",masters degree,"some college, no degree",we earned about the same amount,15,High,Bachelor's+,Some college,4,3.0,Respondent higher,yes,,yes,,5.0,"white, non-hispanic","white, non-hispanic","White, Non-Hispanic","yes, mexican, mexican american, chicano",white
3200215,13450,13450.0,13450.0,"$10,000 to $12,499","some college, no degree",bachelor's degree,partner earned more,4,Low,Some college,Bachelor's+,3,4.0,Partner higher,,,,,0.45,"white, non-hispanic","white, non-hispanic","White, Non-Hispanic",no (not latino or hispanic),white
3201581,35246,35246.0,35246.0,"$20,000 to $24,999","some college, no degree","some college, no degree",i earned more,7,Low,Some college,Some college,3,3.0,Same education level,,,,,26.0,"white, non-hispanic","white, non-hispanic","White, Non-Hispanic",no (not latino or hispanic),white
3202821,47440,47440.0,47440.0,"$85,000 to $99,999",bachelors degree,"some college, no degree",i earned more,15,High,Bachelor's+,Some college,4,3.0,Respondent higher,,,,,61.0,"white, non-hispanic","white, non-hispanic","White, Non-Hispanic",no (not latino or hispanic),white
3203513,50274,,,"$20,000 to $24,999","some college, no degree",,,7,Low,Some college,,3,,,,,,,,"white, non-hispanic","white, non-hispanic","White, Non-Hispanic",,
3204555,2388,,,"$40,000 to $49,999",bachelors degree,,,11,Middle,Bachelor's+,,4,,,,,,,,"white, non-hispanic",,,,
3206366,3787,3787.0,3787.0,"$30,000 to $34,999",professional or doctorate degree,master's degree,partner earned more,9,Low,Bachelor's+,Bachelor's+,4,4.0,Same education level,,,,,4.0,"white, non-hispanic",,,no (not latino or hispanic),white
3207281,10290,10290.0,10290.0,"$50,000 to $59,999","some college, no degree","some college, no degree",partner earned more,12,Middle,Some college,Some college,3,3.0,Same education level,,,,,6.0,"white, non-hispanic","white, non-hispanic","White, Non-Hispanic",no (not latino or hispanic),white
3208691,40990,40990.0,40990.0,"$60,000 to $74,999",high school graduate - high school diploma or the equivalent (ged),bachelor's degree,i earned more,13,Middle,HS,Bachelor's+,2,4.0,Partner higher,,,,,48.0,"white, non-hispanic","white, non-hispanic",,no (not latino or hispanic),white
3209205,12001,12001.0,12001.0,"$85,000 to $99,999","some college, no degree","some college, no degree",we earned about the same amount,15,High,Some college,Some college,3,3.0,Same education level,yes,,yes,,1.5,"white, non-hispanic","white, non-hispanic","White, Non-Hispanic",no (not latino or hispanic),white
3210466,1981,1981.0,1981.0,"$150,000 to $174,999",masters degree,bachelor's degree,i earned more,18,High,Bachelor's+,Bachelor's+,4,4.0,Same education level,yes,,yes,,9.0,"white, non-hispanic","white, non-hispanic","White, Non-Hispanic",no (not latino or hispanic),white
3211225,26982,26982.0,26982.0,"$150,000 to $174,999",high school graduate - high school diploma or the equivalent (ged),master's degree,partner earned more,18,High,HS,Bachelor's+,2,4.0,Partner higher,,,no,We broke up,4.0,"white, non-hispanic","white, non-hispanic","White, Non-Hispanic",no (not latino or hispanic),white
3212361,5289,5289.0,5289.0,"$125,000 to $149,999","some college, no degree",bachelor's degree,i earned more,17,High,Some college,Bachelor's+,3,4.0,Partner higher,,,,,6.0,"black, non-hispanic","black, non-hispanic","Black, Non-Hispanic",no (not latino or hispanic),white
3213692,74875,74875.0,74875.0,"$10,000 to $12,499",high school graduate - high school diploma or the equivalent (ged),associate degree,partner earned more,4,Low,HS,Some college,2,3.0,Partner higher,,,,,54.0,"white, non-hispanic","white, non-hispanic",,no (not latino or hispanic),white
3215271,75079,75079.0,75079.0,"$25,000 to $29,999","some college, no degree","some college, no degree",partner earned more,8,Low,Some college,Some college,3,3.0,Same education level,,,,,8.0,"white, non-hispanic","white, non-hispanic",,no (not latino or hispanic),black or african american
3216331,4080,,,"$50,000 to $59,999","some college, no degree",,,12,Middle,Some college,,3,,,,,,,,"white, non-hispanic",,,,
3217235,44939,44939.0,44939.0,"$60,000 to $74,999","some college, no degree",bachelor's degree,partner earned more,13,Middle,Some college,Bachelor's+,3,4.0,Partner higher,,,,,0.05,"white, non-hispanic","white, non-hispanic",,no (not latino or hispanic),white
3218494,97016,,,"$20,000 to $24,999",masters degree,,,7,Low,Bachelor's+,,4,,,,,,,,"white, non-hispanic","white, non-hispanic","White, Non-Hispanic",,
3219592,123768,,,"$75,000 to $84,999",11th grade,,,14,High,Less than HS,,1,,,,,,,,"black, non-hispanic",,,,
3220255,159433,,,"$40,000 to $49,999",high school graduate - high school diploma or the equivalent (ged),,,11,Middle,HS,,2,,,,,,,,"white, non-hispanic","white, non-hispanic",,,
3221753,63625,,,"$30,000 to $34,999",high school graduate - high school diploma or the equivalent (ged),,,9,Low,HS,,2,,,,,,,,"white, non-hispanic","white, non-hispanic",,,
3222633,97757,,,"$30,000 to $34,999",12th grade no diploma,,,9,Low,Less than HS,,1,,,,,,,,"white, non-hispanic","white, non-hispanic",,,
3223501,68701,68701.0,68701.0,"$25,000 to $29,999","some college, no degree",hs graduate or ged,partner earned more,8,Low,Some college,HS,3,2.0,Respondent higher,,,,,33.0,"white, non-hispanic","white, non-hispanic","White, Non-Hispanic",no (not latino or hispanic),white
3224241,18723,18723.0,18723.0,"$50,000 to $59,999",associate degree,associate degree,partner earned more,12,Middle,Some college,Some college,3,3.0,Same education level,,,,,6.0,"white, non-hispanic",,,"yes, mexican, mexican american, chicano",other (please specify)
3225411,53216,53216.0,53216.0,"$12,500 to $14,999",high school graduate - high school diploma or the equivalent (ged),hs graduate or ged,we earned about the same amount,5,Low,HS,HS,2,2.0,Same education level,,,,,23.0,"white, non-hispanic","white, non-hispanic","White, Non-Hispanic",no (not latino or hispanic),white
3226271,50032,50032.0,50032.0,"$85,000 to $99,999",bachelors degree,master's degree,partner earned more,15,High,Bachelor's+,Bachelor's+,4,4.0,Same education level,,,,,5.0,"white, non-hispanic","2+ races, non-hispanic","White, Non-Hispanic",no (not latino or hispanic),white
3227752,25156,25156.0,25156.0,"$85,000 to $99,999",professional or doctorate degree,master's degree,i earned more,15,High,Bachelor's+,Bachelor's+,4,4.0,Same education level,yes,,yes,,2.5,"white, non-hispanic","white, non-hispanic","White, Non-Hispanic",no (not latino or hispanic),white
3228645,3427,,,"$40,000 to $49,999",bachelors degree,,,11,Middle,Bachelor's+,,4,,,,,,,,"white, non-hispanic","white, non-hispanic","White, Non-Hispanic",,
3229381,19043,19043.0,19043.0,"$40,000 to $49,999",9th grade,hs graduate or ged,partner earned more,11,Middle,Less than HS,HS,1,2.0,Partner higher,,,,,22.0,"white, non-hispanic","white, non-hispanic","White, Non-Hispanic",no (not latino or hispanic),white
3230225,36028,36028.0,36028.0,"$60,000 to $74,999","some college, no degree",associate degree,i earned more,13,Middle,Some college,Some college,3,3.0,Same education level,no,we broke up,,,0.05,"white, non-hispanic","white, non-hispanic","White, Non-Hispanic",no (not latino or hispanic),white
3231331,254348,254348.0,254348.0,"$60,000 to $74,999",no formal education,associate degree,i earned more,13,Middle,Less than HS,Some college,1,3.0,Partner higher,,,,,15.0,"white, non-hispanic","white, non-hispanic","White, Non-Hispanic",no (not latino or hispanic),white
3233505,8185,,,"$7,500 to $9,999","some college, no degree",,,3,Low,Some college,,3,,,,,,,,"white, non-hispanic","white, non-hispanic",,,
3234391,522,522.0,522.0,"$30,000 to $34,999",associate degree,bachelor's degree,partner earned more,9,Low,Some college,Bachelor's+,3,4.0,Partner higher,,,,,22.0,"2+ races, non-hispanic","white, non-hispanic","White, Non-Hispanic",no (not latino or hispanic),"american indian, aleut, or eskimo"
3235281,46340,46340.0,46340.0,"$50,000 to $59,999",bachelors degree,bachelor's degree,partner earned more,12,Middle,Bachelor's+,Bachelor's+,4,4.0,Same education level,,,,,8.0,"white, non-hispanic","white, non-hispanic","White, Non-Hispanic",no (not latino or hispanic),white
3236225,53611,,,"$125,000 to $149,999","some college, no degree",,,17,High,Some college,,3,,,,,,,,"white, non-hispanic",,,,
3237261,69293,69293.0,69293.0,"$125,000 to $149,999","some college, no degree","some college, no degree",i earned more,17,High,Some college,Some college,3,3.0,Same education level,,,,,5.0,"white, non-hispanic","white, non-hispanic","White, Non-Hispanic",no (not latino or hispanic),"american indian, aleut, or eskimo"
3238445,164965,164965.0,164965.0,"$40,000 to $49,999",bachelors degree,bachelor's degree,we earned about the same amount,11,Middle,Bachelor's+,Bachelor's+,4,4.0,Same education level,yes,,yes,,4.0,"white, non-hispanic","white, non-hispanic","White, Non-Hispanic",no (not latino or hispanic),white
3239721,79008,79008.0,79008.0,"$35,000 to $39,999",professional or doctorate degree,hs graduate or ged,partner earned more,10,Low,Bachelor's+,HS,4,2.0,Respondent higher,,,,,53.0,"white, non-hispanic",,,no (not latino or hispanic),white
3240215,182303,,,"$7,500 to $9,999","some college, no degree",,,3,Low,Some college,,3,,,,,,,,"black, non-hispanic",,,,
3241291,53373,53373.0,53373.0,"$85,000 to $99,999",high school graduate - high school diploma or the equivalent (ged),"some college, no degree",partner earned more,15,High,HS,Some college,2,3.0,Partner higher,,,,,11.0,"white, non-hispanic","white, non-hispanic","White, Non-Hispanic",no (not latino or hispanic),white
3242205,123101,123101.0,123101.0,"$30,000 to $34,999",high school graduate - high school diploma or the equivalent (ged),"some college, no degree",we earned about the same amount,9,Low,HS,Some college,2,3.0,Partner higher,,,,,2.5,hispanic,hispanic,Hispanic,"yes, puerto rican",black or african american
3243712,106354,,,"$30,000 to $34,999",high school graduate - high school diploma or the equivalent (ged),,,9,Low,HS,,2,,,,,,,,"white, non-hispanic","white, non-hispanic","White, Non-Hispanic",,
3244431,79356,79356.0,79356.0,"$85,000 to $99,999",high school graduate - high school diploma or the equivalent (ged),hs graduate or ged,refused,15,High,HS,HS,2,2.0,Same education level,,,,,24.0,hispanic,hispanic,Hispanic,no (not latino or hispanic),white
3245543,98762,98762.0,98762.0,"$30,000 to $34,999",high school graduate - high school diploma or the equivalent (ged),hs graduate or ged,partner earned more,9,Low,HS,HS,2,2.0,Same education level,yes,,,,7.0,"white, non-hispanic","white, non-hispanic",,no (not latino or hispanic),white
3246381,53191,53191.0,53191.0,"$30,000 to $34,999",high school graduate - high school diploma or the equivalent (ged),hs graduate or ged,partner earned more,9,Low,HS,HS,2,2.0,Same education level,,,,,16.0,"white, non-hispanic","white, non-hispanic",,no (not latino or hispanic),white
3248722,64310,,,"$35,000 to $39,999",7th or 8th grade,,,10,Low,Less than HS,,1,,,,,,,,"white, non-hispanic","white, non-hispanic","White, Non-Hispanic",,
3250561,59844,59844.0,59844.0,"$85,000 to $99,999","some college, no degree","some college, no degree",partner earned more,15,High,Some college,Some college,3,3.0,Same education level,,,,,33.0,"white, non-hispanic","white, non-hispanic",,no (not latino or hispanic),white
3251692,33443,33443.0,33443.0,"$30,000 to $34,999",high school graduate - high school diploma or the equivalent (ged),"some college, no degree",we earned about the same amount,9,Low,HS,Some college,2,3.0,Partner higher,no,we broke up,,,0.75,"white, non-hispanic","white, non-hispanic","White, Non-Hispanic",no (not latino or hispanic),white
3253415,45553,45553.0,45553.0,"$60,000 to $74,999",high school graduate - high school diploma or the equivalent (ged),hs graduate or ged,i earned more,13,Middle,HS,HS,2,2.0,Same education level,no,we broke up,,,5.0,"white, non-hispanic","white, non-hispanic","White, Non-Hispanic","yes, puerto rican",white
3255515,256044,256044.0,256044.0,"$40,000 to $49,999",associate degree,master's degree,partner earned more,11,Middle,Some college,Bachelor's+,3,4.0,Partner higher,,,yes,,6.0,hispanic,hispanic,,no (not latino or hispanic),black or african american
3256305,1056,,,"$60,000 to $74,999",bachelors degree,,,13,Middle,Bachelor's+,,4,,,,,,,,"2+ races, non-hispanic","2+ races, non-hispanic","2+ Races, Non-Hispanic",,
3258205,48148,,,"$100,000 to $124,999","some college, no degree",,,16,High,Some college,,3,,,,,,,,"white, non-hispanic","white, non-hispanic","White, Non-Hispanic",,
3259601,39271,39271.0,39271.0,"$100,000 to $124,999",bachelors degree,professional or doctorate degree,partner earned more,16,High,Bachelor's+,Bachelor's+,4,4.0,Same education level,,,,,13.0,"white, non-hispanic","white, non-hispanic","White, Non-Hispanic",no (not latino or hispanic),white
3261401,264379,264379.0,264379.0,"$20,000 to $24,999","some college, no degree","some college, no degree",partner earned more,7,Low,Some college,Some college,3,3.0,Same education level,,,,,22.0,"white, non-hispanic","white, non-hispanic",,no (not latino or hispanic),"american indian, aleut, or eskimo"
3262471,100361,100361.0,100361.0,"$50,000 to $59,999",high school graduate - high school diploma or the equivalent (ged),"some college, no degree",partner earned more,12,Middle,HS,Some college,2,3.0,Partner higher,,,,,16.0,hispanic,hispanic,Hispanic,no (not latino or hispanic),white
3263446,43158,43158.0,43158.0,"$60,000 to $74,999",high school graduate - high school diploma or the equivalent (ged),"some college, no degree",partner earned more,13,Middle,HS,Some college,2,3.0,Partner higher,,,,,27.0,"white, non-hispanic",,,no (not latino or hispanic),white
3265275,36846,,,"$40,000 to $49,999",professional or doctorate degree,,,11,Middle,Bachelor's+,,4,,,,,,,,"white, non-hispanic","white, non-hispanic","White, Non-Hispanic",,
3266586,2095,2095.0,2095.0,"$85,000 to $99,999",masters degree,refused,refused,15,High,Bachelor's+,,4,,,,,,,,"white, non-hispanic","white, non-hispanic","White, Non-Hispanic",no (not latino or hispanic),white
3267411,40060,40060.0,40060.0,"$60,000 to $74,999",bachelors degree,"some college, no degree",i earned more,13,Middle,Bachelor's+,Some college,4,3.0,Respondent higher,,,,,21.0,"white, non-hispanic","white, non-hispanic","White, Non-Hispanic",no (not latino or hispanic),white
3268461,64101,64101.0,64101.0,"$125,000 to $149,999",high school graduate - high school diploma or the equivalent (ged),master's degree,partner earned more,17,High,HS,Bachelor's+,2,4.0,Partner higher,,,,,27.0,"white, non-hispanic",,"White, Non-Hispanic",no (not latino or hispanic),white
3269401,66107,66107.0,66107.0,"$75,000 to $84,999",associate degree,associate degree,i earned more,14,High,Some college,Some college,3,3.0,Same education level,,,,,15.0,hispanic,hispanic,,no (not latino or hispanic),asian or pacific islander
3271461,43352,43352.0,43352.0,"$40,000 to $49,999",high school graduate - high school diploma or the equivalent (ged),hs graduate or ged,i earned more,11,Middle,HS,HS,2,2.0,Same education level,,,,,25.0,"white, non-hispanic","white, non-hispanic","White, Non-Hispanic",no (not latino or hispanic),white
3272545,34734,34734.0,34734.0,"$50,000 to $59,999","some college, no degree","some college, no degree",i earned more,12,Middle,Some college,Some college,3,3.0,Same education level,yes,,,,1.5,"white, non-hispanic","white, non-hispanic",,no (not latino or hispanic),white
3273445,59830,59830.0,59830.0,"$40,000 to $49,999",bachelors degree,hs graduate or ged,we earned about the same amount,11,Middle,Bachelor's+,HS,4,2.0,Respondent higher,yes,,yes,,0.15,"white, non-hispanic","white, non-hispanic","White, Non-Hispanic",no (not latino or hispanic),white
3274445,77508,,,"$7,500 to $9,999",high school graduate - high school diploma or the equivalent (ged),,,3,Low,HS,,2,,,,,,,,hispanic,"black, non-hispanic",Hispanic,,
3275291,139587,139587.0,139587.0,"$75,000 to $84,999",bachelors degree,bachelor's degree,i earned more,14,High,Bachelor's+,Bachelor's+,4,4.0,Same education level,,,,,11.0,"white, non-hispanic","white, non-hispanic","White, Non-Hispanic",no (not latino or hispanic),white
3276561,39293,39293.0,39293.0,"$35,000 to $39,999",9th grade,hs graduate or ged,partner earned more,10,Low,Less than HS,HS,1,2.0,Partner higher,,,,,41.0,hispanic,hispanic,Hispanic,"yes, mexican, mexican american, chicano",other (please specify)
3277771,227970,227970.0,227970.0,"$60,000 to $74,999",10th grade,professional or doctorate degree,partner earned more,13,Middle,Less than HS,Bachelor's+,1,4.0,Partner higher,,,,,31.0,"black, non-hispanic","black, non-hispanic","Black, Non-Hispanic","yes, other latino/hispanic",white
3279543,3012,,,"$20,000 to $24,999",bachelors degree,,,7,Low,Bachelor's+,,4,,,,,,,,"white, non-hispanic","white, non-hispanic","White, Non-Hispanic",,
3280562,51552,51552.0,51552.0,"$15,000 to $19,999",11th grade,"some college, no degree",partner earned more,6,Low,Less than HS,Some college,1,3.0,Partner higher,no,other (please describe),,,0.45,"white, non-hispanic","white, non-hispanic",,no (not latino or hispanic),white
3281506,1940,1940.0,1940.0,"$175,000 or more",bachelors degree,professional or doctorate degree,partner earned more,19,High,Bachelor's+,Bachelor's+,4,4.0,Same education level,yes,,,,20.0,"white, non-hispanic","white, non-hispanic",,no (not latino or hispanic),white
3282713,45597,,,"$75,000 to $84,999",11th grade,,,14,High,Less than HS,,1,,,,,,,,"white, non-hispanic","white, non-hispanic",,,
3283215,58240,,,"$150,000 to $174,999","some college, no degree",,,18,High,Some college,,3,,,,,,,,hispanic,hispanic,Hispanic,,
3284593,20654,20654.0,20654.0,"$5,000 to $7,499",associate degree,associate degree,partner earned more,2,Low,Some college,Some college,3,3.0,Same education level,,,,,33.0,"2+ races, non-hispanic","2+ races, non-hispanic","White, Non-Hispanic",no (not latino or hispanic),white
3285411,77828,77828.0,77828.0,"$20,000 to $24,999","some college, no degree",11th grade,i earned more,7,Low,Some college,Less than HS,3,1.0,Respondent higher,,,,,15.0,"black, non-hispanic","black, non-hispanic",,no (not latino or hispanic),black or african american
3286396,4156,4156.0,4156.0,"$75,000 to $84,999",masters degree,associate degree,i earned more,14,High,Bachelor's+,Some college,4,3.0,Respondent higher,,,,,9.0,"white, non-hispanic","white, non-hispanic","White, Non-Hispanic",no (not latino or hispanic),white
3287256,15848,15848.0,15848.0,"$30,000 to $34,999",bachelors degree,master's degree,i earned more,9,Low,Bachelor's+,Bachelor's+,4,4.0,Same education level,,,,,5.0,hispanic,hispanic,Hispanic,no (not latino or hispanic),black or african american
3288345,61619,,,"$40,000 to $49,999",professional or doctorate degree,,,11,Middle,Bachelor's+,,4,,,,,,,,hispanic,hispanic,Hispanic,,
3289441,34336,34336.0,34336.0,"$50,000 to $59,999",bachelors degree,bachelor's degree,i earned more,12,Middle,Bachelor's+,Bachelor's+,4,4.0,Same education level,,,,,16.0,"white, non-hispanic","white, non-hispanic",,no (not latino or hispanic),white
3290295,68345,,,"$25,000 to $29,999",high school graduate - high school diploma or the equivalent (ged),,,8,Low,HS,,2,,,,,,,,"white, non-hispanic","white, non-hispanic",,,
3291591,47491,47491.0,47491.0,"$30,000 to $34,999",11th grade,hs graduate or ged,i earned more,9,Low,Less than HS,HS,1,2.0,Partner higher,,,,,12.0,"white, non-hispanic","white, non-hispanic","White, Non-Hispanic",no (not latino or hispanic),white
3292772,32672,32672.0,32672.0,"$35,000 to $39,999",12th grade no diploma,1st - 4th grade,partner earned more,10,Low,Less than HS,Less than HS,1,1.0,Same education level,,,,,11.0,"black, non-hispanic","black, non-hispanic",,no (not latino or hispanic),black or african american
3293496,1469,1469.0,1469.0,"$125,000 to $149,999",bachelors degree,bachelor's degree,i earned more,17,High,Bachelor's+,Bachelor's+,4,4.0,Same education level,,,,,6.0,"white, non-hispanic","white, non-hispanic",,no (not latino or hispanic),white
3295563,146824,,,"$30,000 to $34,999",high school graduate - high school diploma or the equivalent (ged),,,9,Low,HS,,2,,,,,,,,"other, non-hispanic",,,,
3296285,32909,,,"$85,000 to $99,999",bachelors degree,,,15,High,Bachelor's+,,4,,,,,,,,"white, non-hispanic","white, non-hispanic",,,
3297341,42418,,,"$60,000 to $74,999",high school graduate - high school diploma or the equivalent (ged),,,13,Middle,HS,,2,,,,,,,,hispanic,,,,
3298555,2865,2865.0,2865.0,"$30,000 to $34,999",bachelors degree,bachelor's degree,i earned more,9,Low,Bachelor's+,Bachelor's+,4,4.0,Same education level,,,,,9.0,"white, non-hispanic",,,no (not latino or hispanic),asian or pacific islander
3300751,44926,44926.0,44926.0,"$75,000 to $84,999",5th or 6th grade,professional or doctorate degree,partner earned more,14,High,Less than HS,Bachelor's+,1,4.0,Partner higher,,,,,41.0,"white, non-hispanic","white, non-hispanic","White, Non-Hispanic",no (not latino or hispanic),white
3301411,111516,111516.0,111516.0,"$40,000 to $49,999","some college, no degree","some college, no degree",i earned more,11,Middle,Some college,Some college,3,3.0,Same education level,,,,,17.0,"white, non-hispanic","white, non-hispanic","White, Non-Hispanic",no (not latino or hispanic),white
3303271,85237,85237.0,85237.0,"$125,000 to $149,999",bachelors degree,bachelor's degree,partner earned more,17,High,Bachelor's+,Bachelor's+,4,4.0,Same education level,,,,,9.0,"white, non-hispanic","white, non-hispanic","White, Non-Hispanic",no (not latino or hispanic),white
3304235,51808,51808.0,51808.0,"$50,000 to $59,999",high school graduate - high school diploma or the equivalent (ged),"some college, no degree",i earned more,12,Middle,HS,Some college,2,3.0,Partner higher,no,we broke up,,,1.5,"white, non-hispanic","white, non-hispanic",,"yes, other latino/hispanic",other (please specify)
3306371,26690,26690.0,26690.0,"$175,000 or more","some college, no degree",bachelor's degree,i earned more,19,High,Some college,Bachelor's+,3,4.0,Partner higher,,,,,19.0,"white, non-hispanic","white, non-hispanic","White, Non-Hispanic",no (not latino or hispanic),white
3307375,80398,80398.0,80398.0,"$30,000 to $34,999",high school graduate - high school diploma or the equivalent (ged),hs graduate or ged,partner earned more,9,Low,HS,HS,2,2.0,Same education level,,,,,10.0,"white, non-hispanic",,,no (not latino or hispanic),white
3308311,40263,40263.0,40263.0,"$75,000 to $84,999",bachelors degree,bachelor's degree,partner earned more,14,High,Bachelor's+,Bachelor's+,4,4.0,Same education level,,,,,9.0,"white, non-hispanic","white, non-hispanic","White, Non-Hispanic",no (not latino or hispanic),white
3309481,522,522.0,522.0,"$100,000 to $124,999","some college, no degree",associate degree,partner earned more,16,High,Some college,Some college,3,3.0,Same education level,,,,,30.0,"2+ races, non-hispanic","black, non-hispanic",,no (not latino or hispanic),black or african american
3310241,68398,68398.0,68398.0,"$75,000 to $84,999",bachelors degree,bachelor's degree,partner earned more,14,High,Bachelor's+,Bachelor's+,4,4.0,Same education level,,,,,6.0,"white, non-hispanic","white, non-hispanic","White, Non-Hispanic",no (not latino or hispanic),white
3311573,117085,,,"$5,000 to $7,499",high school graduate - high school diploma or the equivalent (ged),,,2,Low,HS,,2,,,,,,,,"white, non-hispanic","white, non-hispanic","White, Non-Hispanic",,
3312261,56848,56848.0,56848.0,"$7,500 to $9,999",bachelors degree,bachelor's degree,partner earned more,3,Low,Bachelor's+,Bachelor's+,4,4.0,Same education level,,,,,5.0,"white, non-hispanic","white, non-hispanic","White, Non-Hispanic",no (not latino or hispanic),white
3314235,112121,112121.0,112121.0,"$100,000 to $124,999","some college, no degree","some college, no degree",partner earned more,16,High,Some college,Some college,3,3.0,Same education level,yes,,yes,,4.0,"other, non-hispanic","other, non-hispanic","Other, Non-Hispanic",no (not latino or hispanic),white
3315411,38799,38799.0,38799.0,"$50,000 to $59,999",high school graduate - high school diploma or the equivalent (ged),hs graduate or ged,i earned more,12,Middle,HS,HS,2,2.0,Same education level,,,,,24.0,"black, non-hispanic","black, non-hispanic","Black, Non-Hispanic",no (not latino or hispanic),black or african american
3316525,144458,,,"$25,000 to $29,999",high school graduate - high school diploma or the equivalent (ged),,,8,Low,HS,,2,,,,,,,,"black, non-hispanic","black, non-hispanic","Black, Non-Hispanic",,
3317401,29911,29911.0,29911.0,"$125,000 to $149,999",associate degree,hs graduate or ged,partner earned more,17,High,Some college,HS,3,2.0,Respondent higher,,,,,24.0,hispanic,,,no (not latino or hispanic),white
3318455,2415,,,"$12,500 to $14,999","some college, no degree",,,5,Low,Some college,,3,,,,,,,,"black, non-hispanic","black, non-hispanic",,,
3319473,82191,82191.0,82191.0,"$30,000 to $34,999",high school graduate - high school diploma or the equivalent (ged),hs graduate or ged,partner earned more,9,Low,HS,HS,2,2.0,Same education level,,,,,16.0,"black, non-hispanic",,,no (not latino or hispanic),black or african american
3321401,68987,68987.0,68987.0,"$85,000 to $99,999",high school graduate - high school diploma or the equivalent (ged),master's degree,we earned about the same amount,15,High,HS,Bachelor's+,2,4.0,Partner higher,,,,,22.0,"white, non-hispanic","white, non-hispanic",,no (not latino or hispanic),white
3322441,62829,62829.0,62829.0,"$85,000 to $99,999",high school graduate - high school diploma or the equivalent (ged),bachelor's degree,partner earned more,15,High,HS,Bachelor's+,2,4.0,Partner higher,,,,,25.0,"white, non-hispanic","white, non-hispanic","White, Non-Hispanic",no (not latino or hispanic),white
3323693,1323,,,"$15,000 to $19,999",bachelors degree,,,6,Low,Bachelor's+,,4,,,,,,,,"white, non-hispanic","white, non-hispanic","White, Non-Hispanic",,
3324701,95032,95032.0,95032.0,"$100,000 to $124,999",high school graduate - high school diploma or the equivalent (ged),hs graduate or ged,i earned more,16,High,HS,HS,2,2.0,Same education level,,,,,30.0,"black, non-hispanic","black, non-hispanic",,no (not latino or hispanic),black or african american
3325823,1522,,,"$40,000 to $49,999",masters degree,,,11,Middle,Bachelor's+,,4,,,,,,,,"white, non-hispanic","white, non-hispanic","White, Non-Hispanic",,
3326504,55543,,,"$7,500 to $9,999","some college, no degree",,,3,Low,Some college,,3,,,,,,,,"white, non-hispanic","white, non-hispanic","White, Non-Hispanic",,
3327431,33945,33945.0,33945.0,"$50,000 to $59,999",high school graduate - high school diploma or the equivalent (ged),"some college, no degree",partner earned more,12,Middle,HS,Some college,2,3.0,Partner higher,,,,,13.0,"white, non-hispanic",,,no (not latino or hispanic),white
3328441,45793,45793.0,45793.0,"$150,000 to $174,999",professional or doctorate degree,master's degree,i earned more,18,High,Bachelor's+,Bachelor's+,4,4.0,Same education level,,,,,25.0,"white, non-hispanic","other, non-hispanic",,no (not latino or hispanic),asian or pacific islander
3329285,64897,64897.0,64897.0,"$60,000 to $74,999",masters degree,"some college, no degree",partner earned more,13,Middle,Bachelor's+,Some college,4,3.0,Respondent higher,yes,,yes,,4.0,"white, non-hispanic","white, non-hispanic",,no (not latino or hispanic),white
3330732,168548,168548.0,168548.0,"$10,000 to $12,499",7th or 8th grade,10th grade,refused,4,Low,Less than HS,Less than HS,1,1.0,Same education level,,,,,55.0,"black, non-hispanic","black, non-hispanic",,refused,black or african american
3332271,66392,66392.0,66392.0,"$60,000 to $74,999",bachelors degree,master's degree,i earned more,13,Middle,Bachelor's+,Bachelor's+,4,4.0,Same education level,,,,,9.0,"white, non-hispanic","white, non-hispanic",,no (not latino or hispanic),white
3333215,11371,11371.0,11371.0,"$50,000 to $59,999","some college, no degree","some college, no degree",i earned more,12,Middle,Some college,Some college,3,3.0,Same education level,no,we broke up,,,0.05,"white, non-hispanic","white, non-hispanic","White, Non-Hispanic",no (not latino or hispanic),black or african american
3334205,65856,,,"less than $5,000",high school graduate - high school diploma or the equivalent (ged),,,1,Low,HS,,2,,,,,,,,"white, non-hispanic","white, non-hispanic","White, Non-Hispanic",,
3335321,4013,4013.0,4013.0,"$75,000 to $84,999",masters degree,bachelor's degree,i earned more,14,High,Bachelor's+,Bachelor's+,4,4.0,Same education level,,,,,7.0,"white, non-hispanic","white, non-hispanic","White, Non-Hispanic",no (not latino or hispanic),white
3336706,1905,1905.0,1905.0,"$50,000 to $59,999",bachelors degree,master's degree,partner earned more,12,Middle,Bachelor's+,Bachelor's+,4,4.0,Same education level,yes,,yes,,32.0,"white, non-hispanic","white, non-hispanic","White, Non-Hispanic",no (not latino or hispanic),white
3337894,522,,,"$75,000 to $84,999",bachelors degree,,,14,High,Bachelor's+,,4,,,,,,,,"white, non-hispanic","white, non-hispanic",,,
3338241,54095,54095.0,54095.0,"$100,000 to $124,999",associate degree,associate degree,we earned about the same amount,16,High,Some college,Some college,3,3.0,Same education level,,,,,7.0,"white, non-hispanic","white, non-hispanic",,no (not latino or hispanic),white
3339456,2702,2702.0,2702.0,"$125,000 to $149,999",associate degree,"some college, no degree",i earned more,17,High,Some college,Some college,3,3.0,Same education level,yes,,yes,,21.0,"white, non-hispanic","white, non-hispanic","White, Non-Hispanic",no (not latino or hispanic),white
3343651,42408,42408.0,42408.0,"$35,000 to $39,999",10th grade,hs graduate or ged,i earned more,10,Low,Less than HS,HS,1,2.0,Partner higher,,,,,48.0,"white, non-hispanic","white, non-hispanic",,no (not latino or hispanic),white
3344521,36116,36116.0,36116.0,"$60,000 to $74,999",associate degree,bachelor's degree,partner earned more,13,Middle,Some college,Bachelor's+,3,4.0,Partner higher,,,,,34.0,"white, non-hispanic",,,no (not latino or hispanic),white
3345295,16686,16686.0,16686.0,"$10,000 to $12,499",bachelors degree,master's degree,partner earned more,4,Low,Bachelor's+,Bachelor's+,4,4.0,Same education level,,,,,8.0,"white, non-hispanic",,,no (not latino or hispanic),white
3348643,58005,58005.0,58005.0,"$75,000 to $84,999","some college, no degree","some college, no degree",we earned about the same amount,14,High,Some college,Some college,3,3.0,Same education level,yes,,,,14.0,"white, non-hispanic","white, non-hispanic",,no (not latino or hispanic),white
3349375,45555,45555.0,45555.0,"$60,000 to $74,999",bachelors degree,bachelor's degree,we earned about the same amount,13,Middle,Bachelor's+,Bachelor's+,4,4.0,Same education level,,,,,1.5,"white, non-hispanic","white, non-hispanic",,no (not latino or hispanic),white
3351401,11875,11875.0,11875.0,"$35,000 to $39,999",12th grade no diploma,hs graduate or ged,partner earned more,10,Low,Less than HS,HS,1,2.0,Partner higher,,,,,11.0,"2+ races, non-hispanic","other, non-hispanic","Other, Non-Hispanic",no (not latino or hispanic),white
3352466,53025,,,"$35,000 to $39,999",high school graduate - high school diploma or the equivalent (ged),,,10,Low,HS,,2,,,,,,,,"white, non-hispanic",,,,
3353683,938,,,"$60,000 to $74,999",masters degree,,,13,Middle,Bachelor's+,,4,,,,,,,,"white, non-hispanic",,,,
3354341,48996,48996.0,48996.0,"$35,000 to $39,999",12th grade no diploma,9th grade,i earned more,10,Low,Less than HS,Less than HS,1,1.0,Same education level,,,,,11.0,"white, non-hispanic","white, non-hispanic","White, Non-Hispanic",no (not latino or hispanic),white
3355301,104268,104268.0,104268.0,"$35,000 to $39,999",high school graduate - high school diploma or the equivalent (ged),hs graduate or ged,i earned more,10,Low,HS,HS,2,2.0,Same education level,,,,,8.0,hispanic,hispanic,Hispanic,"yes, mexican, mexican american, chicano",white
3356271,50566,50566.0,50566.0,"$75,000 to $84,999",associate degree,bachelor's degree,i earned more,14,High,Some college,Bachelor's+,3,4.0,Partner higher,,,,,7.0,"white, non-hispanic","white, non-hispanic","White, Non-Hispanic",no (not latino or hispanic),white
3357661,114378,114378.0,114378.0,"$60,000 to $74,999",high school graduate - high school diploma or the equivalent (ged),hs graduate or ged,i earned more,13,Middle,HS,HS,2,2.0,Same education level,,,,,41.0,"white, non-hispanic","white, non-hispanic","White, Non-Hispanic",no (not latino or hispanic),white
3358441,66683,66683.0,66683.0,"$5,000 to $7,499",high school graduate - high school diploma or the equivalent (ged),"some college, no degree",partner earned more,2,Low,HS,Some college,2,3.0,Partner higher,,,,,7.0,"white, non-hispanic","white, non-hispanic","White, Non-Hispanic",no (not latino or hispanic),white
3359801,74585,74585.0,74585.0,"$60,000 to $74,999",masters degree,master's degree,we earned about the same amount,13,Middle,Bachelor's+,Bachelor's+,4,4.0,Same education level,,,,,55.0,"white, non-hispanic","white, non-hispanic","White, Non-Hispanic",no (not latino or hispanic),white
3360295,133542,,,"$100,000 to $124,999",bachelors degree,,,16,High,Bachelor's+,,4,,,,,,,,hispanic,,,,
3361453,6895,6895.0,6895.0,"$15,000 to $19,999",masters degree,"some college, no degree",i earned more,6,Low,Bachelor's+,Some college,4,3.0,Respondent higher,,,,,10.0,hispanic,,,no (not latino or hispanic),white
3362591,68924,68924.0,68924.0,"$35,000 to $39,999",high school graduate - high school diploma or the equivalent (ged),"some college, no degree",i earned more,10,Low,HS,Some college,2,3.0,Partner higher,,,,,19.0,"white, non-hispanic","white, non-hispanic","White, Non-Hispanic",no (not latino or hispanic),white
3363561,78390,78390.0,78390.0,"$50,000 to $59,999",high school graduate - high school diploma or the equivalent (ged),bachelor's degree,partner earned more,12,Middle,HS,Bachelor's+,2,4.0,Partner higher,,,,,25.0,"white, non-hispanic","white, non-hispanic",,no (not latino or hispanic),white
3364501,30931,30931.0,30931.0,"$40,000 to $49,999",high school graduate - high school diploma or the equivalent (ged),hs graduate or ged,i earned more,11,Middle,HS,HS,2,2.0,Same education level,,,,,20.0,"white, non-hispanic","white, non-hispanic",,no (not latino or hispanic),white
3365741,48684,48684.0,48684.0,"$25,000 to $29,999",11th grade,1st - 4th grade,i earned more,8,Low,Less than HS,Less than HS,1,1.0,Same education level,,,,,58.0,"white, non-hispanic","white, non-hispanic",,no (not latino or hispanic),white
3366306,3916,3916.0,3916.0,"$125,000 to $149,999",masters degree,master's degree,partner earned more,17,High,Bachelor's+,Bachelor's+,4,4.0,Same education level,,,,,6.0,"white, non-hispanic","white, non-hispanic","White, Non-Hispanic",no (not latino or hispanic),white
3367605,9531,9531.0,9531.0,"$50,000 to $59,999","some college, no degree",associate degree,partner earned more,12,Middle,Some college,Some college,3,3.0,Same education level,,,,,27.0,"white, non-hispanic",,,no (not latino or hispanic),white
3368324,103583,,,"less than $5,000",bachelors degree,,,1,Low,Bachelor's+,,4,,,,,,,,hispanic,hispanic,Hispanic,,
3369591,52930,52930.0,52930.0,"$35,000 to $39,999",11th grade,hs graduate or ged,we earned about the same amount,10,Low,Less than HS,HS,1,2.0,Partner higher,,,,,38.0,"white, non-hispanic","white, non-hispanic",,no (not latino or hispanic),white
3373441,80664,80664.0,80664.0,"$60,000 to $74,999",high school graduate - high school diploma or the equivalent (ged),hs graduate or ged,partner earned more,13,Middle,HS,HS,2,2.0,Same education level,,,,,10.0,"white, non-hispanic","white, non-hispanic","White, Non-Hispanic",no (not latino or hispanic),white
3374456,2499,2499.0,2499.0,"$125,000 to $149,999",professional or doctorate degree,professional or doctorate degree,we earned about the same amount,17,High,Bachelor's+,Bachelor's+,4,4.0,Same education level,yes,,yes,,12.0,"white, non-hispanic",,"White, Non-Hispanic",no (not latino or hispanic),white
3375545,76068,,,"less than $5,000","some college, no degree",,,1,Low,Some college,,3,,,,,,,,"white, non-hispanic","other, non-hispanic",,,
3376535,73141,,,"$25,000 to $29,999","some college, no degree",,,8,Low,Some college,,3,,,,,,,,"white, non-hispanic","white, non-hispanic","White, Non-Hispanic",,
3377545,57979,,,"$35,000 to $39,999",bachelors degree,,,10,Low,Bachelor's+,,4,,,,,,,,"white, non-hispanic","white, non-hispanic",,,
3378341,54233,54233.0,54233.0,"$40,000 to $49,999",bachelors degree,master's degree,i earned more,11,Middle,Bachelor's+,Bachelor's+,4,4.0,Same education level,,,,,7.0,"white, non-hispanic","white, non-hispanic","White, Non-Hispanic",no (not latino or hispanic),white
3379555,2845,,,"$40,000 to $49,999",masters degree,,,11,Middle,Bachelor's+,,4,,,,,,,,"white, non-hispanic",,,,
3380321,62897,62897.0,62897.0,"$100,000 to $124,999",high school graduate - high school diploma or the equivalent (ged),master's degree,i earned more,16,High,HS,Bachelor's+,2,4.0,Partner higher,,,,,13.0,"white, non-hispanic","white, non-hispanic","White, Non-Hispanic",no (not latino or hispanic),white
3381802,37993,37993.0,37993.0,"$15,000 to $19,999",11th grade,hs graduate or ged,i earned more,6,Low,Less than HS,HS,1,2.0,Partner higher,,,,,60.0,"white, non-hispanic",,,no (not latino or hispanic),white
3382804,98291,98291.0,98291.0,"$85,000 to $99,999",high school graduate - high school diploma or the equivalent (ged),hs graduate or ged,refused,15,High,HS,HS,2,2.0,Same education level,yes,,,,25.0,hispanic,hispanic,,"yes, other latino/hispanic",white
3383301,62721,62721.0,62721.0,"$60,000 to $74,999",bachelors degree,bachelor's degree,i earned more,13,Middle,Bachelor's+,Bachelor's+,4,4.0,Same education level,,,,,11.0,"white, non-hispanic","white, non-hispanic","White, Non-Hispanic",no (not latino or hispanic),white
3384581,53297,53297.0,53297.0,"$100,000 to $124,999",high school graduate - high school diploma or the equivalent (ged),"some college, no degree",i earned more,16,High,HS,Some college,2,3.0,Partner higher,,,,,16.0,"white, non-hispanic","white, non-hispanic",,no (not latino or hispanic),white
3385711,68460,68460.0,68460.0,"$25,000 to $29,999",10th grade,hs graduate or ged,i earned more,8,Low,Less than HS,HS,1,2.0,Partner higher,,,,,11.0,"white, non-hispanic","white, non-hispanic",,no (not latino or hispanic),white
3386774,34688,,,"$7,500 to $9,999",11th grade,,,3,Low,Less than HS,,1,,,,,,,,"white, non-hispanic","white, non-hispanic",,,
3387391,49972,49972.0,49972.0,"$85,000 to $99,999",9th grade,master's degree,partner earned more,15,High,Less than HS,Bachelor's+,1,4.0,Partner higher,,,,,17.0,"white, non-hispanic","white, non-hispanic",,"yes, other latino/hispanic",white
3388605,69486,,,"$60,000 to $74,999",masters degree,,,13,Middle,Bachelor's+,,4,,,,,,,,"white, non-hispanic","white, non-hispanic","White, Non-Hispanic",,
3389606,1918,1918.0,1918.0,"$100,000 to $124,999",masters degree,master's degree,partner earned more,16,High,Bachelor's+,Bachelor's+,4,4.0,Same education level,,,,,38.0,"white, non-hispanic","white, non-hispanic","White, Non-Hispanic",no (not latino or hispanic),white
3390511,2550,2550.0,2550.0,"$60,000 to $74,999",bachelors degree,professional or doctorate degree,partner earned more,13,Middle,Bachelor's+,Bachelor's+,4,4.0,Same education level,,,,,25.0,"other, non-hispanic","other, non-hispanic","Other, Non-Hispanic",no (not latino or hispanic),white
3391295,205399,205399.0,205399.0,"$30,000 to $34,999",bachelors degree,"some college, no degree",we earned about the same amount,9,Low,Bachelor's+,Some college,4,3.0,Respondent higher,no,we broke up,,,0.15,"white, non-hispanic","white, non-hispanic",,no (not latino or hispanic),white
3392501,27929,27929.0,27929.0,"$100,000 to $124,999",high school graduate - high school diploma or the equivalent (ged),hs graduate or ged,partner earned more,16,High,HS,HS,2,2.0,Same education level,,,,,34.0,"white, non-hispanic","white, non-hispanic","White, Non-Hispanic",no (not latino or hispanic),white
3394355,32279,,,"$100,000 to $124,999",bachelors degree,,,16,High,Bachelor's+,,4,,,,,,,,"black, non-hispanic","black, non-hispanic","Black, Non-Hispanic",,
3395401,63346,63346.0,63346.0,"$75,000 to $84,999",high school graduate - high school diploma or the equivalent (ged),"some college, no degree",partner earned more,14,High,HS,Some college,2,3.0,Partner higher,,,,,8.0,hispanic,hispanic,,no (not latino or hispanic),white
3396426,4263,4263.0,4263.0,"$125,000 to $149,999",masters degree,bachelor's degree,we earned about the same amount,17,High,Bachelor's+,Bachelor's+,4,4.0,Same education level,yes,,yes,,12.0,"white, non-hispanic","white, non-hispanic","White, Non-Hispanic",no (not latino or hispanic),white
3397265,34508,34508.0,34508.0,"$30,000 to $34,999",associate degree,"some college, no degree",we earned about the same amount,9,Low,Some college,Some college,3,3.0,Same education level,,,,,1.5,"black, non-hispanic","black, non-hispanic","Black, Non-Hispanic",no (not latino or hispanic),black or african american
3398583,1369,,,"$40,000 to $49,999","some college, no degree",,,11,Middle,Some college,,3,,,,,,,,"white, non-hispanic","white, non-hispanic","White, Non-Hispanic",,
3399561,6796,6796.0,6796.0,"$35,000 to $39,999",high school graduate - high school diploma or the equivalent (ged),master's degree,i earned more,10,Low,HS,Bachelor's+,2,4.0,Partner higher,,,,,19.0,"white, non-hispanic","white, non-hispanic","White, Non-Hispanic",no (not latino or hispanic),white
3401521,27964,27964.0,27964.0,"$100,000 to $124,999",bachelors degree,hs graduate or ged,i earned more,16,High,Bachelor's+,HS,4,2.0,Respondent higher,,,,,26.0,"white, non-hispanic","white, non-hispanic","White, Non-Hispanic",no (not latino or hispanic),white
3402651,65439,,,"$20,000 to $24,999",high school graduate - high school diploma or the equivalent (ged),,,7,Low,HS,,2,,,,,,,,"white, non-hispanic","white, non-hispanic","White, Non-Hispanic",,
3403215,44032,,,"$40,000 to $49,999","some college, no degree",,,11,Middle,Some college,,3,,,,,,,,"white, non-hispanic","white, non-hispanic","White, Non-Hispanic",,
3404321,28273,28273.0,28273.0,"$60,000 to $74,999",high school graduate - high school diploma or the equivalent (ged),hs graduate or ged,partner earned more,13,Middle,HS,HS,2,2.0,Same education level,,,,,14.0,"white, non-hispanic","white, non-hispanic",,no (not latino or hispanic),white
3406281,58360,58360.0,58360.0,"$100,000 to $124,999",masters degree,master's degree,partner earned more,16,High,Bachelor's+,Bachelor's+,4,4.0,Same education level,,,,,8.0,"white, non-hispanic","white, non-hispanic","White, Non-Hispanic",no (not latino or hispanic),white
3407281,178952,178952.0,178952.0,"$20,000 to $24,999","some college, no degree",bachelor's degree,i earned more,7,Low,Some college,Bachelor's+,3,4.0,Partner higher,,,,,12.0,"white, non-hispanic","white, non-hispanic","White, Non-Hispanic",no (not latino or hispanic),white
3408205,55870,55870.0,55870.0,"$40,000 to $49,999",associate degree,associate degree,i earned more,11,Middle,Some college,Some college,3,3.0,Same education level,yes,,no,We broke up,1.5,"white, non-hispanic","white, non-hispanic","White, Non-Hispanic",no (not latino or hispanic),white
3409311,61522,61522.0,61522.0,"$85,000 to $99,999",high school graduate - high school diploma or the equivalent (ged),hs graduate or ged,i earned more,15,High,HS,HS,2,2.0,Same education level,,,,,2.5,hispanic,hispanic,Hispanic,no (not latino or hispanic),white
3410265,104363,104363.0,104363.0,"$60,000 to $74,999",high school graduate - high school diploma or the equivalent (ged),associate degree,we earned about the same amount,13,Middle,HS,Some college,2,3.0,Partner higher,,,,,4.0,"black, non-hispanic","black, non-hispanic","Black, Non-Hispanic",no (not latino or hispanic),black or african american
3411281,48931,48931.0,48931.0,"$40,000 to $49,999",bachelors degree,"some college, no degree",partner earned more,11,Middle,Bachelor's+,Some college,4,3.0,Respondent higher,,,,,6.0,"white, non-hispanic","white, non-hispanic","White, Non-Hispanic",no (not latino or hispanic),white
3413541,39906,39906.0,39906.0,"$35,000 to $39,999",11th grade,hs graduate or ged,i earned more,10,Low,Less than HS,HS,1,2.0,Partner higher,,,,,9.0,"black, non-hispanic","black, non-hispanic","Black, Non-Hispanic",no (not latino or hispanic),black or african american
3414471,62379,62379.0,62379.0,"$35,000 to $39,999",high school graduate - high school diploma or the equivalent (ged),hs graduate or ged,i earned more,10,Low,HS,HS,2,2.0,Same education level,,,,,17.0,"white, non-hispanic",,,no (not latino or hispanic),white
3415791,54662,54662.0,54662.0,"$50,000 to $59,999",high school graduate - high school diploma or the equivalent (ged),"some college, no degree",i earned more,12,Middle,HS,Some college,2,3.0,Partner higher,,,,,40.0,"white, non-hispanic","white, non-hispanic",,"yes, mexican, mexican american, chicano",other (please specify)
3416225,264379,264379.0,264379.0,"$60,000 to $74,999",high school graduate - high school diploma or the equivalent (ged),bachelor's degree,partner earned more,13,Middle,HS,Bachelor's+,2,4.0,Partner higher,yes,,,,4.0,"black, non-hispanic","black, non-hispanic",,"yes, puerto rican","american indian, aleut, or eskimo"
3418301,45598,45598.0,45598.0,"$25,000 to $29,999",high school graduate - high school diploma or the equivalent (ged),"some college, no degree",i earned more,8,Low,HS,Some college,2,3.0,Partner higher,,,,,8.0,"white, non-hispanic","white, non-hispanic","White, Non-Hispanic",no (not latino or hispanic),white
3419225,13163,13163.0,13163.0,"$50,000 to $59,999","some college, no degree",bachelor's degree,partner earned more,12,Middle,Some college,Bachelor's+,3,4.0,Partner higher,no,we broke up,,,2.5,"white, non-hispanic","white, non-hispanic",,no (not latino or hispanic),white
3420501,84568,84568.0,84568.0,"$60,000 to $74,999",bachelors degree,master's degree,partner earned more,13,Middle,Bachelor's+,Bachelor's+,4,4.0,Same education level,,,,,24.0,"other, non-hispanic","other, non-hispanic","Other, Non-Hispanic",no (not latino or hispanic),asian or pacific islander
3423662,6163,,,"$20,000 to $24,999",associate degree,,,7,Low,Some college,,3,,,,,,,,"white, non-hispanic","white, non-hispanic","White, Non-Hispanic",,
3424583,67408,67408.0,67408.0,"$12,500 to $14,999",bachelors degree,hs graduate or ged,partner earned more,5,Low,Bachelor's+,HS,4,2.0,Respondent higher,yes,,yes,,4.0,"black, non-hispanic","black, non-hispanic","Black, Non-Hispanic",no (not latino or hispanic),black or african american
3425351,91237,91237.0,91237.0,"$15,000 to $19,999","some college, no degree",hs graduate or ged,i earned more,6,Low,Some college,HS,3,2.0,Respondent higher,,,,,8.0,"white, non-hispanic","white, non-hispanic","White, Non-Hispanic",no (not latino or hispanic),white
3427495,3558,3558.0,3558.0,"$75,000 to $84,999",masters degree,master's degree,partner earned more,14,High,Bachelor's+,Bachelor's+,4,4.0,Same education level,yes,,yes,,0.05,"white, non-hispanic","white, non-hispanic","White, Non-Hispanic",no (not latino or hispanic),white
3429421,68576,68576.0,68576.0,"$85,000 to $99,999",high school graduate - high school diploma or the equivalent (ged),"some college, no degree",partner earned more,15,High,HS,Some college,2,3.0,Partner higher,,,,,22.0,"white, non-hispanic","white, non-hispanic","White, Non-Hispanic",no (not latino or hispanic),white
3431211,168923,168923.0,168923.0,"$60,000 to $74,999",high school graduate - high school diploma or the equivalent (ged),hs graduate or ged,partner earned more,13,Middle,HS,HS,2,2.0,Same education level,,,,,4.0,"white, non-hispanic","white, non-hispanic","White, Non-Hispanic",no (not latino or hispanic),white
3432215,17726,17726.0,17726.0,"$175,000 or more","some college, no degree","some college, no degree",i earned more,19,High,Some college,Some college,3,3.0,Same education level,yes,,,,1.5,"white, non-hispanic","white, non-hispanic","White, Non-Hispanic",no (not latino or hispanic),white
3433475,1904,,,"$85,000 to $99,999",bachelors degree,,,15,High,Bachelor's+,,4,,,,,,,,"white, non-hispanic",,,,
3434741,51272,51272.0,51272.0,"$50,000 to $59,999",high school graduate - high school diploma or the equivalent (ged),12th grade no diploma,partner earned more,12,Middle,HS,Less than HS,2,1.0,Respondent higher,,,,,57.0,"white, non-hispanic","white, non-hispanic",,no (not latino or hispanic),white
3435511,134006,134006.0,134006.0,"$50,000 to $59,999",associate degree,associate degree,we earned about the same amount,12,Middle,Some college,Some college,3,3.0,Same education level,,,,,19.0,"white, non-hispanic","white, non-hispanic",,no (not latino or hispanic),asian or pacific islander
3436321,41549,41549.0,41549.0,"$60,000 to $74,999",bachelors degree,"some college, no degree",i earned more,13,Middle,Bachelor's+,Some college,4,3.0,Respondent higher,,,,,9.0,"white, non-hispanic","white, non-hispanic","White, Non-Hispanic",no (not latino or hispanic),white
3437541,166556,,,"$7,500 to $9,999",12th grade no diploma,,,3,Low,Less than HS,,1,,,,,,,,"black, non-hispanic","black, non-hispanic","Black, Non-Hispanic",,
3438563,120323,,,"$25,000 to $29,999",associate degree,,,8,Low,Some college,,3,,,,,,,,hispanic,hispanic,Hispanic,,
3439471,101381,101381.0,101381.0,"$40,000 to $49,999",associate degree,"some college, no degree",i earned more,11,Middle,Some college,Some college,3,3.0,Same education level,,,,,22.0,"white, non-hispanic","white, non-hispanic","White, Non-Hispanic",no (not latino or hispanic),white
3443611,38426,38426.0,38426.0,"$50,000 to $59,999",high school graduate - high school diploma or the equivalent (ged),"some college, no degree",partner earned more,12,Middle,HS,Some college,2,3.0,Partner higher,,,,,44.0,"white, non-hispanic","white, non-hispanic",,no (not latino or hispanic),white
3444456,4445,4445.0,4445.0,"$175,000 or more","some college, no degree","some college, no degree",i earned more,19,High,Some college,Some college,3,3.0,Same education level,yes,,yes,,4.0,"white, non-hispanic","white, non-hispanic","White, Non-Hispanic",no (not latino or hispanic),white
3445416,36822,36822.0,36822.0,"$150,000 to $174,999",professional or doctorate degree,professional or doctorate degree,i earned more,18,High,Bachelor's+,Bachelor's+,4,4.0,Same education level,,,,,17.0,"white, non-hispanic","white, non-hispanic",,no (not latino or hispanic),white
3446513,7578,7578.0,7578.0,"$20,000 to $24,999",high school graduate - high school diploma or the equivalent (ged),associate degree,partner earned more,7,Low,HS,Some college,2,3.0,Partner higher,no,we broke up,,,14.0,"white, non-hispanic","white, non-hispanic","White, Non-Hispanic",no (not latino or hispanic),white
3447315,117637,,,"$50,000 to $59,999",high school graduate - high school diploma or the equivalent (ged),,,12,Middle,HS,,2,,,,,,,,hispanic,hispanic,,,
3448495,133539,,,"$7,500 to $9,999","some college, no degree",,,3,Low,Some college,,3,,,,,,,,"black, non-hispanic","black, non-hispanic","Black, Non-Hispanic",,
3450311,53773,53773.0,53773.0,"$75,000 to $84,999",high school graduate - high school diploma or the equivalent (ged),bachelor's degree,partner earned more,14,High,HS,Bachelor's+,2,4.0,Partner higher,,,,,17.0,"white, non-hispanic","white, non-hispanic","White, Non-Hispanic",no (not latino or hispanic),white
3451603,30516,,,"$50,000 to $59,999","some college, no degree",,,12,Middle,Some college,,3,,,,,,,,"white, non-hispanic","white, non-hispanic","White, Non-Hispanic",,
3453341,53205,53205.0,53205.0,"$75,000 to $84,999",high school graduate - high school diploma or the equivalent (ged),associate degree,i earned more,14,High,HS,Some college,2,3.0,Partner higher,,,,,10.0,"white, non-hispanic","white, non-hispanic","White, Non-Hispanic",no (not latino or hispanic),white
3454546,5953,5953.0,5953.0,"$50,000 to $59,999","some college, no degree","some college, no degree",we earned about the same amount,12,Middle,Some college,Some college,3,3.0,Same education level,,,,,9.0,"white, non-hispanic",,,no (not latino or hispanic),white
3456433,38789,,,"$30,000 to $34,999","some college, no degree",,,9,Low,Some college,,3,,,,,,,,"white, non-hispanic","white, non-hispanic",,,
3458581,61504,61504.0,61504.0,"$30,000 to $34,999",high school graduate - high school diploma or the equivalent (ged),hs graduate or ged,partner earned more,9,Low,HS,HS,2,2.0,Same education level,,,,,15.0,hispanic,hispanic,,no (not latino or hispanic),black or african american
3459782,42533,,,"$20,000 to $24,999",12th grade no diploma,,,7,Low,Less than HS,,1,,,,,,,,"white, non-hispanic","white, non-hispanic","White, Non-Hispanic",,
3460195,133341,133341.0,133341.0,"$75,000 to $84,999",high school graduate - high school diploma or the equivalent (ged),hs graduate or ged,partner earned more,14,High,HS,HS,2,2.0,Same education level,,,yes,,0.75,hispanic,hispanic,Hispanic,no (not latino or hispanic),black or african american
3461275,36784,36784.0,36784.0,"$125,000 to $149,999","some college, no degree",associate degree,partner earned more,17,High,Some college,Some college,3,3.0,Same education level,yes,,,,6.0,"white, non-hispanic","2+ races, non-hispanic",,no (not latino or hispanic),white
3462371,4302,4302.0,4302.0,"$40,000 to $49,999",bachelors degree,master's degree,partner earned more,11,Middle,Bachelor's+,Bachelor's+,4,4.0,Same education level,,,,,12.0,"black, non-hispanic",,,no (not latino or hispanic),asian or pacific islander
3463653,238578,,,"$7,500 to $9,999",12th grade no diploma,,,3,Low,Less than HS,,1,,,,,,,,"black, non-hispanic",,"Black, Non-Hispanic",,
3464376,1109,1109.0,1109.0,"$125,000 to $149,999",bachelors degree,professional or doctorate degree,partner earned more,17,High,Bachelor's+,Bachelor's+,4,4.0,Same education level,,,,,6.0,"white, non-hispanic","white, non-hispanic","White, Non-Hispanic",no (not latino or hispanic),white
3466445,71765,,,"$35,000 to $39,999",associate degree,,,10,Low,Some college,,3,,,,,,,,"white, non-hispanic","white, non-hispanic","White, Non-Hispanic",,
3467683,56055,,,"$85,000 to $99,999",masters degree,,,15,High,Bachelor's+,,4,,,,,,,,"white, non-hispanic","white, non-hispanic","White, Non-Hispanic",,
3468741,63062,63062.0,63062.0,"$50,000 to $59,999",masters degree,master's degree,i earned more,12,Middle,Bachelor's+,Bachelor's+,4,4.0,Same education level,,,,,56.0,"white, non-hispanic","white, non-hispanic","White, Non-Hispanic",no (not latino or hispanic),white
3469346,59537,59537.0,59537.0,"$40,000 to $49,999",high school graduate - high school diploma or the equivalent (ged),hs graduate or ged,we earned about the same amount,11,Middle,HS,HS,2,2.0,Same education level,,,,,4.0,"white, non-hispanic","white, non-hispanic","White, Non-Hispanic",no (not latino or hispanic),white
3471641,949,,,"$35,000 to $39,999","some college, no degree",,,10,Low,Some college,,3,,,,,,,,"white, non-hispanic",,,,
3472321,22597,22597.0,22597.0,"$60,000 to $74,999",bachelors degree,"some college, no degree",i earned more,13,Middle,Bachelor's+,Some college,4,3.0,Respondent higher,,,,,11.0,"white, non-hispanic","white, non-hispanic",,no (not latino or hispanic),white
3473436,4687,,,"$100,000 to $124,999",masters degree,,,16,High,Bachelor's+,,4,,,,,,,,"white, non-hispanic","white, non-hispanic",,,
3475471,5370,5370.0,5370.0,"$10,000 to $12,499","some college, no degree",bachelor's degree,partner earned more,4,Low,Some college,Bachelor's+,3,4.0,Partner higher,,,,,29.0,"white, non-hispanic",,,no (not latino or hispanic),white
3476445,3269,3269.0,3269.0,"$50,000 to $59,999",bachelors degree,hs graduate or ged,i earned more,12,Middle,Bachelor's+,HS,4,2.0,Respondent higher,no,we broke up,,,1.5,"white, non-hispanic","white, non-hispanic","White, Non-Hispanic",no (not latino or hispanic),white
3477401,98660,98660.0,98660.0,"$50,000 to $59,999",high school graduate - high school diploma or the equivalent (ged),associate degree,partner earned more,12,Middle,HS,Some college,2,3.0,Partner higher,,,,,21.0,hispanic,hispanic,,"yes, mexican, mexican american, chicano",white
3478535,88789,88789.0,88789.0,"$40,000 to $49,999",bachelors degree,"some college, no degree",i earned more,11,Middle,Bachelor's+,Some college,4,3.0,Respondent higher,,,,,1.5,"black, non-hispanic","black, non-hispanic",,no (not latino or hispanic),black or african american
3479321,116341,116341.0,116341.0,"$75,000 to $84,999","some college, no degree","some college, no degree",i earned more,14,High,Some college,Some college,3,3.0,Same education level,,,,,9.0,hispanic,"white, non-hispanic",Hispanic,no (not latino or hispanic),white
3480226,47240,47240.0,47240.0,"$15,000 to $19,999","some college, no degree",associate degree,i earned more,6,Low,Some college,Some college,3,3.0,Same education level,yes,,,,4.0,"white, non-hispanic","white, non-hispanic","White, Non-Hispanic",no (not latino or hispanic),white
3482535,2728,,,"$50,000 to $59,999",masters degree,,,12,Middle,Bachelor's+,,4,,,,,,,,"white, non-hispanic",,,,
3483611,42614,42614.0,42614.0,"$10,000 to $12,499",11th grade,11th grade,partner earned more,4,Low,Less than HS,Less than HS,1,1.0,Same education level,,,,,44.0,"white, non-hispanic","white, non-hispanic","White, Non-Hispanic",no (not latino or hispanic),white
3484361,80880,80880.0,80880.0,"$100,000 to $124,999",associate degree,"some college, no degree",i earned more,16,High,Some college,Some college,3,3.0,Same education level,,,,,6.0,hispanic,hispanic,,no (not latino or hispanic),white
3485543,153719,153719.0,153719.0,"$125,000 to $149,999",high school graduate - high school diploma or the equivalent (ged),hs graduate or ged,partner earned more,17,High,HS,HS,2,2.0,Same education level,yes,,yes,,11.0,"white, non-hispanic","white, non-hispanic","White, Non-Hispanic",no (not latino or hispanic),white
3486341,99549,99549.0,99549.0,"$75,000 to $84,999","some college, no degree",master's degree,partner earned more,14,High,Some college,Bachelor's+,3,4.0,Partner higher,,,,,18.0,"white, non-hispanic","white, non-hispanic","White, Non-Hispanic",no (not latino or hispanic),white
3487661,69419,69419.0,69419.0,"$25,000 to $29,999",associate degree,"some college, no degree",partner earned more,8,Low,Some college,Some college,3,3.0,Same education level,,,,,46.0,"white, non-hispanic","white, non-hispanic","White, Non-Hispanic",no (not latino or hispanic),white
3488485,4467,4467.0,4467.0,"$15,000 to $19,999",high school graduate - high school diploma or the equivalent (ged),"some college, no degree",partner earned more,6,Low,HS,Some college,2,3.0,Partner higher,yes,,no,We broke up,24.0,"white, non-hispanic","white, non-hispanic",,no (not latino or hispanic),white
3489445,45066,,,"$20,000 to $24,999",high school graduate - high school diploma or the equivalent (ged),,,7,Low,HS,,2,,,,,,,,"white, non-hispanic","white, non-hispanic",,,
3490381,135171,135171.0,135171.0,"$40,000 to $49,999",high school graduate - high school diploma or the equivalent (ged),"some college, no degree",partner earned more,11,Middle,HS,Some college,2,3.0,Partner higher,,,,,15.0,hispanic,hispanic,Hispanic,"yes, mexican, mexican american, chicano",white
3491361,61266,61266.0,61266.0,"$75,000 to $84,999",7th or 8th grade,"some college, no degree",i earned more,14,High,Less than HS,Some college,1,3.0,Partner higher,,,,,20.0,"white, non-hispanic","white, non-hispanic","White, Non-Hispanic",no (not latino or hispanic),white
3492545,1741,1741.0,1741.0,"$15,000 to $19,999",associate degree,"some college, no degree",i earned more,6,Low,Some college,Some college,3,3.0,Same education level,yes,,yes,,23.0,"white, non-hispanic","white, non-hispanic","White, Non-Hispanic",no (not latino or hispanic),white
3494271,76834,76834.0,76834.0,"$40,000 to $49,999",5th or 6th grade,hs graduate or ged,i earned more,11,Middle,Less than HS,HS,1,2.0,Partner higher,,,,,7.0,"white, non-hispanic","white, non-hispanic",,no (not latino or hispanic),white
3496531,40535,40535.0,40535.0,"$100,000 to $124,999","some college, no degree",hs graduate or ged,partner earned more,16,High,Some college,HS,3,2.0,Respondent higher,,,,,15.0,"white, non-hispanic","white, non-hispanic",,no (not latino or hispanic),white
3497476,3266,3266.0,3266.0,"$175,000 or more",masters degree,master's degree,partner earned more,19,High,Bachelor's+,Bachelor's+,4,4.0,Same education level,yes,,yes,,18.0,"white, non-hispanic","white, non-hispanic","White, Non-Hispanic","yes, other latino/hispanic",white
3498401,54191,54191.0,54191.0,"$85,000 to $99,999",masters degree,master's degree,i earned more,15,High,Bachelor's+,Bachelor's+,4,4.0,Same education level,,,,,8.0,"white, non-hispanic","white, non-hispanic","White, Non-Hispanic",no (not latino or hispanic),white
3500381,65961,65961.0,65961.0,"$75,000 to $84,999",masters degree,bachelor's degree,i earned more,14,High,Bachelor's+,Bachelor's+,4,4.0,Same education level,,,,,15.0,"white, non-hispanic","white, non-hispanic","White, Non-Hispanic",no (not latino or hispanic),white
3501661,233614,233614.0,233614.0,"$60,000 to $74,999",11th grade,9th grade,i earned more,13,Middle,Less than HS,Less than HS,1,1.0,Same education level,,,,,49.0,"black, non-hispanic","black, non-hispanic",,no (not latino or hispanic),white
3505551,108980,108980.0,108980.0,"$40,000 to $49,999",high school graduate - high school diploma or the equivalent (ged),"some college, no degree",i earned more,11,Middle,HS,Some college,2,3.0,Partner higher,,,,,26.0,"white, non-hispanic","white, non-hispanic",,no (not latino or hispanic),white
3506651,60400,60400.0,60400.0,"$35,000 to $39,999",associate degree,"some college, no degree",partner earned more,10,Low,Some college,Some college,3,3.0,Same education level,,,,,40.0,"white, non-hispanic",,,no (not latino or hispanic),white
3508351,125405,125405.0,125405.0,"$35,000 to $39,999","some college, no degree",bachelor's degree,i earned more,10,Low,Some college,Bachelor's+,3,4.0,Partner higher,,,,,7.0,"white, non-hispanic","white, non-hispanic",,no (not latino or hispanic),white
3509291,30666,30666.0,30666.0,"$20,000 to $24,999","some college, no degree","some college, no degree",i earned more,7,Low,Some college,Some college,3,3.0,Same education level,,,,,10.0,"white, non-hispanic","white, non-hispanic",,no (not latino or hispanic),white
3511271,58066,58066.0,58066.0,"$60,000 to $74,999",bachelors degree,bachelor's degree,i earned more,13,Middle,Bachelor's+,Bachelor's+,4,4.0,Same education level,,,,,5.0,"white, non-hispanic","white, non-hispanic","White, Non-Hispanic",no (not latino or hispanic),white
3512195,75219,75219.0,75219.0,"$75,000 to $84,999","some college, no degree",10th grade,we earned about the same amount,14,High,Some college,Less than HS,3,1.0,Respondent higher,,,,,0.75,"white, non-hispanic",,,no (not latino or hispanic),white
3513671,26742,26742.0,26742.0,"$20,000 to $24,999",high school graduate - high school diploma or the equivalent (ged),7th or 8th grade,i earned more,7,Low,HS,Less than HS,2,1.0,Respondent higher,,,,,51.0,"white, non-hispanic","white, non-hispanic","White, Non-Hispanic","yes, other latino/hispanic",other (please specify)
3515561,120191,120191.0,120191.0,"$125,000 to $149,999",associate degree,"some college, no degree",i earned more,17,High,Some college,Some college,3,3.0,Same education level,,,,,29.0,hispanic,"white, non-hispanic",Hispanic,no (not latino or hispanic),white
3516641,27151,27151.0,27151.0,"$50,000 to $59,999",bachelors degree,12th grade no diploma,i earned more,12,Middle,Bachelor's+,Less than HS,4,1.0,Respondent higher,,,,,44.0,"white, non-hispanic","white, non-hispanic",,no (not latino or hispanic),white
3517255,26922,26922.0,26922.0,"$150,000 to $174,999",masters degree,bachelor's degree,i earned more,18,High,Bachelor's+,Bachelor's+,4,4.0,Same education level,no,we broke up,,,5.0,"white, non-hispanic","white, non-hispanic","White, Non-Hispanic",no (not latino or hispanic),white
3518553,34042,34042.0,34042.0,"$35,000 to $39,999",bachelors degree,bachelor's degree,i earned more,10,Low,Bachelor's+,Bachelor's+,4,4.0,Same education level,,,,,30.0,"white, non-hispanic","white, non-hispanic","White, Non-Hispanic",no (not latino or hispanic),white
3519475,78588,,,"$7,500 to $9,999",high school graduate - high school diploma or the equivalent (ged),,,3,Low,HS,,2,,,,,,,,"white, non-hispanic","white, non-hispanic",,,
3520375,56331,56331.0,56331.0,"$40,000 to $49,999",professional or doctorate degree,bachelor's degree,i earned more,11,Middle,Bachelor's+,Bachelor's+,4,4.0,Same education level,no,other (please describe),,,1.5,"white, non-hispanic","white, non-hispanic","White, Non-Hispanic",no (not latino or hispanic),white
3521541,51009,51009.0,51009.0,"$20,000 to $24,999",10th grade,"some college, no degree",i earned more,7,Low,Less than HS,Some college,1,3.0,Partner higher,,,,,25.0,"white, non-hispanic","white, non-hispanic","White, Non-Hispanic",no (not latino or hispanic),white
3522285,69068,,,"$50,000 to $59,999",high school graduate - high school diploma or the equivalent (ged),,,12,Middle,HS,,2,,,,,,,,"white, non-hispanic","white, non-hispanic",,,
3524281,98905,98905.0,98905.0,"$75,000 to $84,999",bachelors degree,associate degree,partner earned more,14,High,Bachelor's+,Some college,4,3.0,Respondent higher,,,,,10.0,"white, non-hispanic","white, non-hispanic","White, Non-Hispanic",no (not latino or hispanic),white
3526335,58456,58456.0,58456.0,"$15,000 to $19,999",high school graduate - high school diploma or the equivalent (ged),hs graduate or ged,i earned more,6,Low,HS,HS,2,2.0,Same education level,no,we broke up,,,0.15,"white, non-hispanic","white, non-hispanic","White, Non-Hispanic",refused,white
3527275,92823,,,"$12,500 to $14,999",bachelors degree,,,5,Low,Bachelor's+,,4,,,,,,,,"other, non-hispanic","other, non-hispanic","Other, Non-Hispanic",,
3528551,56728,56728.0,56728.0,"$35,000 to $39,999",high school graduate - high school diploma or the equivalent (ged),"some college, no degree",partner earned more,10,Low,HS,Some college,2,3.0,Partner higher,,,,,26.0,"white, non-hispanic","white, non-hispanic","White, Non-Hispanic",no (not latino or hispanic),white
3530391,64740,64740.0,64740.0,"$75,000 to $84,999",masters degree,master's degree,partner earned more,14,High,Bachelor's+,Bachelor's+,4,4.0,Same education level,,,,,19.0,"white, non-hispanic","white, non-hispanic",,no (not latino or hispanic),white
3532465,2163,2163.0,2163.0,"$30,000 to $34,999",bachelors degree,"some college, no degree",i earned more,9,Low,Bachelor's+,Some college,4,3.0,Respondent higher,yes,,,,1.5,"white, non-hispanic","white, non-hispanic","White, Non-Hispanic",no (not latino or hispanic),white
3533493,89086,,,"$10,000 to $12,499","some college, no degree",,,4,Low,Some college,,3,,,,,,,,"white, non-hispanic","white, non-hispanic","White, Non-Hispanic",,
3534692,72360,,,"$20,000 to $24,999",11th grade,,,7,Low,Less than HS,,1,,,,,,,,"white, non-hispanic","white, non-hispanic","White, Non-Hispanic",,
3535676,1226,1226.0,1226.0,"$75,000 to $84,999",associate degree,bachelor's degree,we earned about the same amount,14,High,Some college,Bachelor's+,3,4.0,Partner higher,yes,,yes,,11.0,"white, non-hispanic","white, non-hispanic","White, Non-Hispanic",no (not latino or hispanic),white
3536365,22077,22077.0,22077.0,"$35,000 to $39,999","some college, no degree",hs graduate or ged,we earned about the same amount,10,Low,Some college,HS,3,2.0,Respondent higher,no,we broke up,,,0.15,"2+ races, non-hispanic","2+ races, non-hispanic","2+ Races, Non-Hispanic",no (not latino or hispanic),black or african american
3537861,35353,35353.0,35353.0,"$40,000 to $49,999",masters degree,hs graduate or ged,i earned more,11,Middle,Bachelor's+,HS,4,2.0,Respondent higher,,,,,23.0,"white, non-hispanic","white, non-hispanic",,no (not latino or hispanic),white
3538255,151954,,,"$75,000 to $84,999",bachelors degree,,,14,High,Bachelor's+,,4,,,,,,,,"black, non-hispanic","black, non-hispanic","Black, Non-Hispanic",,
3539595,32941,,,"$125,000 to $149,999",professional or doctorate degree,,,17,High,Bachelor's+,,4,,,,,,,,"white, non-hispanic","white, non-hispanic",,,
3540311,79594,79594.0,79594.0,"$35,000 to $39,999",associate degree,"some college, no degree",partner earned more,10,Low,Some college,Some college,3,3.0,Same education level,,,,,15.0,"white, non-hispanic","white, non-hispanic","White, Non-Hispanic",no (not latino or hispanic),white
3541521,34490,34490.0,34490.0,"$100,000 to $124,999",masters degree,master's degree,i earned more,16,High,Bachelor's+,Bachelor's+,4,4.0,Same education level,,,,,32.0,"white, non-hispanic","white, non-hispanic",,no (not latino or hispanic),white
3543225,45492,45492.0,45492.0,"$60,000 to $74,999",associate degree,"some college, no degree",i earned more,13,Middle,Some college,Some college,3,3.0,Same education level,yes,,,,4.0,"white, non-hispanic","white, non-hispanic","White, Non-Hispanic",no (not latino or hispanic),white
3545823,58415,,,"$25,000 to $29,999","some college, no degree",,,8,Low,Some college,,3,,,,,,,,"white, non-hispanic","white, non-hispanic",,,
3547415,11400,11400.0,11400.0,"$75,000 to $84,999",masters degree,associate degree,we earned about the same amount,14,High,Bachelor's+,Some college,4,3.0,Respondent higher,no,we broke up,,,0.75,"2+ races, non-hispanic","2+ races, non-hispanic","2+ Races, Non-Hispanic",no (not latino or hispanic),white
3548505,219991,219991.0,219991.0,"$15,000 to $19,999",bachelors degree,hs graduate or ged,partner earned more,6,Low,Bachelor's+,HS,4,2.0,Respondent higher,yes,,,,20.0,"black, non-hispanic","black, non-hispanic",,no (not latino or hispanic),black or african american
3549425,5217,5217.0,5217.0,"$60,000 to $74,999",bachelors degree,bachelor's degree,we earned about the same amount,13,Middle,Bachelor's+,Bachelor's+,4,4.0,Same education level,no,we broke up,,,0.15,"white, non-hispanic","white, non-hispanic","White, Non-Hispanic",no (not latino or hispanic),white
3550861,60082,60082.0,60082.0,"$30,000 to $34,999",high school graduate - high school diploma or the equivalent (ged),hs graduate or ged,i earned more,9,Low,HS,HS,2,2.0,Same education level,,,,,32.0,"white, non-hispanic","white, non-hispanic",,no (not latino or hispanic),white
3551483,28314,28314.0,28314.0,"$75,000 to $84,999",bachelors degree,"some college, no degree",we earned about the same amount,14,High,Bachelor's+,Some college,4,3.0,Respondent higher,yes,,yes,,7.0,"white, non-hispanic","white, non-hispanic","White, Non-Hispanic",no (not latino or hispanic),white
3552321,111172,111172.0,111172.0,"$85,000 to $99,999","some college, no degree",bachelor's degree,partner earned more,15,High,Some college,Bachelor's+,3,4.0,Partner higher,,,,,12.0,"white, non-hispanic","white, non-hispanic","White, Non-Hispanic",no (not latino or hispanic),white
3553445,11134,11134.0,11134.0,"$25,000 to $29,999",masters degree,bachelor's degree,i earned more,8,Low,Bachelor's+,Bachelor's+,4,4.0,Same education level,,,,,1.5,"white, non-hispanic",,,no (not latino or hispanic),white
3554671,47206,47206.0,47206.0,"$60,000 to $74,999",9th grade,9th grade,partner earned more,13,Middle,Less than HS,Less than HS,1,1.0,Same education level,,,,,47.0,"white, non-hispanic","white, non-hispanic","White, Non-Hispanic",no (not latino or hispanic),white
3555205,59253,59253.0,59253.0,"$125,000 to $149,999",high school graduate - high school diploma or the equivalent (ged),9th grade,i earned more,17,High,HS,Less than HS,2,1.0,Respondent higher,no,we broke up,,,0.05,hispanic,hispanic,,"yes, other latino/hispanic",other (please specify)
3556205,64531,,,"$35,000 to $39,999",high school graduate - high school diploma or the equivalent (ged),,,10,Low,HS,,2,,,,,,,,"white, non-hispanic","white, non-hispanic","White, Non-Hispanic",,
3557522,184749,184749.0,184749.0,"$35,000 to $39,999",bachelors degree,hs graduate or ged,we earned about the same amount,10,Low,Bachelor's+,HS,4,2.0,Respondent higher,yes,,yes,,,"white, non-hispanic","white, non-hispanic",,no (not latino or hispanic),white
3558553,2124,2124.0,2124.0,"$40,000 to $49,999",bachelors degree,"some college, no degree",we earned about the same amount,11,Middle,Bachelor's+,Some college,4,3.0,Respondent higher,,,,,14.0,"white, non-hispanic",,,no (not latino or hispanic),white
3559361,51210,51210.0,51210.0,"$40,000 to $49,999",high school graduate - high school diploma or the equivalent (ged),associate degree,i earned more,11,Middle,HS,Some college,2,3.0,Partner higher,,,,,7.0,"white, non-hispanic","white, non-hispanic",,no (not latino or hispanic),white
3561443,114643,114643.0,114643.0,"$35,000 to $39,999",high school graduate - high school diploma or the equivalent (ged),hs graduate or ged,i earned more,10,Low,HS,HS,2,2.0,Same education level,yes,,yes,,2.5,"white, non-hispanic","white, non-hispanic","White, Non-Hispanic",no (not latino or hispanic),white
3562733,104537,,,"$15,000 to $19,999",associate degree,,,6,Low,Some college,,3,,,,,,,,"black, non-hispanic","black, non-hispanic","Black, Non-Hispanic",,
3563881,72363,72363.0,72363.0,"$75,000 to $84,999","some college, no degree",hs graduate or ged,we earned about the same amount,14,High,Some college,HS,3,2.0,Respondent higher,,,,,37.0,"white, non-hispanic","white, non-hispanic",,no (not latino or hispanic),white
3564591,73908,73908.0,73908.0,"$35,000 to $39,999",7th or 8th grade,9th grade,partner earned more,10,Low,Less than HS,Less than HS,1,1.0,Same education level,,,,,34.0,"white, non-hispanic","white, non-hispanic",Hispanic,no (not latino or hispanic),white
3565245,56991,56991.0,56991.0,"$40,000 to $49,999",associate degree,"some college, no degree",partner earned more,11,Middle,Some college,Some college,3,3.0,Same education level,yes,,yes,,6.0,"white, non-hispanic","white, non-hispanic","White, Non-Hispanic",no (not latino or hispanic),white
3566493,20694,20694.0,20694.0,"$20,000 to $24,999",12th grade no diploma,hs graduate or ged,i earned more,7,Low,Less than HS,HS,1,2.0,Partner higher,yes,,yes,,4.0,"2+ races, non-hispanic","2+ races, non-hispanic","White, Non-Hispanic","yes, cuban",asian or pacific islander
3568193,5118,5118.0,5118.0,"$50,000 to $59,999","some college, no degree","some college, no degree",i earned more,12,Middle,Some college,Some college,3,3.0,Same education level,,,,,0.45,"white, non-hispanic",,,no (not latino or hispanic),black or african american
3569311,42692,42692.0,42692.0,"$60,000 to $74,999",high school graduate - high school diploma or the equivalent (ged),hs graduate or ged,i earned more,13,Middle,HS,HS,2,2.0,Same education level,,,,,14.0,"white, non-hispanic","white, non-hispanic",,no (not latino or hispanic),white
3570435,80671,,,"$60,000 to $74,999",masters degree,,,13,Middle,Bachelor's+,,4,,,,,,,,"white, non-hispanic","white, non-hispanic",,,
3571246,82008,82008.0,82008.0,"less than $5,000","some college, no degree",bachelor's degree,we earned about the same amount,1,Low,Some college,Bachelor's+,3,4.0,Partner higher,,,,,7.0,hispanic,hispanic,Hispanic,"yes, cuban",white
3572802,51988,,,"$10,000 to $12,499",12th grade no diploma,,,4,Low,Less than HS,,1,,,,,,,,"white, non-hispanic","white, non-hispanic",,,
3573583,11400,,,"$60,000 to $74,999",bachelors degree,,,13,Middle,Bachelor's+,,4,,,,,,,,"2+ races, non-hispanic","black, non-hispanic","2+ Races, Non-Hispanic",,
3574215,74427,,,"$60,000 to $74,999",high school graduate - high school diploma or the equivalent (ged),,,13,Middle,HS,,2,,,,,,,,"white, non-hispanic","white, non-hispanic",,,
3575543,1194,,,"$60,000 to $74,999","some college, no degree",,,13,Middle,Some college,,3,,,,,,,,"white, non-hispanic",,,,
3576651,73347,73347.0,73347.0,"$20,000 to $24,999",high school graduate - high school diploma or the equivalent (ged),10th grade,i earned more,7,Low,HS,Less than HS,2,1.0,Respondent higher,,,,,49.0,"white, non-hispanic","white, non-hispanic","White, Non-Hispanic",no (not latino or hispanic),white
3577445,49280,49280.0,49280.0,"$10,000 to $12,499","some college, no degree","some college, no degree",i earned more,4,Low,Some college,Some college,3,3.0,Same education level,,,,,28.0,"black, non-hispanic",,,no (not latino or hispanic),black or african american
3579571,97384,97384.0,97384.0,"$40,000 to $49,999",high school graduate - high school diploma or the equivalent (ged),hs graduate or ged,i earned more,11,Middle,HS,HS,2,2.0,Same education level,,,,,16.0,"white, non-hispanic","white, non-hispanic",,no (not latino or hispanic),white
3581812,95449,,,"$85,000 to $99,999","some college, no degree",,,15,High,Some college,,3,,,,,,,,"white, non-hispanic","white, non-hispanic",,,
3582506,10487,10487.0,10487.0,"$85,000 to $99,999",high school graduate - high school diploma or the equivalent (ged),hs graduate or ged,partner earned more,15,High,HS,HS,2,2.0,Same education level,yes,,yes,,26.0,"white, non-hispanic","white, non-hispanic","White, Non-Hispanic",no (not latino or hispanic),white
3583571,12939,12939.0,12939.0,"$50,000 to $59,999","some college, no degree",hs graduate or ged,partner earned more,12,Middle,Some college,HS,3,2.0,Respondent higher,,,,,40.0,"2+ races, non-hispanic","white, non-hispanic",,no (not latino or hispanic),white
3584485,108377,108377.0,108377.0,"less than $5,000",11th grade,12th grade no diploma,i earned more,1,Low,Less than HS,Less than HS,1,1.0,Same education level,no,other (please describe),,,5.0,"white, non-hispanic",,"White, Non-Hispanic",no (not latino or hispanic),white
3586365,18860,18860.0,18860.0,"$40,000 to $49,999",bachelors degree,bachelor's degree,i earned more,11,Middle,Bachelor's+,Bachelor's+,4,4.0,Same education level,no,we broke up,,,0.75,"black, non-hispanic",,,no (not latino or hispanic),white
3588486,43873,43873.0,43873.0,"$60,000 to $74,999",high school graduate - high school diploma or the equivalent (ged),master's degree,partner earned more,13,Middle,HS,Bachelor's+,2,4.0,Partner higher,,,,,18.0,hispanic,hispanic,Hispanic,"yes, puerto rican",other (please specify)
3591375,56067,56067.0,56067.0,"$20,000 to $24,999",associate degree,"some college, no degree",partner earned more,7,Low,Some college,Some college,3,3.0,Same education level,,,,,2.5,"black, non-hispanic","black, non-hispanic",,no (not latino or hispanic),black or african american
3592266,16318,16318.0,16318.0,"$50,000 to $59,999","some college, no degree",hs graduate or ged,partner earned more,12,Middle,Some college,HS,3,2.0,Respondent higher,,,no,We broke up,9.0,"black, non-hispanic","black, non-hispanic",,no (not latino or hispanic),black or african american
3593355,2587,2587.0,2587.0,"$125,000 to $149,999","some college, no degree",bachelor's degree,partner earned more,17,High,Some college,Bachelor's+,3,4.0,Partner higher,,,,,15.0,"white, non-hispanic",,,no (not latino or hispanic),white
3594441,150685,150685.0,150685.0,"$40,000 to $49,999",high school graduate - high school diploma or the equivalent (ged),"some college, no degree",i earned more,11,Middle,HS,Some college,2,3.0,Partner higher,,,,,27.0,"white, non-hispanic","white, non-hispanic",,no (not latino or hispanic),white
3596326,7917,7917.0,7917.0,"$100,000 to $124,999",bachelors degree,"some college, no degree",i earned more,16,High,Bachelor's+,Some college,4,3.0,Respondent higher,,,,,2.5,"black, non-hispanic","black, non-hispanic","Black, Non-Hispanic",no (not latino or hispanic),black or african american
3597495,58599,,,"$15,000 to $19,999","some college, no degree",,,6,Low,Some college,,3,,,,,,,,"white, non-hispanic","white, non-hispanic",,,
3598491,14377,14377.0,14377.0,"$175,000 or more",high school graduate - high school diploma or the equivalent (ged),hs graduate or ged,partner earned more,19,High,HS,HS,2,2.0,Same education level,,,,,32.0,"white, non-hispanic","white, non-hispanic","White, Non-Hispanic",no (not latino or hispanic),white
3599411,27864,27864.0,27864.0,"$40,000 to $49,999",11th grade,hs graduate or ged,partner earned more,11,Middle,Less than HS,HS,1,2.0,Partner higher,,,,,24.0,"white, non-hispanic","white, non-hispanic","White, Non-Hispanic",no (not latino or hispanic),white
3600205,44957,44957.0,44957.0,"$175,000 or more","some college, no degree","some college, no degree",we earned about the same amount,19,High,Some college,Some college,3,3.0,Same education level,yes,,,,4.0,"white, non-hispanic",,"White, Non-Hispanic",no (not latino or hispanic),white
3601366,5217,5217.0,5217.0,"$60,000 to $74,999",bachelors degree,"some college, no degree",i earned more,13,Middle,Bachelor's+,Some college,4,3.0,Respondent higher,yes,,yes,,15.0,"white, non-hispanic","white, non-hispanic",,no (not latino or hispanic),white
3602451,116719,116719.0,116719.0,"$35,000 to $39,999",bachelors degree,bachelor's degree,i earned more,10,Low,Bachelor's+,Bachelor's+,4,4.0,Same education level,,,,,23.0,hispanic,hispanic,Hispanic,"yes, puerto rican",refused
3603451,34681,34681.0,34681.0,"$50,000 to $59,999","some college, no degree",5th or 6th grade,refused,12,Middle,Some college,Less than HS,3,1.0,Respondent higher,,,,,,"white, non-hispanic","white, non-hispanic",,no (not latino or hispanic),white
3604311,55190,55190.0,55190.0,"$60,000 to $74,999",high school graduate - high school diploma or the equivalent (ged),associate degree,partner earned more,13,Middle,HS,Some college,2,3.0,Partner higher,,,,,13.0,"white, non-hispanic","2+ races, non-hispanic","White, Non-Hispanic",no (not latino or hispanic),other (please specify)
3605511,85482,85482.0,85482.0,"$20,000 to $24,999",bachelors degree,10th grade,we earned about the same amount,7,Low,Bachelor's+,Less than HS,4,1.0,Respondent higher,,,,,23.0,"white, non-hispanic","white, non-hispanic","White, Non-Hispanic","yes, other latino/hispanic",white
3606295,59806,59806.0,59806.0,"$60,000 to $74,999",high school graduate - high school diploma or the equivalent (ged),bachelor's degree,i earned more,13,Middle,HS,Bachelor's+,2,4.0,Partner higher,,,,,6.0,"white, non-hispanic","white, non-hispanic",,no (not latino or hispanic),white
3607516,66999,66999.0,66999.0,"$20,000 to $24,999",high school graduate - high school diploma or the equivalent (ged),hs graduate or ged,partner earned more,7,Low,HS,HS,2,2.0,Same education level,yes,,yes,,11.0,"white, non-hispanic","white, non-hispanic","White, Non-Hispanic",no (not latino or hispanic),white
3608225,130892,,,"$25,000 to $29,999",high school graduate - high school diploma or the equivalent (ged),,,8,Low,HS,,2,,,,,,,,"white, non-hispanic","white, non-hispanic","White, Non-Hispanic",,
3609351,63560,63560.0,63560.0,"$50,000 to $59,999",bachelors degree,bachelor's degree,i earned more,12,Middle,Bachelor's+,Bachelor's+,4,4.0,Same education level,,,,,12.0,"white, non-hispanic","white, non-hispanic","White, Non-Hispanic",no (not latino or hispanic),white
3610311,25548,25548.0,25548.0,"$100,000 to $124,999","some college, no degree",master's degree,partner earned more,16,High,Some college,Bachelor's+,3,4.0,Partner higher,,,,,12.0,"white, non-hispanic","white, non-hispanic","White, Non-Hispanic",no (not latino or hispanic),white
3611361,77906,77906.0,77906.0,"$35,000 to $39,999",associate degree,bachelor's degree,partner earned more,10,Low,Some college,Bachelor's+,3,4.0,Partner higher,,,,,4.0,hispanic,"other, non-hispanic","Black, Non-Hispanic",no (not latino or hispanic),white
3613386,18285,18285.0,18285.0,"$50,000 to $59,999",high school graduate - high school diploma or the equivalent (ged),hs graduate or ged,i earned more,12,Middle,HS,HS,2,2.0,Same education level,,,,,8.0,"2+ races, non-hispanic","white, non-hispanic","2+ Races, Non-Hispanic","yes, mexican, mexican american, chicano",other (please specify)
3615423,57892,57892.0,57892.0,"$40,000 to $49,999",high school graduate - high school diploma or the equivalent (ged),bachelor's degree,partner earned more,11,Middle,HS,Bachelor's+,2,4.0,Partner higher,yes,,yes,,0.45,"white, non-hispanic","white, non-hispanic","White, Non-Hispanic",no (not latino or hispanic),white
3616701,156566,156566.0,156566.0,"$25,000 to $29,999",high school graduate - high school diploma or the equivalent (ged),10th grade,i earned more,8,Low,HS,Less than HS,2,1.0,Respondent higher,,,,,54.0,"white, non-hispanic","white, non-hispanic","White, Non-Hispanic",no (not latino or hispanic),white
3617411,109008,109008.0,109008.0,"$100,000 to $124,999",associate degree,hs graduate or ged,i earned more,16,High,Some college,HS,3,2.0,Respondent higher,,,,,19.0,hispanic,hispanic,,"yes, mexican, mexican american, chicano",white
3618561,31925,31925.0,31925.0,"$15,000 to $19,999",high school graduate - high school diploma or the equivalent (ged),"some college, no degree",i earned more,6,Low,HS,Some college,2,3.0,Partner higher,,,,,37.0,"white, non-hispanic","white, non-hispanic","White, Non-Hispanic",no (not latino or hispanic),white
3619411,64114,64114.0,64114.0,"$50,000 to $59,999",bachelors degree,12th grade no diploma,partner earned more,12,Middle,Bachelor's+,Less than HS,4,1.0,Respondent higher,,,,,12.0,"white, non-hispanic","white, non-hispanic","White, Non-Hispanic",no (not latino or hispanic),white
3622666,26315,26315.0,26315.0,"$40,000 to $49,999",12th grade no diploma,"some college, no degree",partner earned more,11,Middle,Less than HS,Some college,1,3.0,Partner higher,yes,,yes,,9.0,"white, non-hispanic","white, non-hispanic","White, Non-Hispanic",no (not latino or hispanic),white
3623351,11400,11400.0,11400.0,"$25,000 to $29,999",associate degree,hs graduate or ged,partner earned more,8,Low,Some college,HS,3,2.0,Respondent higher,,,,,11.0,"white, non-hispanic","white, non-hispanic",,no (not latino or hispanic),white
3624645,54589,,,"$20,000 to $24,999",bachelors degree,,,7,Low,Bachelor's+,,4,,,,,,,,"white, non-hispanic","white, non-hispanic",,,
3625311,115176,115176.0,115176.0,"$100,000 to $124,999","some college, no degree",bachelor's degree,partner earned more,16,High,Some college,Bachelor's+,3,4.0,Partner higher,,,,,16.0,hispanic,hispanic,Hispanic,no (not latino or hispanic),white
3626301,48822,48822.0,48822.0,"$60,000 to $74,999",high school graduate - high school diploma or the equivalent (ged),"some college, no degree",i earned more,13,Middle,HS,Some college,2,3.0,Partner higher,,,,,14.0,"white, non-hispanic","white, non-hispanic","White, Non-Hispanic",no (not latino or hispanic),asian or pacific islander
3628296,124635,124635.0,124635.0,"$50,000 to $59,999",high school graduate - high school diploma or the equivalent (ged),hs graduate or ged,we earned about the same amount,12,Middle,HS,HS,2,2.0,Same education level,,,,,9.0,"white, non-hispanic","white, non-hispanic","White, Non-Hispanic",no (not latino or hispanic),white
3629702,112898,,,"$15,000 to $19,999",high school graduate - high school diploma or the equivalent (ged),,,6,Low,HS,,2,,,,,,,,"white, non-hispanic","white, non-hispanic",,,
3630791,56643,56643.0,56643.0,"$30,000 to $34,999",high school graduate - high school diploma or the equivalent (ged),12th grade no diploma,partner earned more,9,Low,HS,Less than HS,2,1.0,Respondent higher,,,,,58.0,"white, non-hispanic","white, non-hispanic",,no (not latino or hispanic),white
3631413,56249,,,"$40,000 to $49,999","some college, no degree",,,11,Middle,Some college,,3,,,,,,,,"black, non-hispanic",,,,
3632653,32860,32860.0,32860.0,"$20,000 to $24,999",high school graduate - high school diploma or the equivalent (ged),"some college, no degree",partner earned more,7,Low,HS,Some college,2,3.0,Partner higher,no,we broke up,,,48.0,"white, non-hispanic","white, non-hispanic",,no (not latino or hispanic),white
3633235,77651,,,"$30,000 to $34,999",high school graduate - high school diploma or the equivalent (ged),,,9,Low,HS,,2,,,,,,,,"white, non-hispanic","white, non-hispanic",,,
3634581,40066,40066.0,40066.0,"$150,000 to $174,999",high school graduate - high school diploma or the equivalent (ged),master's degree,i earned more,18,High,HS,Bachelor's+,2,4.0,Partner higher,,,,,19.0,"white, non-hispanic","white, non-hispanic","White, Non-Hispanic",no (not latino or hispanic),white
3635255,8909,8909.0,8909.0,"less than $5,000",masters degree,bachelor's degree,partner earned more,1,Low,Bachelor's+,Bachelor's+,4,4.0,Same education level,yes,,no,We broke up,1.5,"other, non-hispanic","other, non-hispanic","Other, Non-Hispanic",no (not latino or hispanic),white
3636603,36439,,,"$10,000 to $12,499","some college, no degree",,,4,Low,Some college,,3,,,,,,,,"white, non-hispanic","white, non-hispanic","White, Non-Hispanic",,
3637543,59258,,,"$30,000 to $34,999",high school graduate - high school diploma or the equivalent (ged),,,9,Low,HS,,2,,,,,,,,"white, non-hispanic","white, non-hispanic",,,
3638371,39070,39070.0,39070.0,"$175,000 or more",high school graduate - high school diploma or the equivalent (ged),hs graduate or ged,i earned more,19,High,HS,HS,2,2.0,Same education level,yes,,no,We broke up,0.75,hispanic,hispanic,Hispanic,"yes, puerto rican",other (please specify)
3639315,38886,38886.0,38886.0,"$85,000 to $99,999",associate degree,"some college, no degree",we earned about the same amount,15,High,Some college,Some college,3,3.0,Same education level,,,yes,,4.0,hispanic,hispanic,,"yes, mexican, mexican american, chicano",other (please specify)
3643584,120335,120335.0,120335.0,"$7,500 to $9,999",high school graduate - high school diploma or the equivalent (ged),hs graduate or ged,partner earned more,3,Low,HS,HS,2,2.0,Same education level,,,,,35.0,"black, non-hispanic",,,no (not latino or hispanic),black or african american
3644396,48234,48234.0,48234.0,"$50,000 to $59,999",high school graduate - high school diploma or the equivalent (ged),hs graduate or ged,i earned more,12,Middle,HS,HS,2,2.0,Same education level,yes,,yes,,6.0,"2+ races, non-hispanic","2+ races, non-hispanic","2+ Races, Non-Hispanic",no (not latino or hispanic),white
3645255,46394,46394.0,46394.0,"$60,000 to $74,999",bachelors degree,"some college, no degree",we earned about the same amount,13,Middle,Bachelor's+,Some college,4,3.0,Respondent higher,yes,,yes,,0.75,"white, non-hispanic","white, non-hispanic","White, Non-Hispanic",no (not latino or hispanic),other (please specify)
3646495,46192,46192.0,46192.0,"less than $5,000","some college, no degree",12th grade no diploma,i earned more,1,Low,Some college,Less than HS,3,1.0,Respondent higher,,,,,7.0,"white, non-hispanic","white, non-hispanic",,no (not latino or hispanic),white
3647521,2861,2861.0,2861.0,"$60,000 to $74,999",high school graduate - high school diploma or the equivalent (ged),hs graduate or ged,we earned about the same amount,13,Middle,HS,HS,2,2.0,Same education level,,,,,24.0,"2+ races, non-hispanic","white, non-hispanic",,no (not latino or hispanic),white
3648792,60122,,,"$40,000 to $49,999",7th or 8th grade,,,11,Middle,Less than HS,,1,,,,,,,,"white, non-hispanic","white, non-hispanic","White, Non-Hispanic",,
3649511,2699,2699.0,2699.0,"$100,000 to $124,999","some college, no degree",professional or doctorate degree,partner earned more,16,High,Some college,Bachelor's+,3,4.0,Partner higher,,,,,24.0,"white, non-hispanic","white, non-hispanic",,no (not latino or hispanic),white
3650431,180985,180985.0,180985.0,"$85,000 to $99,999",high school graduate - high school diploma or the equivalent (ged),hs graduate or ged,i earned more,15,High,HS,HS,2,2.0,Same education level,,,,,15.0,"white, non-hispanic","white, non-hispanic","White, Non-Hispanic",no (not latino or hispanic),white
3651501,60427,60427.0,60427.0,"$15,000 to $19,999",high school graduate - high school diploma or the equivalent (ged),"some college, no degree",partner earned more,6,Low,HS,Some college,2,3.0,Partner higher,,,,,33.0,"white, non-hispanic","white, non-hispanic","White, Non-Hispanic",no (not latino or hispanic),white
3653195,68915,,,"$175,000 or more",high school graduate - high school diploma or the equivalent (ged),,,19,High,HS,,2,,,,,,,,"white, non-hispanic","other, non-hispanic",,,
3657561,2783,2783.0,2783.0,"$40,000 to $49,999",bachelors degree,hs graduate or ged,i earned more,11,Middle,Bachelor's+,HS,4,2.0,Respondent higher,,,,,19.0,"white, non-hispanic","white, non-hispanic","White, Non-Hispanic",no (not latino or hispanic),white
3658711,63834,63834.0,63834.0,"$50,000 to $59,999","some college, no degree",bachelor's degree,partner earned more,12,Middle,Some college,Bachelor's+,3,4.0,Partner higher,,,,,51.0,"white, non-hispanic","white, non-hispanic",,no (not latino or hispanic),white
3659523,80487,80487.0,80487.0,"$40,000 to $49,999",7th or 8th grade,hs graduate or ged,partner earned more,11,Middle,Less than HS,HS,1,2.0,Partner higher,yes,,yes,,26.0,"white, non-hispanic","white, non-hispanic","White, Non-Hispanic",no (not latino or hispanic),white
3660426,3858,3858.0,3858.0,"$125,000 to $149,999",bachelors degree,"some college, no degree",i earned more,17,High,Bachelor's+,Some college,4,3.0,Respondent higher,yes,,yes,,8.0,"white, non-hispanic","white, non-hispanic","White, Non-Hispanic",no (not latino or hispanic),white
3661281,42362,42362.0,42362.0,"$75,000 to $84,999","some college, no degree",hs graduate or ged,partner earned more,14,High,Some college,HS,3,2.0,Respondent higher,,,,,7.0,"white, non-hispanic","white, non-hispanic","White, Non-Hispanic",no (not latino or hispanic),white
3662912,35374,35374.0,35374.0,"$60,000 to $74,999",10th grade,master's degree,i earned more,13,Middle,Less than HS,Bachelor's+,1,4.0,Partner higher,,,,,8.0,"white, non-hispanic","white, non-hispanic",,no (not latino or hispanic),white
3663613,64368,64368.0,64368.0,"$40,000 to $49,999","some college, no degree",associate degree,i earned more,11,Middle,Some college,Some college,3,3.0,Same education level,yes,,yes,,10.0,"white, non-hispanic","white, non-hispanic","White, Non-Hispanic",no (not latino or hispanic),white
3664623,522,,,"$25,000 to $29,999",bachelors degree,,,8,Low,Bachelor's+,,4,,,,,,,,"2+ races, non-hispanic","2+ races, non-hispanic","2+ Races, Non-Hispanic",,
3665205,52063,52063.0,52063.0,"$75,000 to $84,999","some college, no degree",master's degree,partner earned more,14,High,Some college,Bachelor's+,3,4.0,Partner higher,yes,,no,We broke up,1.5,"white, non-hispanic","white, non-hispanic","White, Non-Hispanic",no (not latino or hispanic),white
3666235,71840,71840.0,71840.0,"$50,000 to $59,999",high school graduate - high school diploma or the equivalent (ged),hs graduate or ged,partner earned more,12,Middle,HS,HS,2,2.0,Same education level,no,we broke up,,,0.15,"white, non-hispanic","white, non-hispanic","White, Non-Hispanic",no (not latino or hispanic),white
3667552,54477,54477.0,54477.0,"$15,000 to $19,999",11th grade,11th grade,refused,6,Low,Less than HS,Less than HS,1,1.0,Same education level,,,,,33.0,"black, non-hispanic","black, non-hispanic",,no (not latino or hispanic),black or african american
3668296,62860,62860.0,62860.0,"$35,000 to $39,999",7th or 8th grade,9th grade,partner earned more,10,Low,Less than HS,Less than HS,1,1.0,Same education level,,,,,4.0,hispanic,,,"yes, mexican, mexican american, chicano",white
3669296,13435,,,"$40,000 to $49,999","some college, no degree",,,11,Middle,Some college,,3,,,,,,,,"white, non-hispanic","white, non-hispanic",,,
3670235,45726,,,"$175,000 or more",bachelors degree,,,19,High,Bachelor's+,,4,,,,,,,,"white, non-hispanic","white, non-hispanic","White, Non-Hispanic",,
3671501,41298,41298.0,41298.0,"$100,000 to $124,999",bachelors degree,master's degree,i earned more,16,High,Bachelor's+,Bachelor's+,4,4.0,Same education level,,,,,32.0,"white, non-hispanic","white, non-hispanic",,no (not latino or hispanic),white
3673441,151941,151941.0,151941.0,"$85,000 to $99,999",high school graduate - high school diploma or the equivalent (ged),bachelor's degree,i earned more,15,High,HS,Bachelor's+,2,4.0,Partner higher,,,,,10.0,"white, non-hispanic","white, non-hispanic","White, Non-Hispanic",no (not latino or hispanic),white
3674446,79049,79049.0,79049.0,"$175,000 or more",bachelors degree,hs graduate or ged,i earned more,19,High,Bachelor's+,HS,4,2.0,Respondent higher,,,,,9.0,hispanic,,,no (not latino or hispanic),other (please specify)
3676534,1844,1844.0,1844.0,"$75,000 to $84,999",bachelors degree,associate degree,i earned more,14,High,Bachelor's+,Some college,4,3.0,Respondent higher,no,we broke up,,,1.5,"white, non-hispanic","white, non-hispanic","White, Non-Hispanic","yes, other latino/hispanic",refused
3677603,6982,,,"$40,000 to $49,999",high school graduate - high school diploma or the equivalent (ged),,,11,Middle,HS,,2,,,,,,,,"white, non-hispanic","white, non-hispanic","White, Non-Hispanic",,
3678386,3416,3416.0,3416.0,"$150,000 to $174,999",masters degree,bachelor's degree,partner earned more,18,High,Bachelor's+,Bachelor's+,4,4.0,Same education level,yes,,yes,,20.0,"white, non-hispanic","white, non-hispanic",,no (not latino or hispanic),white
3679261,70098,70098.0,70098.0,"$50,000 to $59,999","some college, no degree","some college, no degree",partner earned more,12,Middle,Some college,Some college,3,3.0,Same education level,,,,,6.0,"white, non-hispanic","white, non-hispanic",,no (not latino or hispanic),white
3680565,2831,,,"$85,000 to $99,999",professional or doctorate degree,,,15,High,Bachelor's+,,4,,,,,,,,"white, non-hispanic","white, non-hispanic","White, Non-Hispanic",,
3681446,4155,4155.0,4155.0,"$175,000 or more",bachelors degree,bachelor's degree,partner earned more,19,High,Bachelor's+,Bachelor's+,4,4.0,Same education level,,,,,8.0,"white, non-hispanic","white, non-hispanic","White, Non-Hispanic",no (not latino or hispanic),white
3682731,54104,54104.0,54104.0,"$25,000 to $29,999","some college, no degree",5th or 6th grade,we earned about the same amount,8,Low,Some college,Less than HS,3,1.0,Respondent higher,,,,,,hispanic,"black, non-hispanic",,no (not latino or hispanic),black or african american
3683281,83775,83775.0,83775.0,"$30,000 to $34,999","some college, no degree",hs graduate or ged,i earned more,9,Low,Some college,HS,3,2.0,Respondent higher,,,,,4.0,"black, non-hispanic","black, non-hispanic",,"yes, puerto rican",black or african american
3684471,54073,54073.0,54073.0,"$75,000 to $84,999",high school graduate - high school diploma or the equivalent (ged),master's degree,partner earned more,14,High,HS,Bachelor's+,2,4.0,Partner higher,,,,,22.0,"white, non-hispanic","white, non-hispanic","White, Non-Hispanic",no (not latino or hispanic),white
3686291,67797,67797.0,67797.0,"$60,000 to $74,999",bachelors degree,bachelor's degree,i earned more,13,Middle,Bachelor's+,Bachelor's+,4,4.0,Same education level,,,,,13.0,"white, non-hispanic","white, non-hispanic",,no (not latino or hispanic),white
3687543,36154,,,"$25,000 to $29,999","some college, no degree",,,8,Low,Some college,,3,,,,,,,,"white, non-hispanic","white, non-hispanic","White, Non-Hispanic",,
3688703,2604,2604.0,2604.0,"$85,000 to $99,999","some college, no degree",hs graduate or ged,i earned more,15,High,Some college,HS,3,2.0,Respondent higher,yes,,,,5.0,"white, non-hispanic",,,no (not latino or hispanic),white
3689341,223016,223016.0,223016.0,"$35,000 to $39,999",high school graduate - high school diploma or the equivalent (ged),hs graduate or ged,partner earned more,10,Low,HS,HS,2,2.0,Same education level,,,,,12.0,"white, non-hispanic","white, non-hispanic",,no (not latino or hispanic),white
3690466,2364,2364.0,2364.0,"$30,000 to $34,999",associate degree,bachelor's degree,partner earned more,9,Low,Some college,Bachelor's+,3,4.0,Partner higher,yes,,yes,,13.0,"white, non-hispanic","white, non-hispanic","White, Non-Hispanic",no (not latino or hispanic),white
3693711,166932,166932.0,166932.0,"$125,000 to $149,999","some college, no degree",hs graduate or ged,i earned more,17,High,Some college,HS,3,2.0,Respondent higher,,,,,43.0,"white, non-hispanic","white, non-hispanic",,no (not latino or hispanic),white
3694295,51606,,,"$50,000 to $59,999",bachelors degree,,,12,Middle,Bachelor's+,,4,,,,,,,,"white, non-hispanic",,,,
3695346,2500,2500.0,2500.0,"$125,000 to $149,999",masters degree,professional or doctorate degree,partner earned more,17,High,Bachelor's+,Bachelor's+,4,4.0,Same education level,yes,,yes,,4.0,"white, non-hispanic","white, non-hispanic","White, Non-Hispanic",no (not latino or hispanic),white
3696553,30281,,,"$100,000 to $124,999",bachelors degree,,,16,High,Bachelor's+,,4,,,,,,,,"white, non-hispanic","white, non-hispanic","White, Non-Hispanic",,
3697613,779,,,"$50,000 to $59,999",bachelors degree,,,12,Middle,Bachelor's+,,4,,,,,,,,"white, non-hispanic","white, non-hispanic",,,
3698265,54801,,,"$150,000 to $174,999",bachelors degree,,,18,High,Bachelor's+,,4,,,,,,,,"white, non-hispanic",,,,
3699355,84081,,,"$30,000 to $34,999",masters degree,,,9,Low,Bachelor's+,,4,,,,,,,,"white, non-hispanic","white, non-hispanic","White, Non-Hispanic",,
3700581,31904,31904.0,31904.0,"$125,000 to $149,999",masters degree,bachelor's degree,i earned more,17,High,Bachelor's+,Bachelor's+,4,4.0,Same education level,,,,,20.0,"white, non-hispanic",,"White, Non-Hispanic",no (not latino or hispanic),white
3701251,207958,207958.0,207958.0,"$75,000 to $84,999",high school graduate - high school diploma or the equivalent (ged),hs graduate or ged,partner earned more,14,High,HS,HS,2,2.0,Same education level,,,,,9.0,"white, non-hispanic","white, non-hispanic","White, Non-Hispanic",no (not latino or hispanic),white
3702371,17918,17918.0,17918.0,"$60,000 to $74,999",high school graduate - high school diploma or the equivalent (ged),hs graduate or ged,i earned more,13,Middle,HS,HS,2,2.0,Same education level,,,,,11.0,"white, non-hispanic",,"White, Non-Hispanic",no (not latino or hispanic),white
3703801,42685,42685.0,42685.0,"$40,000 to $49,999",masters degree,bachelor's degree,we earned about the same amount,11,Middle,Bachelor's+,Bachelor's+,4,4.0,Same education level,,,,,54.0,"other, non-hispanic","other, non-hispanic",,no (not latino or hispanic),asian or pacific islander
3704525,89032,,,"$100,000 to $124,999",bachelors degree,,,16,High,Bachelor's+,,4,,,,,,,,hispanic,hispanic,,,
3705411,63018,63018.0,63018.0,"$150,000 to $174,999","some college, no degree",bachelor's degree,i earned more,18,High,Some college,Bachelor's+,3,4.0,Partner higher,,,,,18.0,"white, non-hispanic","white, non-hispanic","White, Non-Hispanic",no (not latino or hispanic),white
3706401,33609,33609.0,33609.0,"$60,000 to $74,999",masters degree,bachelor's degree,i earned more,13,Middle,Bachelor's+,Bachelor's+,4,4.0,Same education level,,,,,4.0,"white, non-hispanic","white, non-hispanic","White, Non-Hispanic",no (not latino or hispanic),white
3707656,1298,1298.0,1298.0,"$125,000 to $149,999",professional or doctorate degree,"some college, no degree",i earned more,17,High,Bachelor's+,Some college,4,3.0,Respondent higher,yes,,yes,,25.0,"white, non-hispanic","white, non-hispanic","White, Non-Hispanic",no (not latino or hispanic),white
3708673,26024,,,"$15,000 to $19,999",associate degree,,,6,Low,Some college,,3,,,,,,,,"black, non-hispanic","black, non-hispanic","Black, Non-Hispanic",,
3709842,38143,,,"$35,000 to $39,999",high school graduate - high school diploma or the equivalent (ged),,,10,Low,HS,,2,,,,,,,,"white, non-hispanic","white, non-hispanic",,,
3710375,1755,1755.0,1755.0,"$15,000 to $19,999",associate degree,bachelor's degree,partner earned more,6,Low,Some college,Bachelor's+,3,4.0,Partner higher,no,we broke up,,,4.0,"black, non-hispanic","black, non-hispanic","Black, Non-Hispanic",no (not latino or hispanic),black or african american
3711551,80447,80447.0,80447.0,"$35,000 to $39,999",high school graduate - high school diploma or the equivalent (ged),bachelor's degree,partner earned more,10,Low,HS,Bachelor's+,2,4.0,Partner higher,,,,,21.0,"black, non-hispanic","black, non-hispanic","Black, Non-Hispanic",no (not latino or hispanic),black or african american
3713335,7022,7022.0,7022.0,"$125,000 to $149,999",professional or doctorate degree,bachelor's degree,partner earned more,17,High,Bachelor's+,Bachelor's+,4,4.0,Same education level,,,,,0.45,"other, non-hispanic","other, non-hispanic",,no (not latino or hispanic),white
3715435,2303,2303.0,2303.0,"$85,000 to $99,999","some college, no degree",11th grade,i earned more,15,High,Some college,Less than HS,3,1.0,Respondent higher,no,we broke up,,,1.5,"white, non-hispanic","white, non-hispanic",,no (not latino or hispanic),white
3716301,22559,22559.0,22559.0,"$12,500 to $14,999","some college, no degree","some college, no degree",we earned about the same amount,5,Low,Some college,Some college,3,3.0,Same education level,,,,,17.0,hispanic,hispanic,,no (not latino or hispanic),black or african american
3717601,46131,46131.0,46131.0,"$50,000 to $59,999",masters degree,professional or doctorate degree,partner earned more,12,Middle,Bachelor's+,Bachelor's+,4,4.0,Same education level,,,,,31.0,"white, non-hispanic",,,no (not latino or hispanic),white
3718681,59624,59624.0,59624.0,"$30,000 to $34,999",high school graduate - high school diploma or the equivalent (ged),hs graduate or ged,i earned more,9,Low,HS,HS,2,2.0,Same education level,,,,,14.0,"white, non-hispanic","white, non-hispanic","White, Non-Hispanic",no (not latino or hispanic),white
3719281,65944,65944.0,65944.0,"$50,000 to $59,999",bachelors degree,associate degree,i earned more,12,Middle,Bachelor's+,Some college,4,3.0,Respondent higher,,,,,8.0,"white, non-hispanic","white, non-hispanic","White, Non-Hispanic",no (not latino or hispanic),white
3720492,3403,3403.0,3403.0,"$30,000 to $34,999",bachelors degree,master's degree,i earned more,9,Low,Bachelor's+,Bachelor's+,4,4.0,Same education level,yes,,yes,,0.75,"white, non-hispanic","white, non-hispanic","White, Non-Hispanic",no (not latino or hispanic),white
3723591,3474,3474.0,3474.0,"$60,000 to $74,999","some college, no degree","some college, no degree",i earned more,13,Middle,Some college,Some college,3,3.0,Same education level,,,,,36.0,"white, non-hispanic","white, non-hispanic",,no (not latino or hispanic),white
3724331,91601,91601.0,91601.0,"$85,000 to $99,999",masters degree,bachelor's degree,partner earned more,15,High,Bachelor's+,Bachelor's+,4,4.0,Same education level,,,,,5.0,hispanic,hispanic,,"yes, mexican, mexican american, chicano",white
3725655,929,929.0,929.0,"$50,000 to $59,999",bachelors degree,master's degree,i earned more,12,Middle,Bachelor's+,Bachelor's+,4,4.0,Same education level,no,we broke up,,,6.0,"white, non-hispanic","white, non-hispanic",,no (not latino or hispanic),white
3726592,54043,,,"$7,500 to $9,999",high school graduate - high school diploma or the equivalent (ged),,,3,Low,HS,,2,,,,,,,,"white, non-hispanic","white, non-hispanic","White, Non-Hispanic",,
3727751,66372,66372.0,66372.0,"$25,000 to $29,999",11th grade,11th grade,i earned more,8,Low,Less than HS,Less than HS,1,1.0,Same education level,,,,,42.0,"white, non-hispanic",,"White, Non-Hispanic","yes, mexican, mexican american, chicano",white
3728652,68214,68214.0,68214.0,"$12,500 to $14,999","some college, no degree",12th grade no diploma,i earned more,5,Low,Some college,Less than HS,3,1.0,Respondent higher,,,,,40.0,"white, non-hispanic","white, non-hispanic","White, Non-Hispanic",no (not latino or hispanic),white
3729543,27725,,,"$25,000 to $29,999",high school graduate - high school diploma or the equivalent (ged),,,8,Low,HS,,2,,,,,,,,"white, non-hispanic",,,,
3731315,112978,112978.0,112978.0,"$40,000 to $49,999","some college, no degree",master's degree,i earned more,11,Middle,Some college,Bachelor's+,3,4.0,Partner higher,,,,,0.45,"white, non-hispanic","white, non-hispanic",,no (not latino or hispanic),white
3732301,62560,62560.0,62560.0,"$60,000 to $74,999",high school graduate - high school diploma or the equivalent (ged),bachelor's degree,i earned more,13,Middle,HS,Bachelor's+,2,4.0,Partner higher,,,,,8.0,"white, non-hispanic","white, non-hispanic","White, Non-Hispanic",no (not latino or hispanic),white
3733373,76212,76212.0,76212.0,"$150,000 to $174,999",professional or doctorate degree,master's degree,i earned more,18,High,Bachelor's+,Bachelor's+,4,4.0,Same education level,no,we broke up,,,0.05,"white, non-hispanic","white, non-hispanic",,no (not latino or hispanic),white
3734661,36057,36057.0,36057.0,"$30,000 to $34,999",high school graduate - high school diploma or the equivalent (ged),hs graduate or ged,partner earned more,9,Low,HS,HS,2,2.0,Same education level,,,,,47.0,"white, non-hispanic","white, non-hispanic",,no (not latino or hispanic),white
3735326,39279,39279.0,39279.0,"$50,000 to $59,999",masters degree,11th grade,i earned more,12,Middle,Bachelor's+,Less than HS,4,1.0,Respondent higher,yes,,yes,,18.0,hispanic,hispanic,Hispanic,"yes, puerto rican",refused
3736501,52621,52621.0,52621.0,"$175,000 or more",bachelors degree,bachelor's degree,partner earned more,19,High,Bachelor's+,Bachelor's+,4,4.0,Same education level,,,,,27.0,"white, non-hispanic","white, non-hispanic","White, Non-Hispanic",no (not latino or hispanic),white
3737521,2760,2760.0,2760.0,"$60,000 to $74,999",professional or doctorate degree,bachelor's degree,i earned more,13,Middle,Bachelor's+,Bachelor's+,4,4.0,Same education level,,,,,23.0,"white, non-hispanic","white, non-hispanic","White, Non-Hispanic",no (not latino or hispanic),white
3738385,29272,,,"$50,000 to $59,999",masters degree,,,12,Middle,Bachelor's+,,4,,,,,,,,"white, non-hispanic","white, non-hispanic","White, Non-Hispanic",,
3741436,3493,3493.0,3493.0,"$60,000 to $74,999",bachelors degree,bachelor's degree,i earned more,13,Middle,Bachelor's+,Bachelor's+,4,4.0,Same education level,yes,,yes,,,"white, non-hispanic","white, non-hispanic","White, Non-Hispanic",no (not latino or hispanic),white
3742576,2860,2860.0,2860.0,"$175,000 or more",masters degree,master's degree,we earned about the same amount,19,High,Bachelor's+,Bachelor's+,4,4.0,Same education level,yes,,,,8.0,"white, non-hispanic","white, non-hispanic","White, Non-Hispanic",no (not latino or hispanic),white
3743291,40117,40117.0,40117.0,"$50,000 to $59,999",bachelors degree,bachelor's degree,we earned about the same amount,12,Middle,Bachelor's+,Bachelor's+,4,4.0,Same education level,,,,,4.0,"white, non-hispanic","white, non-hispanic","White, Non-Hispanic",no (not latino or hispanic),white
3744371,85763,85763.0,85763.0,"$100,000 to $124,999",masters degree,bachelor's degree,i earned more,16,High,Bachelor's+,Bachelor's+,4,4.0,Same education level,,,,,13.0,"other, non-hispanic","other, non-hispanic","Other, Non-Hispanic",no (not latino or hispanic),asian or pacific islander
3745286,223355,223355.0,223355.0,"$30,000 to $34,999",bachelors degree,"some college, no degree",i earned more,9,Low,Bachelor's+,Some college,4,3.0,Respondent higher,yes,,yes,,10.0,"white, non-hispanic",,"White, Non-Hispanic",no (not latino or hispanic),white
3746371,2290,2290.0,2290.0,"$60,000 to $74,999",associate degree,associate degree,partner earned more,13,Middle,Some college,Some college,3,3.0,Same education level,,,,,22.0,"white, non-hispanic","white, non-hispanic",,no (not latino or hispanic),white
3747351,63277,63277.0,63277.0,"$50,000 to $59,999",bachelors degree,master's degree,i earned more,12,Middle,Bachelor's+,Bachelor's+,4,4.0,Same education level,,,,,15.0,"white, non-hispanic","white, non-hispanic","White, Non-Hispanic",no (not latino or hispanic),white
3748573,132370,,,"$7,500 to $9,999",bachelors degree,,,3,Low,Bachelor's+,,4,,,,,,,,"white, non-hispanic","white, non-hispanic","White, Non-Hispanic",,
3749361,89997,89997.0,89997.0,"$75,000 to $84,999",bachelors degree,"some college, no degree",i earned more,14,High,Bachelor's+,Some college,4,3.0,Respondent higher,,,,,11.0,hispanic,hispanic,Hispanic,no (not latino or hispanic),white
3750205,43603,,,"$60,000 to $74,999","some college, no degree",,,13,Middle,Some college,,3,,,,,,,,hispanic,hispanic,Hispanic,,
3752802,1731,1731.0,1731.0,"$100,000 to $124,999",masters degree,master's degree,i earned more,16,High,Bachelor's+,Bachelor's+,4,4.0,Same education level,yes,,no,Refused,4.0,"white, non-hispanic","white, non-hispanic","White, Non-Hispanic",no (not latino or hispanic),white
3754601,67368,67368.0,67368.0,"$40,000 to $49,999",bachelors degree,master's degree,partner earned more,11,Middle,Bachelor's+,Bachelor's+,4,4.0,Same education level,,,,,42.0,"white, non-hispanic",,,no (not latino or hispanic),white
3755675,2069,,,"$60,000 to $74,999",bachelors degree,,,13,Middle,Bachelor's+,,4,,,,,,,,"white, non-hispanic",,,,
3756501,63525,63525.0,63525.0,"$85,000 to $99,999",high school graduate - high school diploma or the equivalent (ged),master's degree,partner earned more,15,High,HS,Bachelor's+,2,4.0,Partner higher,,,,,,"other, non-hispanic",,,refused,other (please specify)
3757616,1802,1802.0,1802.0,"$125,000 to $149,999",bachelors degree,master's degree,i earned more,17,High,Bachelor's+,Bachelor's+,4,4.0,Same education level,yes,,yes,,17.0,"white, non-hispanic","white, non-hispanic","White, Non-Hispanic",no (not latino or hispanic),white
3758553,36075,,,"$40,000 to $49,999",bachelors degree,,,11,Middle,Bachelor's+,,4,,,,,,,,"white, non-hispanic","white, non-hispanic","White, Non-Hispanic",,
3760235,109981,109981.0,109981.0,"$25,000 to $29,999","some college, no degree",bachelor's degree,we earned about the same amount,8,Low,Some college,Bachelor's+,3,4.0,Partner higher,yes,,yes,,0.15,"white, non-hispanic","white, non-hispanic","White, Non-Hispanic",no (not latino or hispanic),white
3761321,35192,35192.0,35192.0,"$60,000 to $74,999",bachelors degree,professional or doctorate degree,partner earned more,13,Middle,Bachelor's+,Bachelor's+,4,4.0,Same education level,,,,,17.0,"white, non-hispanic","white, non-hispanic","White, Non-Hispanic",no (not latino or hispanic),white
3763501,2099,2099.0,2099.0,"$15,000 to $19,999",associate degree,associate degree,i earned more,6,Low,Some college,Some college,3,3.0,Same education level,no,we broke up,,,0.75,"white, non-hispanic","white, non-hispanic","White, Non-Hispanic",no (not latino or hispanic),white
3764505,115427,,,"$35,000 to $39,999",bachelors degree,,,10,Low,Bachelor's+,,4,,,,,,,,"black, non-hispanic","black, non-hispanic","Black, Non-Hispanic",,
3765215,76115,76115.0,76115.0,"$100,000 to $124,999",high school graduate - high school diploma or the equivalent (ged),"some college, no degree",partner earned more,16,High,HS,Some college,2,3.0,Partner higher,yes,,,,0.45,hispanic,hispanic,Hispanic,no (not latino or hispanic),other (please specify)
3766424,34032,34032.0,34032.0,"$85,000 to $99,999",high school graduate - high school diploma or the equivalent (ged),hs graduate or ged,we earned about the same amount,15,High,HS,HS,2,2.0,Same education level,yes,,,,4.0,"white, non-hispanic","white, non-hispanic","White, Non-Hispanic",no (not latino or hispanic),white
3767711,196558,196558.0,196558.0,"$85,000 to $99,999",12th grade no diploma,hs graduate or ged,i earned more,15,High,Less than HS,HS,1,2.0,Partner higher,,,,,55.0,"white, non-hispanic","white, non-hispanic","White, Non-Hispanic",no (not latino or hispanic),white
3768361,60495,60495.0,60495.0,"$85,000 to $99,999",professional or doctorate degree,professional or doctorate degree,partner earned more,15,High,Bachelor's+,Bachelor's+,4,4.0,Same education level,,,,,10.0,"other, non-hispanic","other, non-hispanic","Other, Non-Hispanic",no (not latino or hispanic),asian or pacific islander
3769215,246298,246298.0,246298.0,"$25,000 to $29,999",high school graduate - high school diploma or the equivalent (ged),hs graduate or ged,i earned more,8,Low,HS,HS,2,2.0,Same education level,yes,,yes,,1.5,"white, non-hispanic","white, non-hispanic",,no (not latino or hispanic),white
3770411,113464,113464.0,113464.0,"$50,000 to $59,999",high school graduate - high school diploma or the equivalent (ged),hs graduate or ged,partner earned more,12,Middle,HS,HS,2,2.0,Same education level,,,,,17.0,"white, non-hispanic","white, non-hispanic","White, Non-Hispanic",no (not latino or hispanic),white
3771485,65635,,,"$50,000 to $59,999",associate degree,,,12,Middle,Some college,,3,,,,,,,,"white, non-hispanic","white, non-hispanic","White, Non-Hispanic",,
3772281,31511,31511.0,31511.0,"$50,000 to $59,999","some college, no degree","some college, no degree",i earned more,12,Middle,Some college,Some college,3,3.0,Same education level,,,,,8.0,"white, non-hispanic","white, non-hispanic","White, Non-Hispanic",no (not latino or hispanic),white
3773233,13330,13330.0,13330.0,"$50,000 to $59,999","some college, no degree","some college, no degree",we earned about the same amount,12,Middle,Some college,Some college,3,3.0,Same education level,,,,,6.0,"white, non-hispanic",,,no (not latino or hispanic),white
3774591,66352,66352.0,66352.0,"$75,000 to $84,999",high school graduate - high school diploma or the equivalent (ged),"some college, no degree",partner earned more,14,High,HS,Some college,2,3.0,Partner higher,,,,,42.0,"white, non-hispanic","white, non-hispanic","White, Non-Hispanic",no (not latino or hispanic),white
3776762,39613,,,"$50,000 to $59,999","some college, no degree",,,12,Middle,Some college,,3,,,,,,,,"white, non-hispanic","white, non-hispanic","White, Non-Hispanic",,
3777631,46383,46383.0,46383.0,"$20,000 to $24,999",11th grade,hs graduate or ged,partner earned more,7,Low,Less than HS,HS,1,2.0,Partner higher,,,,,27.0,"white, non-hispanic","white, non-hispanic",,no (not latino or hispanic),white
3778515,4034,4034.0,4034.0,"$175,000 or more","some college, no degree",bachelor's degree,partner earned more,19,High,Some college,Bachelor's+,3,4.0,Partner higher,yes,,yes,,1.5,"black, non-hispanic","black, non-hispanic","Black, Non-Hispanic",no (not latino or hispanic),white
3779621,61494,61494.0,61494.0,"$12,500 to $14,999",high school graduate - high school diploma or the equivalent (ged),hs graduate or ged,partner earned more,5,Low,HS,HS,2,2.0,Same education level,,,,,45.0,"black, non-hispanic","black, non-hispanic","Black, Non-Hispanic",no (not latino or hispanic),black or african american
3780533,152299,,,"less than $5,000",high school graduate - high school diploma or the equivalent (ged),,,1,Low,HS,,2,,,,,,,,"white, non-hispanic","white, non-hispanic",,,
3782331,4392,4392.0,4392.0,"$60,000 to $74,999",bachelors degree,bachelor's degree,partner earned more,13,Middle,Bachelor's+,Bachelor's+,4,4.0,Same education level,,,,,11.0,"white, non-hispanic","white, non-hispanic","White, Non-Hispanic",no (not latino or hispanic),white
3783732,34216,,,"$7,500 to $9,999","some college, no degree",,,3,Low,Some college,,3,,,,,,,,"white, non-hispanic","white, non-hispanic",,,
3784205,123868,123868.0,123868.0,"$85,000 to $99,999","some college, no degree",associate degree,partner earned more,15,High,Some college,Some college,3,3.0,Same education level,,,,,1.5,"white, non-hispanic","white, non-hispanic",,no (not latino or hispanic),white
3785552,51446,,,"$30,000 to $34,999","some college, no degree",,,9,Low,Some college,,3,,,,,,,,"white, non-hispanic","white, non-hispanic","White, Non-Hispanic",,
3786605,49345,,,"$50,000 to $59,999",bachelors degree,,,12,Middle,Bachelor's+,,4,,,,,,,,"white, non-hispanic","white, non-hispanic","White, Non-Hispanic",,
3787205,76594,76594.0,76594.0,"$85,000 to $99,999","some college, no degree","some college, no degree",we earned about the same amount,15,High,Some college,Some college,3,3.0,Same education level,yes,,yes,,0.05,"white, non-hispanic","white, non-hispanic","White, Non-Hispanic",no (not latino or hispanic),white
3788441,67680,67680.0,67680.0,"$125,000 to $149,999",professional or doctorate degree,bachelor's degree,i earned more,17,High,Bachelor's+,Bachelor's+,4,4.0,Same education level,,,,,9.0,"white, non-hispanic","white, non-hispanic","White, Non-Hispanic",no (not latino or hispanic),white
3789451,38807,38807.0,38807.0,"$85,000 to $99,999",high school graduate - high school diploma or the equivalent (ged),bachelor's degree,partner earned more,15,High,HS,Bachelor's+,2,4.0,Partner higher,,,,,25.0,"white, non-hispanic","white, non-hispanic",,no (not latino or hispanic),white
3790321,57068,57068.0,57068.0,"$30,000 to $34,999",high school graduate - high school diploma or the equivalent (ged),bachelor's degree,i earned more,9,Low,HS,Bachelor's+,2,4.0,Partner higher,,,,,10.0,"white, non-hispanic","white, non-hispanic",,no (not latino or hispanic),white
3791533,74685,,,"$20,000 to $24,999",high school graduate - high school diploma or the equivalent (ged),,,7,Low,HS,,2,,,,,,,,"white, non-hispanic","white, non-hispanic",,,
3792576,59190,59190.0,59190.0,"$150,000 to $174,999","some college, no degree","some college, no degree",i earned more,18,High,Some college,Some college,3,3.0,Same education level,,,,,9.0,"white, non-hispanic","white, non-hispanic","White, Non-Hispanic","yes, other latino/hispanic",other (please specify)
3793561,37453,37453.0,37453.0,"$40,000 to $49,999","some college, no degree",10th grade,i earned more,11,Middle,Some college,Less than HS,3,1.0,Respondent higher,,,,,24.0,"white, non-hispanic","white, non-hispanic","White, Non-Hispanic","yes, puerto rican",white
3794566,1736,1736.0,1736.0,"$75,000 to $84,999",associate degree,hs graduate or ged,i earned more,14,High,Some college,HS,3,2.0,Respondent higher,,,,,5.0,"white, non-hispanic","white, non-hispanic","White, Non-Hispanic","yes, cuban",white
3795831,41658,41658.0,41658.0,"$50,000 to $59,999",7th or 8th grade,hs graduate or ged,i earned more,12,Middle,Less than HS,HS,1,2.0,Partner higher,,,,,61.0,"white, non-hispanic","white, non-hispanic",,no (not latino or hispanic),white
3796852,124661,,,"$20,000 to $24,999",11th grade,,,7,Low,Less than HS,,1,,,,,,,,"black, non-hispanic","black, non-hispanic",,,
3798621,46188,46188.0,46188.0,"$40,000 to $49,999",10th grade,7th or 8th grade,we earned about the same amount,11,Middle,Less than HS,Less than HS,1,1.0,Same education level,,,,,34.0,"white, non-hispanic","white, non-hispanic","White, Non-Hispanic",no (not latino or hispanic),refused
3800361,5781,5781.0,5781.0,"$60,000 to $74,999","some college, no degree",hs graduate or ged,i earned more,13,Middle,Some college,HS,3,2.0,Respondent higher,,,,,4.0,"white, non-hispanic","white, non-hispanic","White, Non-Hispanic",no (not latino or hispanic),white
3801893,39121,,,"$50,000 to $59,999",high school graduate - high school diploma or the equivalent (ged),,,12,Middle,HS,,2,,,,,,,,"white, non-hispanic",,,,
3802391,63217,63217.0,63217.0,"$40,000 to $49,999",10th grade,hs graduate or ged,i earned more,11,Middle,Less than HS,HS,1,2.0,Partner higher,,,,,24.0,"white, non-hispanic","white, non-hispanic",,no (not latino or hispanic),white
3803305,264379,,,"$60,000 to $74,999",masters degree,,,13,Middle,Bachelor's+,,4,,,,,,,,"other, non-hispanic","other, non-hispanic","Other, Non-Hispanic",,
3805265,27364,27364.0,27364.0,"$175,000 or more",bachelors degree,bachelor's degree,partner earned more,19,High,Bachelor's+,Bachelor's+,4,4.0,Same education level,yes,,yes,,2.5,"white, non-hispanic","white, non-hispanic","White, Non-Hispanic",no (not latino or hispanic),white
3806531,115292,115292.0,115292.0,"$25,000 to $29,999",7th or 8th grade,hs graduate or ged,partner earned more,8,Low,Less than HS,HS,1,2.0,Partner higher,,,,,31.0,"white, non-hispanic","white, non-hispanic",,no (not latino or hispanic),white
3807365,52743,,,"$10,000 to $12,499",high school graduate - high school diploma or the equivalent (ged),,,4,Low,HS,,2,,,,,,,,"white, non-hispanic","white, non-hispanic","White, Non-Hispanic",,
3808501,63731,63731.0,63731.0,"$60,000 to $74,999",high school graduate - high school diploma or the equivalent (ged),hs graduate or ged,partner earned more,13,Middle,HS,HS,2,2.0,Same education level,,,,,27.0,"white, non-hispanic","white, non-hispanic","White, Non-Hispanic",no (not latino or hispanic),white
3809225,45680,45680.0,45680.0,"$15,000 to $19,999","some college, no degree","some college, no degree",partner earned more,6,Low,Some college,Some college,3,3.0,Same education level,yes,,yes,,5.0,"white, non-hispanic","white, non-hispanic","White, Non-Hispanic","yes, mexican, mexican american, chicano",other (please specify)
3810446,1535,1535.0,1535.0,"$175,000 or more",professional or doctorate degree,master's degree,i earned more,19,High,Bachelor's+,Bachelor's+,4,4.0,Same education level,yes,,yes,,20.0,"white, non-hispanic","white, non-hispanic","White, Non-Hispanic",no (not latino or hispanic),white
3812623,1478,,,"$40,000 to $49,999","some college, no degree",,,11,Middle,Some college,,3,,,,,,,,"white, non-hispanic","white, non-hispanic",,,
3814533,147165,,,"$60,000 to $74,999",bachelors degree,,,13,Middle,Bachelor's+,,4,,,,,,,,"white, non-hispanic","white, non-hispanic","White, Non-Hispanic",,
3815433,4549,,,"$15,000 to $19,999","some college, no degree",,,6,Low,Some college,,3,,,,,,,,"white, non-hispanic",,,,
3816605,62771,,,"$60,000 to $74,999",masters degree,,,13,Middle,Bachelor's+,,4,,,,,,,,"white, non-hispanic","white, non-hispanic",,,
3818605,60615,,,"$40,000 to $49,999","some college, no degree",,,11,Middle,Some college,,3,,,,,,,,"black, non-hispanic","black, non-hispanic",,,
3819381,44525,44525.0,44525.0,"$100,000 to $124,999","some college, no degree",bachelor's degree,partner earned more,16,High,Some college,Bachelor's+,3,4.0,Partner higher,,,,,7.0,"white, non-hispanic",,,no (not latino or hispanic),white
3820451,88085,88085.0,88085.0,"$35,000 to $39,999",high school graduate - high school diploma or the equivalent (ged),associate degree,i earned more,10,Low,HS,Some college,2,3.0,Partner higher,,,,,9.0,hispanic,hispanic,Hispanic,no (not latino or hispanic),white
3823391,67817,67817.0,67817.0,"$150,000 to $174,999",professional or doctorate degree,professional or doctorate degree,i earned more,18,High,Bachelor's+,Bachelor's+,4,4.0,Same education level,,,,,2.5,"white, non-hispanic","white, non-hispanic",,no (not latino or hispanic),white
3824526,3274,3274.0,3274.0,"$85,000 to $99,999","some college, no degree",bachelor's degree,we earned about the same amount,15,High,Some college,Bachelor's+,3,4.0,Partner higher,,,,,28.0,"white, non-hispanic","white, non-hispanic",,no (not latino or hispanic),white
3825551,69753,69753.0,69753.0,"$40,000 to $49,999",11th grade,bachelor's degree,partner earned more,11,Middle,Less than HS,Bachelor's+,1,4.0,Partner higher,,,,,24.0,"white, non-hispanic","white, non-hispanic",,no (not latino or hispanic),white
3826525,2954,2954.0,2954.0,"$150,000 to $174,999","some college, no degree",bachelor's degree,i earned more,18,High,Some college,Bachelor's+,3,4.0,Partner higher,,,,,0.15,"white, non-hispanic",,,no (not latino or hispanic),white
3827291,44573,44573.0,44573.0,"$100,000 to $124,999",bachelors degree,master's degree,partner earned more,16,High,Bachelor's+,Bachelor's+,4,4.0,Same education level,,,,,8.0,"white, non-hispanic","white, non-hispanic","White, Non-Hispanic",no (not latino or hispanic),white
3828261,58980,58980.0,58980.0,"$60,000 to $74,999",professional or doctorate degree,master's degree,we earned about the same amount,13,Middle,Bachelor's+,Bachelor's+,4,4.0,Same education level,,,,,4.0,"white, non-hispanic","white, non-hispanic","White, Non-Hispanic",no (not latino or hispanic),white
3829381,126389,126389.0,126389.0,"$75,000 to $84,999",high school graduate - high school diploma or the equivalent (ged),hs graduate or ged,partner earned more,14,High,HS,HS,2,2.0,Same education level,,,,,9.0,"white, non-hispanic","white, non-hispanic","White, Non-Hispanic",no (not latino or hispanic),white
3830753,1701,1701.0,1701.0,"$35,000 to $39,999",masters degree,associate degree,we earned about the same amount,10,Low,Bachelor's+,Some college,4,3.0,Respondent higher,,,,,29.0,"white, non-hispanic",,,no (not latino or hispanic),white
3831396,37392,37392.0,37392.0,"$30,000 to $34,999",high school graduate - high school diploma or the equivalent (ged),hs graduate or ged,partner earned more,9,Low,HS,HS,2,2.0,Same education level,,,,,4.0,hispanic,hispanic,Hispanic,"yes, puerto rican",white
3832225,62187,62187.0,62187.0,"$50,000 to $59,999","some college, no degree",associate degree,partner earned more,12,Middle,Some college,Some college,3,3.0,Same education level,yes,,no,We broke up,0.45,"black, non-hispanic","black, non-hispanic","Black, Non-Hispanic",no (not latino or hispanic),black or african american
3833445,6217,,,"$20,000 to $24,999",masters degree,,,7,Low,Bachelor's+,,4,,,,,,,,"black, non-hispanic","black, non-hispanic","Black, Non-Hispanic",,
3834301,76493,76493.0,76493.0,"$50,000 to $59,999",high school graduate - high school diploma or the equivalent (ged),"some college, no degree",i earned more,12,Middle,HS,Some college,2,3.0,Partner higher,,,,,9.0,"white, non-hispanic","white, non-hispanic",,no (not latino or hispanic),white
3835234,155155,,,"$10,000 to $12,499",9th grade,,,4,Low,Less than HS,,1,,,,,,,,"white, non-hispanic",,,no (not latino or hispanic),white
3836635,3516,,,"$50,000 to $59,999","some college, no degree",,,12,Middle,Some college,,3,,,,,,,,"white, non-hispanic","white, non-hispanic","White, Non-Hispanic",,
3837235,16845,16845.0,16845.0,"$85,000 to $99,999",associate degree,associate degree,partner earned more,15,High,Some college,Some college,3,3.0,Same education level,yes,,yes,,2.5,"white, non-hispanic","white, non-hispanic","White, Non-Hispanic",no (not latino or hispanic),white
3839381,53658,53658.0,53658.0,"$75,000 to $84,999",bachelors degree,master's degree,partner earned more,14,High,Bachelor's+,Bachelor's+,4,4.0,Same education level,,,,,20.0,hispanic,hispanic,,"yes, mexican, mexican american, chicano",white
3840275,81125,,,"$75,000 to $84,999",high school graduate - high school diploma or the equivalent (ged),,,14,High,HS,,2,,,,,,,,hispanic,hispanic,Hispanic,,
3841445,47391,,,"$50,000 to $59,999",masters degree,,,12,Middle,Bachelor's+,,4,,,,,,,,"white, non-hispanic",,,,
3842574,88129,88129.0,88129.0,"$20,000 to $24,999",associate degree,associate degree,partner earned more,7,Low,Some college,Some college,3,3.0,Same education level,,,,,,"white, non-hispanic",,,no (not latino or hispanic),white
3843271,107594,107594.0,107594.0,"$100,000 to $124,999",bachelors degree,bachelor's degree,we earned about the same amount,16,High,Bachelor's+,Bachelor's+,4,4.0,Same education level,,,,,6.0,"white, non-hispanic","white, non-hispanic","White, Non-Hispanic",no (not latino or hispanic),white
3844421,45464,45464.0,45464.0,"$85,000 to $99,999","some college, no degree",bachelor's degree,partner earned more,15,High,Some college,Bachelor's+,3,4.0,Partner higher,,,,,14.0,"white, non-hispanic","white, non-hispanic","White, Non-Hispanic",no (not latino or hispanic),white
3845284,30593,30593.0,30593.0,"$20,000 to $24,999","some college, no degree","some college, no degree",i earned more,7,Low,Some college,Some college,3,3.0,Same education level,,,,,0.45,"white, non-hispanic","white, non-hispanic",,no (not latino or hispanic),white
3846423,43911,,,"$40,000 to $49,999","some college, no degree",,,11,Middle,Some college,,3,,,,,,,,"white, non-hispanic","white, non-hispanic","White, Non-Hispanic",,
3847441,48292,48292.0,48292.0,"$40,000 to $49,999",10th grade,hs graduate or ged,partner earned more,11,Middle,Less than HS,HS,1,2.0,Partner higher,,,,,15.0,"white, non-hispanic","white, non-hispanic","White, Non-Hispanic",no (not latino or hispanic),white
3848286,44111,,,"$50,000 to $59,999",bachelors degree,,,12,Middle,Bachelor's+,,4,,,,,,,,"black, non-hispanic","black, non-hispanic","Black, Non-Hispanic",,
3849483,2007,2007.0,2007.0,"$50,000 to $59,999","some college, no degree","some college, no degree",we earned about the same amount,12,Middle,Some college,Some college,3,3.0,Same education level,,,,,14.0,"white, non-hispanic",,,no (not latino or hispanic),"american indian, aleut, or eskimo"
3850206,31755,31755.0,31755.0,"$50,000 to $59,999","some college, no degree",hs graduate or ged,we earned about the same amount,12,Middle,Some college,HS,3,2.0,Respondent higher,yes,,no,Other (please describe),1.5,"white, non-hispanic","white, non-hispanic","White, Non-Hispanic",no (not latino or hispanic),white
3851371,37221,37221.0,37221.0,"$85,000 to $99,999",bachelors degree,master's degree,i earned more,15,High,Bachelor's+,Bachelor's+,4,4.0,Same education level,,,,,12.0,"white, non-hispanic","white, non-hispanic","White, Non-Hispanic",no (not latino or hispanic),white
3852533,90658,,,"$50,000 to $59,999",high school graduate - high school diploma or the equivalent (ged),,,12,Middle,HS,,2,,,,,,,,hispanic,"other, non-hispanic",Hispanic,,
3854246,80087,80087.0,80087.0,"$50,000 to $59,999",associate degree,"some college, no degree",i earned more,12,Middle,Some college,Some college,3,3.0,Same education level,,,,,6.0,hispanic,hispanic,,no (not latino or hispanic),white
3855341,65644,65644.0,65644.0,"$30,000 to $34,999",high school graduate - high school diploma or the equivalent (ged),associate degree,partner earned more,9,Low,HS,Some college,2,3.0,Partner higher,,,,,16.0,"white, non-hispanic",,,no (not latino or hispanic),white
3856361,42502,42502.0,42502.0,"$125,000 to $149,999",masters degree,bachelor's degree,i earned more,17,High,Bachelor's+,Bachelor's+,4,4.0,Same education level,,,,,17.0,"white, non-hispanic","white, non-hispanic","White, Non-Hispanic",no (not latino or hispanic),white
3858635,2492,2492.0,2492.0,"$25,000 to $29,999",professional or doctorate degree,professional or doctorate degree,partner earned more,8,Low,Bachelor's+,Bachelor's+,4,4.0,Same education level,yes,,yes,,13.0,"white, non-hispanic","white, non-hispanic",,no (not latino or hispanic),white
3859842,32168,32168.0,32168.0,"$12,500 to $14,999",high school graduate - high school diploma or the equivalent (ged),professional or doctorate degree,refused,5,Low,HS,Bachelor's+,2,4.0,Partner higher,,,,,59.0,"white, non-hispanic","white, non-hispanic","White, Non-Hispanic",no (not latino or hispanic),white
3860423,46075,,,"$7,500 to $9,999","some college, no degree",,,3,Low,Some college,,3,,,,,,,,"white, non-hispanic","white, non-hispanic","White, Non-Hispanic",,
3862286,34608,34608.0,34608.0,"$50,000 to $59,999",associate degree,"some college, no degree",i earned more,12,Middle,Some college,Some college,3,3.0,Same education level,yes,,yes,,14.0,"white, non-hispanic","white, non-hispanic","White, Non-Hispanic",no (not latino or hispanic),black or african american
3863205,95057,,,"$85,000 to $99,999","some college, no degree",,,15,High,Some college,,3,,,,,,,,"white, non-hispanic","white, non-hispanic","White, Non-Hispanic",,
3864411,91037,91037.0,91037.0,"$60,000 to $74,999",professional or doctorate degree,refused,i earned more,13,Middle,Bachelor's+,,4,,,,,,,,hispanic,hispanic,,"yes, puerto rican",other (please specify)
3865431,27554,27554.0,27554.0,"$75,000 to $84,999",associate degree,associate degree,i earned more,14,High,Some college,Some college,3,3.0,Same education level,,,,,25.0,"white, non-hispanic","white, non-hispanic","White, Non-Hispanic",no (not latino or hispanic),white
3866491,92296,92296.0,92296.0,"$75,000 to $84,999",high school graduate - high school diploma or the equivalent (ged),hs graduate or ged,i earned more,14,High,HS,HS,2,2.0,Same education level,,,,,26.0,hispanic,hispanic,Hispanic,no (not latino or hispanic),white
3867545,72737,,,"$12,500 to $14,999","some college, no degree",,,5,Low,Some college,,3,,,,,,,,"white, non-hispanic","white, non-hispanic","White, Non-Hispanic",,
3868471,39978,39978.0,39978.0,"$60,000 to $74,999",associate degree,hs graduate or ged,i earned more,13,Middle,Some college,HS,3,2.0,Respondent higher,,,,,14.0,"white, non-hispanic","white, non-hispanic",,no (not latino or hispanic),white
3869391,47539,47539.0,47539.0,"$75,000 to $84,999",high school graduate - high school diploma or the equivalent (ged),associate degree,i earned more,14,High,HS,Some college,2,3.0,Partner higher,,,,,14.0,"white, non-hispanic","white, non-hispanic",,no (not latino or hispanic),white
3870246,18641,18641.0,18641.0,"$10,000 to $12,499",12th grade no diploma,10th grade,i earned more,4,Low,Less than HS,Less than HS,1,1.0,Same education level,no,we broke up,,,6.0,"2+ races, non-hispanic","white, non-hispanic",,no (not latino or hispanic),white
3871551,44860,44860.0,44860.0,"$75,000 to $84,999",masters degree,master's degree,partner earned more,14,High,Bachelor's+,Bachelor's+,4,4.0,Same education level,,,,,33.0,"white, non-hispanic","white, non-hispanic","White, Non-Hispanic",no (not latino or hispanic),white
3872275,219590,219590.0,219590.0,"$25,000 to $29,999",9th grade,hs graduate or ged,partner earned more,8,Low,Less than HS,HS,1,2.0,Partner higher,no,we broke up,,,12.0,"white, non-hispanic",,,"yes, puerto rican",other (please specify)
3873291,50656,50656.0,50656.0,"$75,000 to $84,999",high school graduate - high school diploma or the equivalent (ged),master's degree,partner earned more,14,High,HS,Bachelor's+,2,4.0,Partner higher,,,,,6.0,"white, non-hispanic",,"White, Non-Hispanic",no (not latino or hispanic),white
3874515,62373,62373.0,62373.0,"$35,000 to $39,999","some college, no degree",hs graduate or ged,i earned more,10,Low,Some college,HS,3,2.0,Respondent higher,yes,,yes,,6.0,"white, non-hispanic","white, non-hispanic","White, Non-Hispanic",no (not latino or hispanic),white
3875581,36293,36293.0,36293.0,"$60,000 to $74,999","some college, no degree",hs graduate or ged,partner earned more,13,Middle,Some college,HS,3,2.0,Respondent higher,,,,,43.0,"white, non-hispanic","white, non-hispanic",,no (not latino or hispanic),white
3876593,26808,,,"$25,000 to $29,999",high school graduate - high school diploma or the equivalent (ged),,,8,Low,HS,,2,,,,,,,,"white, non-hispanic","white, non-hispanic","White, Non-Hispanic",,
3880631,64829,64829.0,64829.0,"$15,000 to $19,999",high school graduate - high school diploma or the equivalent (ged),hs graduate or ged,i earned more,6,Low,HS,HS,2,2.0,Same education level,,,,,39.0,"white, non-hispanic","white, non-hispanic","White, Non-Hispanic",no (not latino or hispanic),white
3882461,136049,136049.0,136049.0,"$30,000 to $34,999",high school graduate - high school diploma or the equivalent (ged),hs graduate or ged,i earned more,9,Low,HS,HS,2,2.0,Same education level,,,,,10.0,"white, non-hispanic","white, non-hispanic",,no (not latino or hispanic),white
3883693,12338,,,"$20,000 to $24,999",bachelors degree,,,7,Low,Bachelor's+,,4,,,,,,,,"2+ races, non-hispanic","white, non-hispanic","2+ Races, Non-Hispanic",,
3884371,45511,45511.0,45511.0,"$40,000 to $49,999",associate degree,associate degree,we earned about the same amount,11,Middle,Some college,Some college,3,3.0,Same education level,,,,,23.0,"white, non-hispanic","white, non-hispanic",,no (not latino or hispanic),white
3885693,74807,74807.0,74807.0,"$12,500 to $14,999",high school graduate - high school diploma or the equivalent (ged),hs graduate or ged,i earned more,5,Low,HS,HS,2,2.0,Same education level,,,no,We broke up,4.0,"white, non-hispanic","2+ races, non-hispanic","2+ Races, Non-Hispanic",no (not latino or hispanic),white
3886611,38928,38928.0,38928.0,"$50,000 to $59,999",bachelors degree,hs graduate or ged,i earned more,12,Middle,Bachelor's+,HS,4,2.0,Respondent higher,,,,,26.0,"white, non-hispanic","white, non-hispanic","White, Non-Hispanic",no (not latino or hispanic),white
3887361,7951,7951.0,7951.0,"$30,000 to $34,999",high school graduate - high school diploma or the equivalent (ged),"some college, no degree",partner earned more,9,Low,HS,Some college,2,3.0,Partner higher,,,,,14.0,"white, non-hispanic",,,no (not latino or hispanic),white
3888595,596,596.0,596.0,"$25,000 to $29,999",professional or doctorate degree,master's degree,partner earned more,8,Low,Bachelor's+,Bachelor's+,4,4.0,Same education level,yes,,,,16.0,"white, non-hispanic",,,no (not latino or hispanic),white
3889425,2645,,,"$60,000 to $74,999",masters degree,,,13,Middle,Bachelor's+,,4,,,,,,,,"white, non-hispanic",,,,
3891381,2818,2818.0,2818.0,"$50,000 to $59,999",bachelors degree,hs graduate or ged,i earned more,12,Middle,Bachelor's+,HS,4,2.0,Respondent higher,,,,,13.0,"white, non-hispanic",,,no (not latino or hispanic),white
3892443,1544,1544.0,1544.0,"$85,000 to $99,999",masters degree,hs graduate or ged,we earned about the same amount,15,High,Bachelor's+,HS,4,2.0,Respondent higher,,,yes,,8.0,"white, non-hispanic",,"White, Non-Hispanic",no (not latino or hispanic),white
3893583,2246,,,"$15,000 to $19,999","some college, no degree",,,6,Low,Some college,,3,,,,,,,,"white, non-hispanic",,,,
3894295,32906,32906.0,32906.0,"$60,000 to $74,999",bachelors degree,master's degree,partner earned more,13,Middle,Bachelor's+,Bachelor's+,4,4.0,Same education level,yes,,yes,,8.0,hispanic,hispanic,Hispanic,no (not latino or hispanic),white
3895365,3719,,,"$40,000 to $49,999",bachelors degree,,,11,Middle,Bachelor's+,,4,,,,,,,,"white, non-hispanic",,,,
3896594,63831,63831.0,63831.0,"$5,000 to $7,499","some college, no degree",associate degree,we earned about the same amount,2,Low,Some college,Some college,3,3.0,Same education level,yes,,,,0.75,"black, non-hispanic","black, non-hispanic","Black, Non-Hispanic",no (not latino or hispanic),black or african american
3897456,2940,2940.0,2940.0,"$175,000 or more",bachelors degree,bachelor's degree,i earned more,19,High,Bachelor's+,Bachelor's+,4,4.0,Same education level,,,yes,,6.0,"white, non-hispanic",,,no (not latino or hispanic),white
3898286,59729,59729.0,59729.0,"$40,000 to $49,999",high school graduate - high school diploma or the equivalent (ged),hs graduate or ged,we earned about the same amount,11,Middle,HS,HS,2,2.0,Same education level,,,,,10.0,"white, non-hispanic","white, non-hispanic",,no (not latino or hispanic),white
3900623,161339,,,"$7,500 to $9,999",10th grade,,,3,Low,Less than HS,,1,,,,,,,,"black, non-hispanic","black, non-hispanic","Black, Non-Hispanic",,
3901781,46754,46754.0,46754.0,"$10,000 to $12,499",9th grade,refused,i earned more,4,Low,Less than HS,,1,,,,,,,56.0,"white, non-hispanic","white, non-hispanic",,no (not latino or hispanic),white
3902395,4449,4449.0,4449.0,"$150,000 to $174,999",masters degree,master's degree,i earned more,18,High,Bachelor's+,Bachelor's+,4,4.0,Same education level,,,,,7.0,"white, non-hispanic",,,no (not latino or hispanic),white
3903571,25561,25561.0,25561.0,"$60,000 to $74,999",high school graduate - high school diploma or the equivalent (ged),"some college, no degree",partner earned more,13,Middle,HS,Some college,2,3.0,Partner higher,,,,,25.0,"white, non-hispanic","white, non-hispanic",,no (not latino or hispanic),white
3904375,4217,4217.0,4217.0,"$125,000 to $149,999",masters degree,bachelor's degree,i earned more,17,High,Bachelor's+,Bachelor's+,4,4.0,Same education level,,,yes,,4.0,"white, non-hispanic",,,no (not latino or hispanic),white
3906365,5340,5340.0,5340.0,"$150,000 to $174,999",bachelors degree,bachelor's degree,i earned more,18,High,Bachelor's+,Bachelor's+,4,4.0,Same education level,no,we broke up,,,0.75,"white, non-hispanic",,"White, Non-Hispanic",no (not latino or hispanic),white
3908205,81279,,,"$35,000 to $39,999",high school graduate - high school diploma or the equivalent (ged),,,10,Low,HS,,2,,,,,,,,hispanic,"white, non-hispanic",,,
3909431,158217,158217.0,158217.0,"$5,000 to $7,499",7th or 8th grade,hs graduate or ged,i earned more,2,Low,Less than HS,HS,1,2.0,Partner higher,,,,,16.0,"white, non-hispanic","white, non-hispanic",,no (not latino or hispanic),white
3910661,215484,215484.0,215484.0,"$20,000 to $24,999",7th or 8th grade,"some college, no degree",partner earned more,7,Low,Less than HS,Some college,1,3.0,Partner higher,,,,,46.0,"white, non-hispanic","white, non-hispanic",,no (not latino or hispanic),white
3912563,61222,61222.0,61222.0,"$50,000 to $59,999",associate degree,hs graduate or ged,partner earned more,12,Middle,Some college,HS,3,2.0,Respondent higher,yes,,yes,,5.0,"white, non-hispanic","white, non-hispanic","White, Non-Hispanic",no (not latino or hispanic),white
3913541,42575,42575.0,42575.0,"$60,000 to $74,999",high school graduate - high school diploma or the equivalent (ged),hs graduate or ged,partner earned more,13,Middle,HS,HS,2,2.0,Same education level,,,,,30.0,"white, non-hispanic","white, non-hispanic",,no (not latino or hispanic),white
3914561,1786,1786.0,1786.0,"$175,000 or more",bachelors degree,professional or doctorate degree,partner earned more,19,High,Bachelor's+,Bachelor's+,4,4.0,Same education level,,,,,29.0,"white, non-hispanic","white, non-hispanic",,no (not latino or hispanic),white
3915415,9487,9487.0,9487.0,"$35,000 to $39,999","some college, no degree",bachelor's degree,partner earned more,10,Low,Some college,Bachelor's+,3,4.0,Partner higher,yes,,no,We broke up,1.5,hispanic,hispanic,,no (not latino or hispanic),white
3916511,56952,56952.0,56952.0,"$85,000 to $99,999",12th grade no diploma,associate degree,i earned more,15,High,Less than HS,Some college,1,3.0,Partner higher,,,,,19.0,"white, non-hispanic","white, non-hispanic",,no (not latino or hispanic),white
3917481,5622,5622.0,5622.0,"$35,000 to $39,999",high school graduate - high school diploma or the equivalent (ged),"some college, no degree",we earned about the same amount,10,Low,HS,Some college,2,3.0,Partner higher,,,,,19.0,"white, non-hispanic","white, non-hispanic","White, Non-Hispanic","yes, other latino/hispanic",white
3918383,45636,45636.0,45636.0,"$60,000 to $74,999",high school graduate - high school diploma or the equivalent (ged),hs graduate or ged,partner earned more,13,Middle,HS,HS,2,2.0,Same education level,yes,,yes,,4.0,"white, non-hispanic","2+ races, non-hispanic",,no (not latino or hispanic),white
3919306,3618,3618.0,3618.0,"$100,000 to $124,999",bachelors degree,master's degree,we earned about the same amount,16,High,Bachelor's+,Bachelor's+,4,4.0,Same education level,yes,,yes,,5.0,"white, non-hispanic","white, non-hispanic","White, Non-Hispanic",no (not latino or hispanic),white
3920521,21796,21796.0,21796.0,"$30,000 to $34,999","some college, no degree",9th grade,partner earned more,9,Low,Some college,Less than HS,3,1.0,Respondent higher,,,,,27.0,"white, non-hispanic","white, non-hispanic","White, Non-Hispanic",no (not latino or hispanic),white
3921501,5783,5783.0,5783.0,"$60,000 to $74,999",bachelors degree,hs graduate or ged,i earned more,13,Middle,Bachelor's+,HS,4,2.0,Respondent higher,,,,,10.0,hispanic,hispanic,,"yes, mexican, mexican american, chicano",white
3922235,9652,,,"$60,000 to $74,999",bachelors degree,,,13,Middle,Bachelor's+,,4,,,,,,,,"white, non-hispanic","white, non-hispanic","White, Non-Hispanic",,
3923555,33540,33540.0,33540.0,"$35,000 to $39,999",masters degree,hs graduate or ged,partner earned more,10,Low,Bachelor's+,HS,4,2.0,Respondent higher,yes,,yes,,0.75,"white, non-hispanic","white, non-hispanic","White, Non-Hispanic",no (not latino or hispanic),white
3924481,1729,1729.0,1729.0,"$60,000 to $74,999",bachelors degree,bachelor's degree,partner earned more,13,Middle,Bachelor's+,Bachelor's+,4,4.0,Same education level,,,,,24.0,"white, non-hispanic","white, non-hispanic",,no (not latino or hispanic),white
3925435,44454,44454.0,44454.0,"$85,000 to $99,999",bachelors degree,10th grade,i earned more,15,High,Bachelor's+,Less than HS,4,1.0,Respondent higher,no,we broke up,,,2.5,"white, non-hispanic",,,no (not latino or hispanic),white
3926361,2007,2007.0,2007.0,"$60,000 to $74,999",professional or doctorate degree,master's degree,i earned more,13,Middle,Bachelor's+,Bachelor's+,4,4.0,Same education level,,,yes,,10.0,"white, non-hispanic",,"White, Non-Hispanic",no (not latino or hispanic),white
3927521,42305,42305.0,42305.0,"$60,000 to $74,999",high school graduate - high school diploma or the equivalent (ged),hs graduate or ged,we earned about the same amount,13,Middle,HS,HS,2,2.0,Same education level,,,,,33.0,"white, non-hispanic","white, non-hispanic",,no (not latino or hispanic),white
3928361,4508,4508.0,4508.0,"$150,000 to $174,999",masters degree,"some college, no degree",partner earned more,18,High,Bachelor's+,Some college,4,3.0,Respondent higher,yes,,,,11.0,"white, non-hispanic",,,no (not latino or hispanic),white
3929554,28611,28611.0,28611.0,"$10,000 to $12,499","some college, no degree",associate degree,partner earned more,4,Low,Some college,Some college,3,3.0,Same education level,,,,,5.0,"black, non-hispanic","black, non-hispanic","Black, Non-Hispanic",no (not latino or hispanic),white
3930426,3978,3978.0,3978.0,"$125,000 to $149,999",professional or doctorate degree,professional or doctorate degree,partner earned more,17,High,Bachelor's+,Bachelor's+,4,4.0,Same education level,,,,,12.0,"white, non-hispanic",,,no (not latino or hispanic),white
3931495,4648,,,"$25,000 to $29,999",high school graduate - high school diploma or the equivalent (ged),,,8,Low,HS,,2,,,,,,,,"white, non-hispanic","white, non-hispanic","White, Non-Hispanic",,
3932306,25983,25983.0,25983.0,"$60,000 to $74,999",associate degree,associate degree,i earned more,13,Middle,Some college,Some college,3,3.0,Same education level,,,,,4.0,"white, non-hispanic",,"White, Non-Hispanic",no (not latino or hispanic),white
3933552,3244,3244.0,3244.0,"$30,000 to $34,999",bachelors degree,master's degree,partner earned more,9,Low,Bachelor's+,Bachelor's+,4,4.0,Same education level,,,,,4.0,"white, non-hispanic",,,no (not latino or hispanic),white
3934743,1570,,,"$20,000 to $24,999","some college, no degree",,,7,Low,Some college,,3,,,,,,,,"white, non-hispanic","white, non-hispanic","White, Non-Hispanic",,
3935335,5416,5416.0,5416.0,"$60,000 to $74,999",professional or doctorate degree,"some college, no degree",i earned more,13,Middle,Bachelor's+,Some college,4,3.0,Respondent higher,no,we broke up,,,2.5,"white, non-hispanic",,,"yes, puerto rican",other (please specify)
3936511,2546,2546.0,2546.0,"$85,000 to $99,999",masters degree,hs graduate or ged,we earned about the same amount,15,High,Bachelor's+,HS,4,2.0,Respondent higher,,,,,11.0,"white, non-hispanic",,,no (not latino or hispanic),white
3937436,98644,98644.0,98644.0,"less than $5,000",high school graduate - high school diploma or the equivalent (ged),hs graduate or ged,partner earned more,1,Low,HS,HS,2,2.0,Same education level,yes,,,,5.0,hispanic,hispanic,Hispanic,no (not latino or hispanic),white
3938461,2107,,,"$100,000 to $124,999",high school graduate - high school diploma or the equivalent (ged),,,16,High,HS,,2,,,,,,,,"white, non-hispanic","white, non-hispanic","White, Non-Hispanic",,
3940435,60995,,,"$40,000 to $49,999",masters degree,,,11,Middle,Bachelor's+,,4,,,,,,,,"white, non-hispanic","white, non-hispanic",,,
3941351,113102,113102.0,113102.0,"$40,000 to $49,999",associate degree,bachelor's degree,i earned more,11,Middle,Some college,Bachelor's+,3,4.0,Partner higher,,,,,17.0,"other, non-hispanic","other, non-hispanic","Other, Non-Hispanic",no (not latino or hispanic),white
3943285,132104,,,"$50,000 to $59,999","some college, no degree",,,12,Middle,Some college,,3,,,,,,,,hispanic,hispanic,Hispanic,,
3944653,53900,,,"$40,000 to $49,999",associate degree,,,11,Middle,Some college,,3,,,,,,,,"white, non-hispanic","white, non-hispanic",,,
3945453,568,568.0,568.0,"$85,000 to $99,999",bachelors degree,associate degree,i earned more,15,High,Bachelor's+,Some college,4,3.0,Respondent higher,,,,,8.0,"2+ races, non-hispanic",,,no (not latino or hispanic),white
3946295,6837,6837.0,6837.0,"$175,000 or more",masters degree,bachelor's degree,i earned more,19,High,Bachelor's+,Bachelor's+,4,4.0,Same education level,no,we broke up,,,0.45,"white, non-hispanic",,"White, Non-Hispanic",no (not latino or hispanic),white
3947225,97985,,,"$30,000 to $34,999","some college, no degree",,,9,Low,Some college,,3,,,,,,,,hispanic,hispanic,Hispanic,,
3949583,8002,8002.0,8002.0,"$40,000 to $49,999",high school graduate - high school diploma or the equivalent (ged),hs graduate or ged,partner earned more,11,Middle,HS,HS,2,2.0,Same education level,,,,,6.0,"white, non-hispanic",,,no (not latino or hispanic),white
3950465,754,754.0,754.0,"$75,000 to $84,999","some college, no degree","some college, no degree",i earned more,14,High,Some college,Some college,3,3.0,Same education level,,,,,12.0,"white, non-hispanic",,,no (not latino or hispanic),white
3951285,82438,,,"$150,000 to $174,999",bachelors degree,,,18,High,Bachelor's+,,4,,,,,,,,"white, non-hispanic","white, non-hispanic",,,
3952431,64697,64697.0,64697.0,"$125,000 to $149,999","some college, no degree",associate degree,i earned more,17,High,Some college,Some college,3,3.0,Same education level,,,,,21.0,"white, non-hispanic","white, non-hispanic",,"yes, mexican, mexican american, chicano",other (please specify)
3953206,24355,24355.0,24355.0,"$150,000 to $174,999","some college, no degree","some college, no degree",we earned about the same amount,18,High,Some college,Some college,3,3.0,Same education level,,,,,5.0,"white, non-hispanic","white, non-hispanic",,no (not latino or hispanic),white
3954341,211900,211900.0,211900.0,"$30,000 to $34,999",10th grade,12th grade no diploma,partner earned more,9,Low,Less than HS,Less than HS,1,1.0,Same education level,,,,,18.0,"white, non-hispanic",,,no (not latino or hispanic),white
3957226,12515,12515.0,12515.0,"$60,000 to $74,999","some college, no degree","some college, no degree",partner earned more,13,Middle,Some college,Some college,3,3.0,Same education level,no,we broke up,,,2.5,"white, non-hispanic",,,no (not latino or hispanic),white
3958341,89312,89312.0,89312.0,"$150,000 to $174,999",masters degree,bachelor's degree,i earned more,18,High,Bachelor's+,Bachelor's+,4,4.0,Same education level,,,,,14.0,"other, non-hispanic","other, non-hispanic",,no (not latino or hispanic),asian or pacific islander
3959235,83585,83585.0,83585.0,"$75,000 to $84,999",high school graduate - high school diploma or the equivalent (ged),hs graduate or ged,partner earned more,14,High,HS,HS,2,2.0,Same education level,no,we broke up,,,2.5,"white, non-hispanic","white, non-hispanic",,no (not latino or hispanic),"american indian, aleut, or eskimo"
3960301,27000,27000.0,27000.0,"$75,000 to $84,999","some college, no degree",bachelor's degree,partner earned more,14,High,Some college,Bachelor's+,3,4.0,Partner higher,,,,,7.0,"white, non-hispanic","white, non-hispanic",,no (not latino or hispanic),white
3962581,852,852.0,852.0,"$50,000 to $59,999",masters degree,hs graduate or ged,i earned more,12,Middle,Bachelor's+,HS,4,2.0,Respondent higher,,,,,41.0,"white, non-hispanic","white, non-hispanic",,no (not latino or hispanic),white
3963543,95994,,,"$10,000 to $12,499",high school graduate - high school diploma or the equivalent (ged),,,4,Low,HS,,2,,,,,,,,hispanic,hispanic,,,
3965421,51109,51109.0,51109.0,"$50,000 to $59,999",12th grade no diploma,hs graduate or ged,partner earned more,12,Middle,Less than HS,HS,1,2.0,Partner higher,,,,,24.0,"white, non-hispanic","white, non-hispanic",,no (not latino or hispanic),white
3968596,8877,8877.0,8877.0,"$60,000 to $74,999",bachelors degree,bachelor's degree,i earned more,13,Middle,Bachelor's+,Bachelor's+,4,4.0,Same education level,,,,,5.0,"white, non-hispanic",,,no (not latino or hispanic),white
3971256,21040,21040.0,21040.0,"$50,000 to $59,999","some college, no degree",bachelor's degree,i earned more,12,Middle,Some college,Bachelor's+,3,4.0,Partner higher,yes,,,,4.0,"2+ races, non-hispanic","white, non-hispanic",,no (not latino or hispanic),white
3974261,109437,109437.0,109437.0,"$50,000 to $59,999",bachelors degree,bachelor's degree,we earned about the same amount,12,Middle,Bachelor's+,Bachelor's+,4,4.0,Same education level,,,,,5.0,"other, non-hispanic","other, non-hispanic","Other, Non-Hispanic",no (not latino or hispanic),white
3975505,4594,4594.0,4594.0,"$100,000 to $124,999",masters degree,bachelor's degree,i earned more,16,High,Bachelor's+,Bachelor's+,4,4.0,Same education level,,,no,We broke up,2.5,"black, non-hispanic",,,no (not latino or hispanic),black or african american
3976383,2438,2438.0,2438.0,"$35,000 to $39,999",bachelors degree,bachelor's degree,partner earned more,10,Low,Bachelor's+,Bachelor's+,4,4.0,Same education level,yes,,no,We broke up,1.5,"white, non-hispanic","white, non-hispanic","White, Non-Hispanic",no (not latino or hispanic),white
3977691,217707,217707.0,217707.0,"$40,000 to $49,999",11th grade,"some college, no degree",we earned about the same amount,11,Middle,Less than HS,Some college,1,3.0,Partner higher,,,,,33.0,hispanic,hispanic,Hispanic,no (not latino or hispanic),white
3978205,66789,,,"$85,000 to $99,999","some college, no degree",,,15,High,Some college,,3,,,,,,,,"white, non-hispanic","white, non-hispanic",,,
3979235,36773,36773.0,36773.0,"$100,000 to $124,999",high school graduate - high school diploma or the equivalent (ged),12th grade no diploma,i earned more,16,High,HS,Less than HS,2,1.0,Respondent higher,yes,,no,We broke up,1.5,"white, non-hispanic","white, non-hispanic","White, Non-Hispanic",no (not latino or hispanic),"american indian, aleut, or eskimo"
3980413,4480,4480.0,4480.0,"$85,000 to $99,999","some college, no degree","some college, no degree",partner earned more,15,High,Some college,Some college,3,3.0,Same education level,,,yes,,7.0,"white, non-hispanic","white, non-hispanic",,"yes, mexican, mexican american, chicano",other (please specify)
3981321,105923,105923.0,105923.0,"$100,000 to $124,999",high school graduate - high school diploma or the equivalent (ged),hs graduate or ged,partner earned more,16,High,HS,HS,2,2.0,Same education level,,,,,13.0,hispanic,hispanic,Hispanic,"yes, mexican, mexican american, chicano",other (please specify)
3982235,105411,105411.0,105411.0,"$30,000 to $34,999","some college, no degree",10th grade,i earned more,9,Low,Some college,Less than HS,3,1.0,Respondent higher,no,we broke up,,,0.45,hispanic,hispanic,Hispanic,"yes, mexican, mexican american, chicano",other (please specify)
3983555,3101,,,"$85,000 to $99,999",masters degree,,,15,High,Bachelor's+,,4,,,,,,,,"white, non-hispanic","white, non-hispanic",,,
3984371,72665,72665.0,72665.0,"$85,000 to $99,999",high school graduate - high school diploma or the equivalent (ged),bachelor's degree,partner earned more,15,High,HS,Bachelor's+,2,4.0,Partner higher,,,,,7.0,hispanic,hispanic,Hispanic,no (not latino or hispanic),white
3986455,4833,4833.0,4833.0,"$125,000 to $149,999",masters degree,associate degree,i earned more,17,High,Bachelor's+,Some college,4,3.0,Respondent higher,,,yes,,15.0,"other, non-hispanic",,"Other, Non-Hispanic",no (not latino or hispanic),white
3987371,106360,106360.0,106360.0,"$50,000 to $59,999",5th or 6th grade,associate degree,partner earned more,12,Middle,Less than HS,Some college,1,3.0,Partner higher,,,,,14.0,hispanic,hispanic,Hispanic,"yes, mexican, mexican american, chicano",refused
3988723,90695,,,"$15,000 to $19,999",high school graduate - high school diploma or the equivalent (ged),,,6,Low,HS,,2,,,,,,,,"white, non-hispanic",,,,
3989245,14565,14565.0,14565.0,"$12,500 to $14,999","some college, no degree","some college, no degree",partner earned more,5,Low,Some college,Some college,3,3.0,Same education level,,,,,4.0,"other, non-hispanic",,,no (not latino or hispanic),black or african american
3990426,4709,4709.0,4709.0,"$75,000 to $84,999",bachelors degree,master's degree,i earned more,14,High,Bachelor's+,Bachelor's+,4,4.0,Same education level,,,no,We broke up,14.0,"white, non-hispanic","white, non-hispanic","White, Non-Hispanic",no (not latino or hispanic),white
3991391,31447,31447.0,31447.0,"$35,000 to $39,999",high school graduate - high school diploma or the equivalent (ged),master's degree,partner earned more,10,Low,HS,Bachelor's+,2,4.0,Partner higher,,,,,13.0,"white, non-hispanic","white, non-hispanic",,no (not latino or hispanic),white
3992623,7649,,,"$10,000 to $12,499","some college, no degree",,,4,Low,Some college,,3,,,,,,,,"white, non-hispanic","white, non-hispanic",,,
3993486,2111,2111.0,2111.0,"$100,000 to $124,999",bachelors degree,professional or doctorate degree,partner earned more,16,High,Bachelor's+,Bachelor's+,4,4.0,Same education level,,,,,4.0,"white, non-hispanic","white, non-hispanic",,no (not latino or hispanic),white
3994301,44830,44830.0,44830.0,"$40,000 to $49,999",bachelors degree,bachelor's degree,i earned more,11,Middle,Bachelor's+,Bachelor's+,4,4.0,Same education level,,,,,10.0,"white, non-hispanic","white, non-hispanic",,no (not latino or hispanic),white
3995436,5877,5877.0,5877.0,"$175,000 or more",professional or doctorate degree,professional or doctorate degree,i earned more,19,High,Bachelor's+,Bachelor's+,4,4.0,Same education level,yes,,yes,,15.0,"white, non-hispanic","white, non-hispanic",,no (not latino or hispanic),white
3996271,31922,31922.0,31922.0,"$60,000 to $74,999",associate degree,"some college, no degree",partner earned more,13,Middle,Some college,Some college,3,3.0,Same education level,,,,,4.0,"white, non-hispanic","white, non-hispanic","White, Non-Hispanic",no (not latino or hispanic),white
3997265,20021,20021.0,20021.0,"$85,000 to $99,999",bachelors degree,bachelor's degree,i earned more,15,High,Bachelor's+,Bachelor's+,4,4.0,Same education level,,,no,We broke up,7.0,"white, non-hispanic","white, non-hispanic","White, Non-Hispanic",no (not latino or hispanic),white
3998541,52622,52622.0,52622.0,"$175,000 or more","some college, no degree",hs graduate or ged,i earned more,19,High,Some college,HS,3,2.0,Respondent higher,,,,,29.0,"white, non-hispanic","white, non-hispanic","White, Non-Hispanic",no (not latino or hispanic),white
3999403,129650,129650.0,129650.0,"$15,000 to $19,999",high school graduate - high school diploma or the equivalent (ged),"some college, no degree",partner earned more,6,Low,HS,Some college,2,3.0,Partner higher,no,we broke up,,,2.5,"black, non-hispanic","black, non-hispanic",,no (not latino or hispanic),black or african american
4000465,3395,3395.0,3395.0,"$50,000 to $59,999",bachelors degree,"some college, no degree",partner earned more,12,Middle,Bachelor's+,Some college,4,3.0,Respondent higher,yes,,yes,,0.15,hispanic,hispanic,Hispanic,"yes, mexican, mexican american, chicano",other (please specify)
4001391,59834,59834.0,59834.0,"$75,000 to $84,999",high school graduate - high school diploma or the equivalent (ged),bachelor's degree,partner earned more,14,High,HS,Bachelor's+,2,4.0,Partner higher,,,,,9.0,"white, non-hispanic","white, non-hispanic","White, Non-Hispanic",no (not latino or hispanic),white
4002515,40827,,,"$10,000 to $12,499",bachelors degree,,,4,Low,Bachelor's+,,4,,,,,,,,"white, non-hispanic","white, non-hispanic",,,
4003436,4557,,,"$175,000 or more","some college, no degree",,,19,High,Some college,,3,,,,,,,,"white, non-hispanic","white, non-hispanic",,,
4004435,8444,,,"$35,000 to $39,999",associate degree,,,10,Low,Some college,,3,,,,,,,,"white, non-hispanic","white, non-hispanic","White, Non-Hispanic",,
4005581,40160,40160.0,40160.0,"$100,000 to $124,999","some college, no degree","some college, no degree",partner earned more,16,High,Some college,Some college,3,3.0,Same education level,,,,,34.0,"white, non-hispanic","white, non-hispanic",,no (not latino or hispanic),white
4006641,21044,21044.0,21044.0,"$30,000 to $34,999",12th grade no diploma,hs graduate or ged,i earned more,9,Low,Less than HS,HS,1,2.0,Partner higher,,,,,40.0,"white, non-hispanic","white, non-hispanic","White, Non-Hispanic",no (not latino or hispanic),white
4007271,8570,8570.0,8570.0,"$100,000 to $124,999","some college, no degree","some college, no degree",partner earned more,16,High,Some college,Some college,3,3.0,Same education level,,,,,4.0,"white, non-hispanic",,,no (not latino or hispanic),white
4008635,687,,,"$15,000 to $19,999",bachelors degree,,,6,Low,Bachelor's+,,4,,,,,,,,"white, non-hispanic","white, non-hispanic","White, Non-Hispanic",,
4009326,18917,18917.0,18917.0,"$40,000 to $49,999",masters degree,bachelor's degree,i earned more,11,Middle,Bachelor's+,Bachelor's+,4,4.0,Same education level,yes,,yes,,4.0,"white, non-hispanic","white, non-hispanic","White, Non-Hispanic",no (not latino or hispanic),other (please specify)
4010416,2470,2470.0,2470.0,"$125,000 to $149,999",bachelors degree,master's degree,i earned more,17,High,Bachelor's+,Bachelor's+,4,4.0,Same education level,yes,,yes,,9.0,"white, non-hispanic","white, non-hispanic","White, Non-Hispanic",no (not latino or hispanic),white
4011225,42201,42201.0,42201.0,"$35,000 to $39,999","some college, no degree",bachelor's degree,partner earned more,10,Low,Some college,Bachelor's+,3,4.0,Partner higher,yes,,,,4.0,"white, non-hispanic","white, non-hispanic","White, Non-Hispanic",no (not latino or hispanic),white
4012515,2490,,,"$40,000 to $49,999","some college, no degree",,,11,Middle,Some college,,3,,,,,,,,"white, non-hispanic",,,,
4013336,22455,22455.0,22455.0,"$50,000 to $59,999",high school graduate - high school diploma or the equivalent (ged),associate degree,partner earned more,12,Middle,HS,Some college,2,3.0,Partner higher,yes,,yes,,12.0,"white, non-hispanic","white, non-hispanic",,no (not latino or hispanic),white
4014721,24520,24520.0,24520.0,"$35,000 to $39,999",high school graduate - high school diploma or the equivalent (ged),hs graduate or ged,we earned about the same amount,10,Low,HS,HS,2,2.0,Same education level,,,,,11.0,"black, non-hispanic","black, non-hispanic",,no (not latino or hispanic),black or african american
4016605,1957,1957.0,1957.0,"$60,000 to $74,999",bachelors degree,associate degree,i earned more,13,Middle,Bachelor's+,Some college,4,3.0,Respondent higher,,,,,37.0,"white, non-hispanic",,,no (not latino or hispanic),white
4018584,133755,133755.0,133755.0,"$15,000 to $19,999",associate degree,"some college, no degree",partner earned more,6,Low,Some college,Some college,3,3.0,Same education level,,,,,31.0,hispanic,hispanic,,"yes, mexican, mexican american, chicano",white
4020486,2066,2066.0,2066.0,"$40,000 to $49,999",associate degree,11th grade,i earned more,11,Middle,Some college,Less than HS,3,1.0,Respondent higher,yes,,,,16.0,"white, non-hispanic",,,no (not latino or hispanic),white
4021321,50751,50751.0,50751.0,"$125,000 to $149,999",professional or doctorate degree,professional or doctorate degree,partner earned more,17,High,Bachelor's+,Bachelor's+,4,4.0,Same education level,,,,,,"white, non-hispanic","white, non-hispanic",,no (not latino or hispanic),white
4022195,95637,,,"$50,000 to $59,999",bachelors degree,,,12,Middle,Bachelor's+,,4,,,,,,,,"white, non-hispanic","white, non-hispanic",,,
4023485,2920,,,"$85,000 to $99,999",associate degree,,,15,High,Some college,,3,,,,,,,,"white, non-hispanic",,,,
4025562,783,,,"$60,000 to $74,999",masters degree,,,13,Middle,Bachelor's+,,4,,,,,,,,"other, non-hispanic",,,,
4027356,126042,126042.0,126042.0,"$10,000 to $12,499",10th grade,10th grade,partner earned more,4,Low,Less than HS,Less than HS,1,1.0,Same education level,yes,,,,19.0,"white, non-hispanic","white, non-hispanic",,no (not latino or hispanic),white
4028461,1544,1544.0,1544.0,"$50,000 to $59,999","some college, no degree",hs graduate or ged,partner earned more,12,Middle,Some college,HS,3,2.0,Respondent higher,,,,,11.0,"white, non-hispanic","white, non-hispanic","White, Non-Hispanic",no (not latino or hispanic),white
4029753,39421,,,"$10,000 to $12,499","some college, no degree",,,4,Low,Some college,,3,,,,,,,,"white, non-hispanic","white, non-hispanic",,,
4031246,215931,215931.0,215931.0,"$20,000 to $24,999",high school graduate - high school diploma or the equivalent (ged),"some college, no degree",i earned more,7,Low,HS,Some college,2,3.0,Partner higher,,,no,We broke up,1.5,"white, non-hispanic","white, non-hispanic","White, Non-Hispanic",no (not latino or hispanic),white
4032561,8230,8230.0,8230.0,"$85,000 to $99,999",associate degree,"some college, no degree",we earned about the same amount,15,High,Some college,Some college,3,3.0,Same education level,yes,,yes,,17.0,"white, non-hispanic",,,no (not latino or hispanic),white
4036345,5868,,,"$75,000 to $84,999","some college, no degree",,,14,High,Some college,,3,,,,,,,,"white, non-hispanic",,,,
4037586,89457,89457.0,89457.0,"$85,000 to $99,999",high school graduate - high school diploma or the equivalent (ged),hs graduate or ged,partner earned more,15,High,HS,HS,2,2.0,Same education level,yes,,yes,,16.0,hispanic,hispanic,Hispanic,no (not latino or hispanic),white
4039493,1896,,,"$7,500 to $9,999",associate degree,,,3,Low,Some college,,3,,,,,,,,"black, non-hispanic",,,,
4040561,8330,8330.0,8330.0,"$60,000 to $74,999",high school graduate - high school diploma or the equivalent (ged),"some college, no degree",partner earned more,13,Middle,HS,Some college,2,3.0,Partner higher,,,,,13.0,"white, non-hispanic","white, non-hispanic",,no (not latino or hispanic),white
4041271,11786,11786.0,11786.0,"$60,000 to $74,999",associate degree,bachelor's degree,partner earned more,13,Middle,Some college,Bachelor's+,3,4.0,Partner higher,,,,,9.0,"black, non-hispanic","black, non-hispanic","Black, Non-Hispanic",no (not latino or hispanic),black or african american
4042195,56610,56610.0,56610.0,"$40,000 to $49,999",associate degree,hs graduate or ged,i earned more,11,Middle,Some college,HS,3,2.0,Respondent higher,,,no,Other (please describe),0.75,"white, non-hispanic","white, non-hispanic",,no (not latino or hispanic),white
4043671,18197,18197.0,18197.0,"$60,000 to $74,999","some college, no degree",bachelor's degree,i earned more,13,Middle,Some college,Bachelor's+,3,4.0,Partner higher,,,,,12.0,"black, non-hispanic","black, non-hispanic","Black, Non-Hispanic",no (not latino or hispanic),black or african american
4044591,67509,67509.0,67509.0,"$60,000 to $74,999",11th grade,11th grade,we earned about the same amount,13,Middle,Less than HS,Less than HS,1,1.0,Same education level,,,,,4.0,"black, non-hispanic",,"Black, Non-Hispanic",no (not latino or hispanic),black or african american
4045235,40316,40316.0,40316.0,"$50,000 to $59,999",high school graduate - high school diploma or the equivalent (ged),"some college, no degree",i earned more,12,Middle,HS,Some college,2,3.0,Partner higher,no,we broke up,,,1.5,"white, non-hispanic","2+ races, non-hispanic",,no (not latino or hispanic),white
4046215,112286,,,"$15,000 to $19,999",high school graduate - high school diploma or the equivalent (ged),,,6,Low,HS,,2,,,,,,,,"black, non-hispanic","black, non-hispanic",,,
4047271,46791,46791.0,46791.0,"$60,000 to $74,999","some college, no degree","some college, no degree",i earned more,13,Middle,Some college,Some college,3,3.0,Same education level,,,,,13.0,"white, non-hispanic","white, non-hispanic",,no (not latino or hispanic),white
4048611,6327,6327.0,6327.0,"$85,000 to $99,999","some college, no degree",hs graduate or ged,i earned more,15,High,Some college,HS,3,2.0,Respondent higher,,,,,40.0,"white, non-hispanic",,,no (not latino or hispanic),white
4050291,264379,264379.0,264379.0,"$50,000 to $59,999","some college, no degree","some college, no degree",partner earned more,12,Middle,Some college,Some college,3,3.0,Same education level,,,,,4.0,"black, non-hispanic","black, non-hispanic","2+ Races, Non-Hispanic",no (not latino or hispanic),black or african american
4051576,166873,166873.0,166873.0,"$15,000 to $19,999","some college, no degree","some college, no degree",i earned more,6,Low,Some college,Some college,3,3.0,Same education level,,,,,16.0,"white, non-hispanic","white, non-hispanic",,no (not latino or hispanic),white
4052346,27829,27829.0,27829.0,"$20,000 to $24,999",high school graduate - high school diploma or the equivalent (ged),hs graduate or ged,we earned about the same amount,7,Low,HS,HS,2,2.0,Same education level,no,we broke up,,,0.05,hispanic,hispanic,Hispanic,"yes, other latino/hispanic",white
4054305,53214,53214.0,53214.0,"$25,000 to $29,999","some college, no degree",refused,partner earned more,8,Low,Some college,,3,,,yes,,yes,,9.0,"white, non-hispanic","white, non-hispanic","White, Non-Hispanic",no (not latino or hispanic),white
4055261,139878,139878.0,139878.0,"$50,000 to $59,999",associate degree,"some college, no degree",partner earned more,12,Middle,Some college,Some college,3,3.0,Same education level,,,,,8.0,"black, non-hispanic",hispanic,,no (not latino or hispanic),black or african american
4056536,1414,1414.0,1414.0,"$125,000 to $149,999",bachelors degree,bachelor's degree,i earned more,17,High,Bachelor's+,Bachelor's+,4,4.0,Same education level,yes,,yes,,25.0,"white, non-hispanic","white, non-hispanic","White, Non-Hispanic",no (not latino or hispanic),white
4057293,59093,59093.0,59093.0,"$10,000 to $12,499","some college, no degree","some college, no degree",partner earned more,4,Low,Some college,Some college,3,3.0,Same education level,yes,,yes,,1.5,"white, non-hispanic","white, non-hispanic","White, Non-Hispanic",no (not latino or hispanic),white
4059602,81224,81224.0,81224.0,"$175,000 or more","some college, no degree","some college, no degree",i earned more,19,High,Some college,Some college,3,3.0,Same education level,,,,,41.0,"white, non-hispanic","white, non-hispanic",,no (not latino or hispanic),white
4061201,26878,26878.0,26878.0,"$100,000 to $124,999",11th grade,hs graduate or ged,partner earned more,16,High,Less than HS,HS,1,2.0,Partner higher,,,,,7.0,"white, non-hispanic",,,no (not latino or hispanic),white
4063215,19165,,,"$85,000 to $99,999",high school graduate - high school diploma or the equivalent (ged),,,15,High,HS,,2,,,,,,,,"2+ races, non-hispanic","black, non-hispanic",,,
4064361,134423,134423.0,134423.0,"$75,000 to $84,999",high school graduate - high school diploma or the equivalent (ged),5th or 6th grade,i earned more,14,High,HS,Less than HS,2,1.0,Respondent higher,,,,,20.0,hispanic,hispanic,Hispanic,"yes, mexican, mexican american, chicano",other (please specify)
4065491,40563,40563.0,40563.0,"$175,000 or more",associate degree,bachelor's degree,i earned more,19,High,Some college,Bachelor's+,3,4.0,Partner higher,,,,,24.0,"white, non-hispanic","white, non-hispanic",,no (not latino or hispanic),white
4066436,80340,80340.0,80340.0,"$85,000 to $99,999","some college, no degree",associate degree,i earned more,15,High,Some college,Some college,3,3.0,Same education level,,,no,We broke up,4.0,hispanic,hispanic,Hispanic,"yes, mexican, mexican american, chicano",white
4067321,83865,83865.0,83865.0,"$75,000 to $84,999",associate degree,master's degree,partner earned more,14,High,Some college,Bachelor's+,3,4.0,Partner higher,,,,,11.0,"white, non-hispanic","white, non-hispanic","White, Non-Hispanic",no (not latino or hispanic),white
4068521,24130,,,"$10,000 to $12,499",bachelors degree,,,4,Low,Bachelor's+,,4,,,,,,,,hispanic,,,,
4069331,107357,107357.0,107357.0,"$125,000 to $149,999",masters degree,bachelor's degree,i earned more,17,High,Bachelor's+,Bachelor's+,4,4.0,Same education level,,,,,8.0,"other, non-hispanic","other, non-hispanic","Other, Non-Hispanic",no (not latino or hispanic),asian or pacific islander
4071353,36941,36941.0,36941.0,"$100,000 to $124,999",masters degree,master's degree,partner earned more,16,High,Bachelor's+,Bachelor's+,4,4.0,Same education level,,,,,17.0,"white, non-hispanic","white, non-hispanic","White, Non-Hispanic",no (not latino or hispanic),white
4072283,45920,45920.0,45920.0,"$40,000 to $49,999",associate degree,"some college, no degree",i earned more,11,Middle,Some college,Some college,3,3.0,Same education level,yes,,yes,,1.5,"white, non-hispanic","white, non-hispanic","White, Non-Hispanic",no (not latino or hispanic),white
4073291,29464,29464.0,29464.0,"$85,000 to $99,999",bachelors degree,bachelor's degree,partner earned more,15,High,Bachelor's+,Bachelor's+,4,4.0,Same education level,,,,,11.0,"white, non-hispanic","white, non-hispanic","White, Non-Hispanic",no (not latino or hispanic),white
4074333,2661,2661.0,2661.0,"$85,000 to $99,999","some college, no degree",associate degree,partner earned more,15,High,Some college,Some college,3,3.0,Same education level,,,,,7.0,"white, non-hispanic",,,no (not latino or hispanic),white
4076391,33786,33786.0,33786.0,"$100,000 to $124,999",bachelors degree,bachelor's degree,partner earned more,16,High,Bachelor's+,Bachelor's+,4,4.0,Same education level,,,,,12.0,"white, non-hispanic","white, non-hispanic",,no (not latino or hispanic),white
4077433,557,557.0,557.0,"$40,000 to $49,999","some college, no degree",associate degree,partner earned more,11,Middle,Some college,Some college,3,3.0,Same education level,no,we broke up,,,0.15,"2+ races, non-hispanic","white, non-hispanic",,no (not latino or hispanic),white
4078261,58969,58969.0,58969.0,"$50,000 to $59,999",high school graduate - high school diploma or the equivalent (ged),hs graduate or ged,partner earned more,12,Middle,HS,HS,2,2.0,Same education level,,,,,7.0,"white, non-hispanic","white, non-hispanic",,no (not latino or hispanic),white
4079695,24251,,,"$7,500 to $9,999",associate degree,,,3,Low,Some college,,3,,,,,,,,"2+ races, non-hispanic","white, non-hispanic",,,
4080471,212393,212393.0,212393.0,"$75,000 to $84,999",high school graduate - high school diploma or the equivalent (ged),bachelor's degree,partner earned more,14,High,HS,Bachelor's+,2,4.0,Partner higher,,,,,22.0,"white, non-hispanic","white, non-hispanic",,no (not latino or hispanic),white
4082563,3341,3341.0,3341.0,"$100,000 to $124,999","some college, no degree",master's degree,i earned more,16,High,Some college,Bachelor's+,3,4.0,Partner higher,yes,,yes,,0.45,"other, non-hispanic","white, non-hispanic","White, Non-Hispanic",no (not latino or hispanic),asian or pacific islander
4083471,83195,83195.0,83195.0,"$50,000 to $59,999",high school graduate - high school diploma or the equivalent (ged),hs graduate or ged,i earned more,12,Middle,HS,HS,2,2.0,Same education level,,,,,21.0,hispanic,,,no (not latino or hispanic),white
4084391,31231,31231.0,31231.0,"$85,000 to $99,999",bachelors degree,associate degree,we earned about the same amount,15,High,Bachelor's+,Some college,4,3.0,Respondent higher,,,,,24.0,"white, non-hispanic","white, non-hispanic",,no (not latino or hispanic),white
4086476,2206,2206.0,2206.0,"$50,000 to $59,999","some college, no degree",bachelor's degree,i earned more,12,Middle,Some college,Bachelor's+,3,4.0,Partner higher,no,other (please describe),,,20.0,"white, non-hispanic","white, non-hispanic","White, Non-Hispanic",no (not latino or hispanic),white
4087611,71903,71903.0,71903.0,"$50,000 to $59,999",12th grade no diploma,hs graduate or ged,we earned about the same amount,12,Middle,Less than HS,HS,1,2.0,Partner higher,,,,,37.0,"white, non-hispanic","white, non-hispanic",,no (not latino or hispanic),white
4088495,1381,1381.0,1381.0,"$85,000 to $99,999","some college, no degree",bachelor's degree,partner earned more,15,High,Some college,Bachelor's+,3,4.0,Partner higher,yes,,yes,,16.0,"white, non-hispanic","white, non-hispanic","White, Non-Hispanic",no (not latino or hispanic),white
4089221,20712,20712.0,20712.0,"$60,000 to $74,999","some college, no degree","some college, no degree",partner earned more,13,Middle,Some college,Some college,3,3.0,Same education level,,,,,4.0,"2+ races, non-hispanic","white, non-hispanic","White, Non-Hispanic",no (not latino or hispanic),white
4090741,40096,40096.0,40096.0,"$100,000 to $124,999",professional or doctorate degree,professional or doctorate degree,partner earned more,16,High,Bachelor's+,Bachelor's+,4,4.0,Same education level,,,,,56.0,"white, non-hispanic","white, non-hispanic",,no (not latino or hispanic),white
4091205,58042,58042.0,58042.0,"$50,000 to $59,999","some college, no degree","some college, no degree",we earned about the same amount,12,Middle,Some college,Some college,3,3.0,Same education level,,,,,0.75,"white, non-hispanic","white, non-hispanic",,no (not latino or hispanic),white
4092313,60175,60175.0,60175.0,"$100,000 to $124,999",bachelors degree,bachelor's degree,i earned more,16,High,Bachelor's+,Bachelor's+,4,4.0,Same education level,no,we broke up,,,0.15,"white, non-hispanic","white, non-hispanic","White, Non-Hispanic",no (not latino or hispanic),white
4093341,6822,6822.0,6822.0,"$75,000 to $84,999",bachelors degree,bachelor's degree,partner earned more,14,High,Bachelor's+,Bachelor's+,4,4.0,Same education level,,,,,9.0,"white, non-hispanic","white, non-hispanic",,no (not latino or hispanic),white
4094842,40455,,,"$40,000 to $49,999",11th grade,,,11,Middle,Less than HS,,1,,,,,,,,"white, non-hispanic","white, non-hispanic","White, Non-Hispanic",,
4095225,56128,56128.0,56128.0,"$85,000 to $99,999","some college, no degree","some college, no degree",i earned more,15,High,Some college,Some college,3,3.0,Same education level,yes,,yes,,5.0,"white, non-hispanic","white, non-hispanic",,no (not latino or hispanic),white
4096646,1611,1611.0,1611.0,"$50,000 to $59,999",masters degree,bachelor's degree,i earned more,12,Middle,Bachelor's+,Bachelor's+,4,4.0,Same education level,,,,,29.0,"white, non-hispanic","white, non-hispanic","White, Non-Hispanic",no (not latino or hispanic),white
4098234,74759,74759.0,74759.0,"$10,000 to $12,499",high school graduate - high school diploma or the equivalent (ged),hs graduate or ged,i earned more,4,Low,HS,HS,2,2.0,Same education level,,,,,4.0,"white, non-hispanic","white, non-hispanic","White, Non-Hispanic",no (not latino or hispanic),white
4099333,45873,,,"$60,000 to $74,999",associate degree,,,13,Middle,Some college,,3,,,,,,,,hispanic,,,,
4100616,1517,1517.0,1517.0,"$35,000 to $39,999","some college, no degree",bachelor's degree,partner earned more,10,Low,Some college,Bachelor's+,3,4.0,Partner higher,,,,,34.0,hispanic,,,no (not latino or hispanic),white
4101551,68171,68171.0,68171.0,"$60,000 to $74,999",high school graduate - high school diploma or the equivalent (ged),"some college, no degree",i earned more,13,Middle,HS,Some college,2,3.0,Partner higher,,,,,35.0,"white, non-hispanic",,,no (not latino or hispanic),white
4103576,1634,1634.0,1634.0,"$50,000 to $59,999","some college, no degree",associate degree,partner earned more,12,Middle,Some college,Some college,3,3.0,Same education level,no,we broke up,,,9.0,"white, non-hispanic","white, non-hispanic","White, Non-Hispanic",no (not latino or hispanic),asian or pacific islander
4104711,61690,61690.0,61690.0,"$30,000 to $34,999",high school graduate - high school diploma or the equivalent (ged),"some college, no degree",we earned about the same amount,9,Low,HS,Some college,2,3.0,Partner higher,,,,,54.0,hispanic,hispanic,,"yes, mexican, mexican american, chicano",white
4105552,91431,,,"$60,000 to $74,999",masters degree,,,13,Middle,Bachelor's+,,4,,,,,,,,"white, non-hispanic","white, non-hispanic",,,
4106215,25357,25357.0,25357.0,"$175,000 or more","some college, no degree","some college, no degree",partner earned more,19,High,Some college,Some college,3,3.0,Same education level,yes,,,,4.0,"2+ races, non-hispanic","2+ races, non-hispanic",,no (not latino or hispanic),white
4107311,46528,46528.0,46528.0,"$25,000 to $29,999",bachelors degree,12th grade no diploma,partner earned more,8,Low,Bachelor's+,Less than HS,4,1.0,Respondent higher,,,,,13.0,hispanic,hispanic,Hispanic,no (not latino or hispanic),white
4108271,55598,55598.0,55598.0,"$60,000 to $74,999",bachelors degree,bachelor's degree,partner earned more,13,Middle,Bachelor's+,Bachelor's+,4,4.0,Same education level,,,,,7.0,"white, non-hispanic","white, non-hispanic","White, Non-Hispanic",no (not latino or hispanic),white
4109271,56501,56501.0,56501.0,"$60,000 to $74,999",associate degree,associate degree,partner earned more,13,Middle,Some college,Some college,3,3.0,Same education level,,,,,9.0,"white, non-hispanic","white, non-hispanic","White, Non-Hispanic",no (not latino or hispanic),white
4110451,45163,45163.0,45163.0,"$75,000 to $84,999","some college, no degree",hs graduate or ged,i earned more,14,High,Some college,HS,3,2.0,Respondent higher,,,,,12.0,"white, non-hispanic",,,no (not latino or hispanic),white
4111331,54885,54885.0,54885.0,"$75,000 to $84,999",bachelors degree,bachelor's degree,i earned more,14,High,Bachelor's+,Bachelor's+,4,4.0,Same education level,,,,,12.0,"white, non-hispanic","white, non-hispanic",,no (not latino or hispanic),white
4112722,46771,,,"$15,000 to $19,999",bachelors degree,,,6,Low,Bachelor's+,,4,,,,,,,,"white, non-hispanic","white, non-hispanic",,,
4114295,21377,21377.0,21377.0,"less than $5,000",bachelors degree,"some college, no degree",i earned more,1,Low,Bachelor's+,Some college,4,3.0,Respondent higher,,,no,We broke up,,"black, non-hispanic","black, non-hispanic","2+ Races, Non-Hispanic","yes, other latino/hispanic",refused
4115421,79087,79087.0,79087.0,"$40,000 to $49,999",associate degree,"some college, no degree",i earned more,11,Middle,Some college,Some college,3,3.0,Same education level,,,,,20.0,"white, non-hispanic","white, non-hispanic","White, Non-Hispanic",no (not latino or hispanic),white
4117371,39133,39133.0,39133.0,"$35,000 to $39,999",bachelors degree,hs graduate or ged,i earned more,10,Low,Bachelor's+,HS,4,2.0,Respondent higher,,,,,5.0,"white, non-hispanic","white, non-hispanic",,no (not latino or hispanic),white
4118275,51407,51407.0,51407.0,"$40,000 to $49,999","some college, no degree",hs graduate or ged,partner earned more,11,Middle,Some college,HS,3,2.0,Respondent higher,,,,,6.0,"black, non-hispanic",,,no (not latino or hispanic),black or african american
4119623,7360,7360.0,7360.0,"$20,000 to $24,999","some college, no degree",hs graduate or ged,partner earned more,7,Low,Some college,HS,3,2.0,Respondent higher,,,,,0.75,"white, non-hispanic",,"White, Non-Hispanic",no (not latino or hispanic),white
4121245,41445,,,"$12,500 to $14,999",high school graduate - high school diploma or the equivalent (ged),,,5,Low,HS,,2,,,,,,,,"white, non-hispanic","white, non-hispanic","White, Non-Hispanic",,
4122321,57539,57539.0,57539.0,"$150,000 to $174,999",bachelors degree,master's degree,we earned about the same amount,18,High,Bachelor's+,Bachelor's+,4,4.0,Same education level,,,,,8.0,"black, non-hispanic","2+ races, non-hispanic",,no (not latino or hispanic),black or african american
4124276,52458,52458.0,52458.0,"$50,000 to $59,999",high school graduate - high school diploma or the equivalent (ged),hs graduate or ged,i earned more,12,Middle,HS,HS,2,2.0,Same education level,,,,,8.0,"black, non-hispanic",,"Black, Non-Hispanic",no (not latino or hispanic),refused
4125205,43123,,,"$40,000 to $49,999","some college, no degree",,,11,Middle,Some college,,3,,,,,,,,"white, non-hispanic","white, non-hispanic",,,
4126631,67854,67854.0,67854.0,"$50,000 to $59,999",12th grade no diploma,12th grade no diploma,partner earned more,12,Middle,Less than HS,Less than HS,1,1.0,Same education level,,,,,38.0,"black, non-hispanic","black, non-hispanic","Black, Non-Hispanic",no (not latino or hispanic),black or african american
4128391,28279,28279.0,28279.0,"$40,000 to $49,999",masters degree,"some college, no degree",partner earned more,11,Middle,Bachelor's+,Some college,4,3.0,Respondent higher,,,,,10.0,"white, non-hispanic","white, non-hispanic","White, Non-Hispanic",no (not latino or hispanic),white
4129705,59546,,,"$12,500 to $14,999",masters degree,,,5,Low,Bachelor's+,,4,,,,,,,,"white, non-hispanic","white, non-hispanic",,,
4130581,59948,59948.0,59948.0,"$175,000 or more",masters degree,master's degree,partner earned more,19,High,Bachelor's+,Bachelor's+,4,4.0,Same education level,,,,,25.0,"white, non-hispanic","white, non-hispanic","White, Non-Hispanic",no (not latino or hispanic),white
4131553,53836,53836.0,53836.0,"$40,000 to $49,999",high school graduate - high school diploma or the equivalent (ged),"some college, no degree",partner earned more,11,Middle,HS,Some college,2,3.0,Partner higher,no,we broke up,,,39.0,"white, non-hispanic","white, non-hispanic","White, Non-Hispanic",no (not latino or hispanic),white
4133451,74557,74557.0,74557.0,"$60,000 to $74,999",high school graduate - high school diploma or the equivalent (ged),"some college, no degree",partner earned more,13,Middle,HS,Some college,2,3.0,Partner higher,,,,,16.0,hispanic,hispanic,,"yes, mexican, mexican american, chicano",other (please specify)
4134391,85802,85802.0,85802.0,"$50,000 to $59,999",high school graduate - high school diploma or the equivalent (ged),11th grade,i earned more,12,Middle,HS,Less than HS,2,1.0,Respondent higher,,,,,13.0,"white, non-hispanic","white, non-hispanic",,no (not latino or hispanic),white
4135235,141380,141380.0,141380.0,"$15,000 to $19,999",12th grade no diploma,hs graduate or ged,we earned about the same amount,6,Low,Less than HS,HS,1,2.0,Partner higher,no,we broke up,,,0.45,"black, non-hispanic","black, non-hispanic","Black, Non-Hispanic",no (not latino or hispanic),black or african american
4136311,56905,56905.0,56905.0,"$20,000 to $24,999",professional or doctorate degree,7th or 8th grade,i earned more,7,Low,Bachelor's+,Less than HS,4,1.0,Respondent higher,,,,,8.0,hispanic,,,no (not latino or hispanic),white
4137681,59025,59025.0,59025.0,"$20,000 to $24,999",11th grade,9th grade,partner earned more,7,Low,Less than HS,Less than HS,1,1.0,Same education level,,,,,10.0,"white, non-hispanic","white, non-hispanic",,no (not latino or hispanic),white
4138321,58374,58374.0,58374.0,"$85,000 to $99,999",high school graduate - high school diploma or the equivalent (ged),"some college, no degree",partner earned more,15,High,HS,Some college,2,3.0,Partner higher,,,,,14.0,"white, non-hispanic","white, non-hispanic",,no (not latino or hispanic),white
4139266,32595,32595.0,32595.0,"$175,000 or more","some college, no degree",12th grade no diploma,i earned more,19,High,Some college,Less than HS,3,1.0,Respondent higher,yes,,yes,,2.5,"white, non-hispanic",,,no (not latino or hispanic),white
4140291,49233,49233.0,49233.0,"$100,000 to $124,999",bachelors degree,bachelor's degree,partner earned more,16,High,Bachelor's+,Bachelor's+,4,4.0,Same education level,,,,,10.0,"white, non-hispanic",,,"yes, mexican, mexican american, chicano",other (please specify)
4141421,62794,62794.0,62794.0,"$35,000 to $39,999",associate degree,"some college, no degree",i earned more,10,Low,Some college,Some college,3,3.0,Same education level,,,,,25.0,"white, non-hispanic","white, non-hispanic","White, Non-Hispanic",no (not latino or hispanic),"american indian, aleut, or eskimo"
4142622,35583,35583.0,35583.0,"$20,000 to $24,999",high school graduate - high school diploma or the equivalent (ged),hs graduate or ged,we earned about the same amount,7,Low,HS,HS,2,2.0,Same education level,yes,,yes,,0.45,"white, non-hispanic","white, non-hispanic","White, Non-Hispanic",no (not latino or hispanic),white
4143305,7129,7129.0,7129.0,"$35,000 to $39,999",high school graduate - high school diploma or the equivalent (ged),"some college, no degree",we earned about the same amount,10,Low,HS,Some college,2,3.0,Partner higher,,,yes,,2.5,"white, non-hispanic","white, non-hispanic","White, Non-Hispanic",no (not latino or hispanic),white
4145331,61147,61147.0,61147.0,"$40,000 to $49,999",high school graduate - high school diploma or the equivalent (ged),"some college, no degree",i earned more,11,Middle,HS,Some college,2,3.0,Partner higher,,,,,11.0,"white, non-hispanic","white, non-hispanic",,no (not latino or hispanic),white
4146493,17037,,,"$50,000 to $59,999",masters degree,,,12,Middle,Bachelor's+,,4,,,,,,,,"white, non-hispanic","white, non-hispanic",,,
4147263,7662,7662.0,7662.0,"$35,000 to $39,999","some college, no degree","some college, no degree",i earned more,10,Low,Some college,Some college,3,3.0,Same education level,yes,,no,Other (please describe),2.5,"white, non-hispanic","white, non-hispanic","White, Non-Hispanic",no (not latino or hispanic),white
4148521,118407,118407.0,118407.0,"$35,000 to $39,999","some college, no degree",bachelor's degree,partner earned more,10,Low,Some college,Bachelor's+,3,4.0,Partner higher,,,,,30.0,"black, non-hispanic",,,no (not latino or hispanic),black or african american
4149281,39095,39095.0,39095.0,"$150,000 to $174,999",masters degree,hs graduate or ged,i earned more,18,High,Bachelor's+,HS,4,2.0,Respondent higher,,,,,7.0,"white, non-hispanic","white, non-hispanic","White, Non-Hispanic",no (not latino or hispanic),white
4150351,64023,64023.0,64023.0,"$175,000 or more",masters degree,master's degree,partner earned more,19,High,Bachelor's+,Bachelor's+,4,4.0,Same education level,,,,,15.0,hispanic,hispanic,,no (not latino or hispanic),white
4153545,88993,,,"$20,000 to $24,999",high school graduate - high school diploma or the equivalent (ged),,,7,Low,HS,,2,,,,,,,,hispanic,hispanic,,,
4154401,170302,170302.0,170302.0,"$50,000 to $59,999",high school graduate - high school diploma or the equivalent (ged),professional or doctorate degree,partner earned more,12,Middle,HS,Bachelor's+,2,4.0,Partner higher,no,we broke up,,,0.0,"white, non-hispanic","white, non-hispanic",,no (not latino or hispanic),white
4155575,2189,,,"$100,000 to $124,999",bachelors degree,,,16,High,Bachelor's+,,4,,,,,,,,hispanic,hispanic,Hispanic,,
4156566,1237,1237.0,1237.0,"$125,000 to $149,999",masters degree,"some college, no degree",i earned more,17,High,Bachelor's+,Some college,4,3.0,Respondent higher,,,,,26.0,"white, non-hispanic","white, non-hispanic",,no (not latino or hispanic),white
4157545,3313,,,"$25,000 to $29,999",masters degree,,,8,Low,Bachelor's+,,4,,,,,,,,"white, non-hispanic","white, non-hispanic",,,
4158544,167549,167549.0,167549.0,"$5,000 to $7,499",11th grade,hs graduate or ged,i earned more,2,Low,Less than HS,HS,1,2.0,Partner higher,,,,,6.0,"black, non-hispanic","black, non-hispanic","Black, Non-Hispanic",no (not latino or hispanic),black or african american
4161446,4197,4197.0,4197.0,"$75,000 to $84,999",bachelors degree,"some college, no degree",i earned more,14,High,Bachelor's+,Some college,4,3.0,Respondent higher,,,,,11.0,"white, non-hispanic","white, non-hispanic","White, Non-Hispanic",no (not latino or hispanic),white
4162836,2758,2758.0,2758.0,"$100,000 to $124,999",masters degree,master's degree,partner earned more,16,High,Bachelor's+,Bachelor's+,4,4.0,Same education level,,,,,33.0,"white, non-hispanic",,,no (not latino or hispanic),white
4163226,61147,,,"$75,000 to $84,999","some college, no degree",,,14,High,Some college,,3,,,,,,,,"white, non-hispanic","white, non-hispanic","White, Non-Hispanic",,
4164546,1561,1561.0,1561.0,"$85,000 to $99,999",bachelors degree,"some college, no degree",partner earned more,15,High,Bachelor's+,Some college,4,3.0,Respondent higher,yes,,yes,,33.0,"white, non-hispanic","white, non-hispanic","White, Non-Hispanic",no (not latino or hispanic),white
4165616,1247,1247.0,1247.0,"$125,000 to $149,999","some college, no degree",hs graduate or ged,i earned more,17,High,Some college,HS,3,2.0,Respondent higher,yes,,,,10.0,"white, non-hispanic","white, non-hispanic",,no (not latino or hispanic),white
4167361,36691,36691.0,36691.0,"$60,000 to $74,999",associate degree,"some college, no degree",i earned more,13,Middle,Some college,Some college,3,3.0,Same education level,,,,,13.0,"white, non-hispanic","white, non-hispanic","White, Non-Hispanic",no (not latino or hispanic),white
4168555,222300,222300.0,222300.0,"$15,000 to $19,999",high school graduate - high school diploma or the equivalent (ged),11th grade,i earned more,6,Low,HS,Less than HS,2,1.0,Respondent higher,yes,,yes,,32.0,"white, non-hispanic","white, non-hispanic","White, Non-Hispanic",no (not latino or hispanic),white
4169431,27155,27155.0,27155.0,"$50,000 to $59,999","some college, no degree",bachelor's degree,partner earned more,12,Middle,Some college,Bachelor's+,3,4.0,Partner higher,,,,,23.0,"white, non-hispanic","white, non-hispanic","White, Non-Hispanic",no (not latino or hispanic),white
4170295,64854,64854.0,64854.0,"$35,000 to $39,999","some college, no degree","some college, no degree",we earned about the same amount,10,Low,Some college,Some college,3,3.0,Same education level,no,we broke up,,,2.5,hispanic,hispanic,Hispanic,"yes, mexican, mexican american, chicano",other (please specify)
4171621,41088,41088.0,41088.0,"$75,000 to $84,999","some college, no degree",master's degree,partner earned more,14,High,Some college,Bachelor's+,3,4.0,Partner higher,,,,,32.0,"white, non-hispanic","white, non-hispanic","White, Non-Hispanic",no (not latino or hispanic),white
4172215,53245,53245.0,53245.0,"$30,000 to $34,999",bachelors degree,bachelor's degree,partner earned more,9,Low,Bachelor's+,Bachelor's+,4,4.0,Same education level,yes,,,,1.5,"white, non-hispanic","white, non-hispanic","White, Non-Hispanic",no (not latino or hispanic),white
4173593,35792,,,"$50,000 to $59,999",bachelors degree,,,12,Middle,Bachelor's+,,4,,,,,,,,"white, non-hispanic","white, non-hispanic","White, Non-Hispanic",,
4174761,47267,47267.0,47267.0,"$35,000 to $39,999",high school graduate - high school diploma or the equivalent (ged),hs graduate or ged,i earned more,10,Low,HS,HS,2,2.0,Same education level,,,,,56.0,"white, non-hispanic","white, non-hispanic","White, Non-Hispanic",no (not latino or hispanic),white
4175506,57116,57116.0,57116.0,"$20,000 to $24,999",9th grade,hs graduate or ged,we earned about the same amount,7,Low,Less than HS,HS,1,2.0,Partner higher,no,we broke up,,,31.0,"white, non-hispanic","white, non-hispanic","White, Non-Hispanic",no (not latino or hispanic),white
4176275,59692,59692.0,59692.0,"$12,500 to $14,999",associate degree,hs graduate or ged,we earned about the same amount,5,Low,Some college,HS,3,2.0,Respondent higher,yes,,no,We broke up,0.45,"white, non-hispanic","white, non-hispanic","White, Non-Hispanic",no (not latino or hispanic),white
4177791,88042,88042.0,88042.0,"$40,000 to $49,999",bachelors degree,"some college, no degree",i earned more,11,Middle,Bachelor's+,Some college,4,3.0,Respondent higher,,,,,,"white, non-hispanic","white, non-hispanic",,no (not latino or hispanic),white
4178551,32204,32204.0,32204.0,"$20,000 to $24,999","some college, no degree","some college, no degree",i earned more,7,Low,Some college,Some college,3,3.0,Same education level,,,,,28.0,"white, non-hispanic","white, non-hispanic","White, Non-Hispanic",no (not latino or hispanic),white
4179742,104592,,,"$10,000 to $12,499",high school graduate - high school diploma or the equivalent (ged),,,4,Low,HS,,2,,,,,,,,"other, non-hispanic","white, non-hispanic",,,
4180501,50970,50970.0,50970.0,"$125,000 to $149,999",bachelors degree,bachelor's degree,i earned more,17,High,Bachelor's+,Bachelor's+,4,4.0,Same education level,,,,,11.0,"white, non-hispanic","white, non-hispanic","White, Non-Hispanic",no (not latino or hispanic),white
4181551,35373,35373.0,35373.0,"$175,000 or more",masters degree,12th grade no diploma,i earned more,19,High,Bachelor's+,Less than HS,4,1.0,Respondent higher,,,,,23.0,"white, non-hispanic","white, non-hispanic","White, Non-Hispanic",no (not latino or hispanic),white
4182701,33183,33183.0,33183.0,"$125,000 to $149,999",masters degree,master's degree,partner earned more,17,High,Bachelor's+,Bachelor's+,4,4.0,Same education level,,,,,38.0,"white, non-hispanic","white, non-hispanic",,no (not latino or hispanic),white
4183235,99805,99805.0,99805.0,"$20,000 to $24,999","some college, no degree",professional or doctorate degree,partner earned more,7,Low,Some college,Bachelor's+,3,4.0,Partner higher,yes,,yes,,1.5,"white, non-hispanic","white, non-hispanic","White, Non-Hispanic",no (not latino or hispanic),white
4184732,69650,,,"$85,000 to $99,999",bachelors degree,,,15,High,Bachelor's+,,4,,,,,,,,hispanic,hispanic,Hispanic,,
4186595,12604,,,"$60,000 to $74,999",masters degree,,,13,Middle,Bachelor's+,,4,,,,,,,,"2+ races, non-hispanic","black, non-hispanic",,,
4187491,44119,44119.0,44119.0,"$100,000 to $124,999",bachelors degree,hs graduate or ged,partner earned more,16,High,Bachelor's+,HS,4,2.0,Respondent higher,,,,,8.0,"white, non-hispanic","white, non-hispanic","White, Non-Hispanic",no (not latino or hispanic),white
4188612,64245,,,"$7,500 to $9,999",7th or 8th grade,,,3,Low,Less than HS,,1,,,,,,,,"white, non-hispanic","white, non-hispanic","White, Non-Hispanic",,
4190391,20085,20085.0,20085.0,"$50,000 to $59,999",bachelors degree,hs graduate or ged,partner earned more,12,Middle,Bachelor's+,HS,4,2.0,Respondent higher,,,,,16.0,"white, non-hispanic","white, non-hispanic",,no (not latino or hispanic),white
4191521,45207,45207.0,45207.0,"$100,000 to $124,999",professional or doctorate degree,master's degree,i earned more,16,High,Bachelor's+,Bachelor's+,4,4.0,Same education level,,,,,23.0,"white, non-hispanic","white, non-hispanic","White, Non-Hispanic",no (not latino or hispanic),white
4192621,33311,33311.0,33311.0,"$60,000 to $74,999",masters degree,master's degree,we earned about the same amount,13,Middle,Bachelor's+,Bachelor's+,4,4.0,Same education level,,,,,41.0,"white, non-hispanic","white, non-hispanic","White, Non-Hispanic",no (not latino or hispanic),white
4193661,66308,66308.0,66308.0,"$75,000 to $84,999",high school graduate - high school diploma or the equivalent (ged),associate degree,i earned more,14,High,HS,Some college,2,3.0,Partner higher,,,,,47.0,hispanic,hispanic,Hispanic,no (not latino or hispanic),asian or pacific islander
4194511,60800,60800.0,60800.0,"$125,000 to $149,999",bachelors degree,"some college, no degree",i earned more,17,High,Bachelor's+,Some college,4,3.0,Respondent higher,,,,,9.0,"white, non-hispanic","white, non-hispanic","White, Non-Hispanic",no (not latino or hispanic),white
4195661,56606,56606.0,56606.0,"$35,000 to $39,999",11th grade,hs graduate or ged,i earned more,10,Low,Less than HS,HS,1,2.0,Partner higher,,,,,51.0,"white, non-hispanic","white, non-hispanic","White, Non-Hispanic",no (not latino or hispanic),white
4196495,81801,,,"$15,000 to $19,999",bachelors degree,,,6,Low,Bachelor's+,,4,,,,,,,,"white, non-hispanic","white, non-hispanic","White, Non-Hispanic",,
4197351,79743,79743.0,79743.0,"$75,000 to $84,999",masters degree,bachelor's degree,partner earned more,14,High,Bachelor's+,Bachelor's+,4,4.0,Same education level,,,,,6.0,hispanic,hispanic,Hispanic,no (not latino or hispanic),white
4198592,187912,187912.0,187912.0,"$30,000 to $34,999",high school graduate - high school diploma or the equivalent (ged),hs graduate or ged,partner earned more,9,Low,HS,HS,2,2.0,Same education level,,,,,4.0,"white, non-hispanic",,,no (not latino or hispanic),white
4199553,155195,155195.0,155195.0,"$30,000 to $34,999",bachelors degree,"some college, no degree",partner earned more,9,Low,Bachelor's+,Some college,4,3.0,Respondent higher,,,,,23.0,"white, non-hispanic","white, non-hispanic","White, Non-Hispanic",no (not latino or hispanic),white
4200365,195826,,,"$25,000 to $29,999","some college, no degree",,,8,Low,Some college,,3,,,,,,,,"white, non-hispanic","white, non-hispanic","White, Non-Hispanic",,
4201445,115911,115911.0,115911.0,"$20,000 to $24,999",bachelors degree,"some college, no degree",partner earned more,7,Low,Bachelor's+,Some college,4,3.0,Respondent higher,,,,,1.5,"white, non-hispanic","white, non-hispanic",,no (not latino or hispanic),white
4202381,116673,116673.0,116673.0,"$100,000 to $124,999",bachelors degree,bachelor's degree,partner earned more,16,High,Bachelor's+,Bachelor's+,4,4.0,Same education level,,,,,20.0,"white, non-hispanic","white, non-hispanic","White, Non-Hispanic",no (not latino or hispanic),white
4203591,32191,32191.0,32191.0,"$85,000 to $99,999",associate degree,bachelor's degree,partner earned more,15,High,Some college,Bachelor's+,3,4.0,Partner higher,,,,,36.0,"white, non-hispanic","white, non-hispanic","White, Non-Hispanic",no (not latino or hispanic),white
4204465,97615,97615.0,97615.0,"$40,000 to $49,999",bachelors degree,master's degree,partner earned more,11,Middle,Bachelor's+,Bachelor's+,4,4.0,Same education level,no,we broke up,,,27.0,"other, non-hispanic","other, non-hispanic","Other, Non-Hispanic",no (not latino or hispanic),white
4205251,69740,69740.0,69740.0,"$100,000 to $124,999",associate degree,professional or doctorate degree,partner earned more,16,High,Some college,Bachelor's+,3,4.0,Partner higher,,,,,6.0,"white, non-hispanic","white, non-hispanic","White, Non-Hispanic",no (not latino or hispanic),white
4207235,65441,,,"$10,000 to $12,499",bachelors degree,,,4,Low,Bachelor's+,,4,,,,,,,,hispanic,hispanic,,,
4208495,136464,,,"$12,500 to $14,999",10th grade,,,5,Low,Less than HS,,1,,,,,,,,"white, non-hispanic","white, non-hispanic","White, Non-Hispanic",,
4209485,41147,,,"$15,000 to $19,999","some college, no degree",,,6,Low,Some college,,3,,,,,,,,"white, non-hispanic","white, non-hispanic",,,
4210581,112162,112162.0,112162.0,"$60,000 to $74,999",high school graduate - high school diploma or the equivalent (ged),"some college, no degree",partner earned more,13,Middle,HS,Some college,2,3.0,Partner higher,,,,,5.0,hispanic,"white, non-hispanic",,"yes, mexican, mexican american, chicano",white
4211672,94972,,,"$15,000 to $19,999",high school graduate - high school diploma or the equivalent (ged),,,6,Low,HS,,2,,,,,,,,"white, non-hispanic","white, non-hispanic",,,
4212411,37873,37873.0,37873.0,"$125,000 to $149,999",professional or doctorate degree,bachelor's degree,i earned more,17,High,Bachelor's+,Bachelor's+,4,4.0,Same education level,,,,,13.0,"white, non-hispanic","white, non-hispanic","White, Non-Hispanic",no (not latino or hispanic),white
4213555,102477,,,"$15,000 to $19,999",7th or 8th grade,,,6,Low,Less than HS,,1,,,,,,,,"other, non-hispanic","other, non-hispanic",,,
4215471,39673,39673.0,39673.0,"$60,000 to $74,999",high school graduate - high school diploma or the equivalent (ged),hs graduate or ged,partner earned more,13,Middle,HS,HS,2,2.0,Same education level,,,,,29.0,"white, non-hispanic","white, non-hispanic",,no (not latino or hispanic),white
4216511,63061,63061.0,63061.0,"$125,000 to $149,999",12th grade no diploma,hs graduate or ged,partner earned more,17,High,Less than HS,HS,1,2.0,Partner higher,,,,,34.0,"white, non-hispanic","white, non-hispanic","White, Non-Hispanic",no (not latino or hispanic),white
4218401,77756,77756.0,77756.0,"$100,000 to $124,999",bachelors degree,master's degree,i earned more,16,High,Bachelor's+,Bachelor's+,4,4.0,Same education level,,,,,19.0,"white, non-hispanic","white, non-hispanic","White, Non-Hispanic",no (not latino or hispanic),white
4219751,186840,186840.0,186840.0,"$75,000 to $84,999",bachelors degree,hs graduate or ged,i earned more,14,High,Bachelor's+,HS,4,2.0,Respondent higher,,,,,56.0,"white, non-hispanic","white, non-hispanic",,no (not latino or hispanic),white
4220781,91248,91248.0,91248.0,"$40,000 to $49,999",high school graduate - high school diploma or the equivalent (ged),hs graduate or ged,i earned more,11,Middle,HS,HS,2,2.0,Same education level,,,,,58.0,"white, non-hispanic","white, non-hispanic","White, Non-Hispanic",no (not latino or hispanic),refused
4221761,129983,129983.0,129983.0,"$60,000 to $74,999","some college, no degree","some college, no degree",i earned more,13,Middle,Some college,Some college,3,3.0,Same education level,,,,,59.0,"white, non-hispanic","white, non-hispanic","White, Non-Hispanic",no (not latino or hispanic),white
4222515,112801,112801.0,112801.0,"$25,000 to $29,999",high school graduate - high school diploma or the equivalent (ged),"some college, no degree",partner earned more,8,Low,HS,Some college,2,3.0,Partner higher,no,we broke up,,,2.5,"white, non-hispanic","white, non-hispanic","White, Non-Hispanic",no (not latino or hispanic),white
4223215,79488,,,"$175,000 or more",high school graduate - high school diploma or the equivalent (ged),,,19,High,HS,,2,,,,,,,,"white, non-hispanic","2+ races, non-hispanic","White, Non-Hispanic",,
4224431,33757,33757.0,33757.0,"$85,000 to $99,999","some college, no degree",master's degree,partner earned more,15,High,Some college,Bachelor's+,3,4.0,Partner higher,,,,,9.0,"white, non-hispanic","white, non-hispanic",,no (not latino or hispanic),white
4225433,29227,,,"$40,000 to $49,999",masters degree,,,11,Middle,Bachelor's+,,4,,,,,,,,"white, non-hispanic","white, non-hispanic",,,
4226275,67731,67731.0,67731.0,"$15,000 to $19,999",bachelors degree,bachelor's degree,partner earned more,6,Low,Bachelor's+,Bachelor's+,4,4.0,Same education level,,,yes,,1.5,"white, non-hispanic","white, non-hispanic","White, Non-Hispanic","yes, mexican, mexican american, chicano",other (please specify)
4227451,55338,55338.0,55338.0,"$50,000 to $59,999","some college, no degree",bachelor's degree,partner earned more,12,Middle,Some college,Bachelor's+,3,4.0,Partner higher,,,,,16.0,hispanic,hispanic,Hispanic,no (not latino or hispanic),white
4228671,160461,160461.0,160461.0,"$40,000 to $49,999",high school graduate - high school diploma or the equivalent (ged),master's degree,partner earned more,11,Middle,HS,Bachelor's+,2,4.0,Partner higher,,,,,29.0,"white, non-hispanic","white, non-hispanic","White, Non-Hispanic",no (not latino or hispanic),white
4229591,36429,36429.0,36429.0,"$40,000 to $49,999",masters degree,associate degree,i earned more,11,Middle,Bachelor's+,Some college,4,3.0,Respondent higher,,,,,,"white, non-hispanic","white, non-hispanic","White, Non-Hispanic",no (not latino or hispanic),white
4230633,56911,,,"$20,000 to $24,999",associate degree,,,7,Low,Some college,,3,,,,,,,,"white, non-hispanic","white, non-hispanic","White, Non-Hispanic",,
4231311,135632,135632.0,135632.0,"$60,000 to $74,999",bachelors degree,hs graduate or ged,i earned more,13,Middle,Bachelor's+,HS,4,2.0,Respondent higher,,,,,8.0,"white, non-hispanic","white, non-hispanic",,no (not latino or hispanic),white
4233321,93528,93528.0,93528.0,"$50,000 to $59,999",12th grade no diploma,hs graduate or ged,partner earned more,12,Middle,Less than HS,HS,1,2.0,Partner higher,,,,,11.0,hispanic,hispanic,Hispanic,"yes, mexican, mexican american, chicano",other (please specify)
4234601,30592,30592.0,30592.0,"$50,000 to $59,999",high school graduate - high school diploma or the equivalent (ged),hs graduate or ged,partner earned more,12,Middle,HS,HS,2,2.0,Same education level,,,,,20.0,"white, non-hispanic","white, non-hispanic","White, Non-Hispanic",no (not latino or hispanic),white
4235713,66780,,,"$10,000 to $12,499",high school graduate - high school diploma or the equivalent (ged),,,4,Low,HS,,2,,,,,,,,"black, non-hispanic","black, non-hispanic",,,
4236251,35522,35522.0,35522.0,"$75,000 to $84,999",9th grade,"some college, no degree",partner earned more,14,High,Less than HS,Some college,1,3.0,Partner higher,,,,,2.5,"white, non-hispanic","white, non-hispanic",,no (not latino or hispanic),white
4237501,85181,85181.0,85181.0,"$25,000 to $29,999","some college, no degree","some college, no degree",we earned about the same amount,8,Low,Some college,Some college,3,3.0,Same education level,,,,,1.5,"white, non-hispanic","white, non-hispanic","White, Non-Hispanic",no (not latino or hispanic),white
4238562,213191,,,"$50,000 to $59,999",bachelors degree,,,12,Middle,Bachelor's+,,4,,,,,,,,"white, non-hispanic","white, non-hispanic",,,
4239461,37064,37064.0,37064.0,"$85,000 to $99,999",associate degree,associate degree,we earned about the same amount,15,High,Some college,Some college,3,3.0,Same education level,,,,,9.0,"white, non-hispanic","white, non-hispanic","White, Non-Hispanic",no (not latino or hispanic),white
4240551,92184,92184.0,92184.0,"$35,000 to $39,999",high school graduate - high school diploma or the equivalent (ged),hs graduate or ged,i earned more,10,Low,HS,HS,2,2.0,Same education level,,,,,17.0,"white, non-hispanic","white, non-hispanic","White, Non-Hispanic",no (not latino or hispanic),white
4241205,38843,38843.0,38843.0,"$100,000 to $124,999","some college, no degree","some college, no degree",i earned more,16,High,Some college,Some college,3,3.0,Same education level,yes,,yes,,4.0,"white, non-hispanic","white, non-hispanic","White, Non-Hispanic",no (not latino or hispanic),white
4242391,91072,91072.0,91072.0,"$75,000 to $84,999","some college, no degree",bachelor's degree,partner earned more,14,High,Some college,Bachelor's+,3,4.0,Partner higher,,,,,22.0,hispanic,hispanic,Hispanic,no (not latino or hispanic),white
4244731,37898,37898.0,37898.0,"$40,000 to $49,999","some college, no degree","some college, no degree",we earned about the same amount,11,Middle,Some college,Some college,3,3.0,Same education level,,,,,0.45,"white, non-hispanic","white, non-hispanic","White, Non-Hispanic",no (not latino or hispanic),white
4245591,61386,61386.0,61386.0,"$60,000 to $74,999","some college, no degree",hs graduate or ged,partner earned more,13,Middle,Some college,HS,3,2.0,Respondent higher,,,,,36.0,hispanic,hispanic,Hispanic,no (not latino or hispanic),white
4246265,56629,,,"$12,500 to $14,999",masters degree,,,5,Low,Bachelor's+,,4,,,,,,,,"white, non-hispanic","white, non-hispanic","White, Non-Hispanic",,
4247671,11400,11400.0,11400.0,"$85,000 to $99,999",masters degree,bachelor's degree,i earned more,15,High,Bachelor's+,Bachelor's+,4,4.0,Same education level,,,,,47.0,"2+ races, non-hispanic","2+ races, non-hispanic","2+ Races, Non-Hispanic",no (not latino or hispanic),white
4248445,50720,,,"$25,000 to $29,999",bachelors degree,,,8,Low,Bachelor's+,,4,,,,,,,,"white, non-hispanic","white, non-hispanic","White, Non-Hispanic",,
4249751,35002,35002.0,35002.0,"$50,000 to $59,999",high school graduate - high school diploma or the equivalent (ged),hs graduate or ged,partner earned more,12,Middle,HS,HS,2,2.0,Same education level,,,,,55.0,"white, non-hispanic","white, non-hispanic",,no (not latino or hispanic),white
4250523,13855,,,"$60,000 to $74,999","some college, no degree",,,13,Middle,Some college,,3,,,,,,,,"white, non-hispanic",,,,
4251691,180689,180689.0,180689.0,"$40,000 to $49,999",high school graduate - high school diploma or the equivalent (ged),hs graduate or ged,partner earned more,11,Middle,HS,HS,2,2.0,Same education level,,,,,,"white, non-hispanic","white, non-hispanic",,no (not latino or hispanic),white
4252251,80032,80032.0,80032.0,"$35,000 to $39,999",bachelors degree,associate degree,i earned more,10,Low,Bachelor's+,Some college,4,3.0,Respondent higher,,,,,4.0,"white, non-hispanic","white, non-hispanic","White, Non-Hispanic",no (not latino or hispanic),white
4253681,92940,92940.0,92940.0,"$12,500 to $14,999",associate degree,hs graduate or ged,i earned more,5,Low,Some college,HS,3,2.0,Respondent higher,,,,,1.5,"white, non-hispanic","white, non-hispanic",,no (not latino or hispanic),white
4254681,12339,12339.0,12339.0,"$85,000 to $99,999",bachelors degree,hs graduate or ged,i earned more,15,High,Bachelor's+,HS,4,2.0,Respondent higher,,,,,36.0,"white, non-hispanic","white, non-hispanic","White, Non-Hispanic",no (not latino or hispanic),white
4255651,71395,71395.0,71395.0,"$60,000 to $74,999",high school graduate - high school diploma or the equivalent (ged),associate degree,i earned more,13,Middle,HS,Some college,2,3.0,Partner higher,,,,,44.0,"white, non-hispanic","white, non-hispanic","White, Non-Hispanic",no (not latino or hispanic),white
4256503,36752,36752.0,36752.0,"$50,000 to $59,999",bachelors degree,bachelor's degree,partner earned more,12,Middle,Bachelor's+,Bachelor's+,4,4.0,Same education level,yes,,no,We broke up,4.0,"white, non-hispanic","white, non-hispanic","White, Non-Hispanic",no (not latino or hispanic),white
4257453,37172,,,"$40,000 to $49,999",bachelors degree,,,11,Middle,Bachelor's+,,4,,,,,,,,"white, non-hispanic","white, non-hispanic",,,
4258275,109615,109615.0,109615.0,"$20,000 to $24,999","some college, no degree",associate degree,partner earned more,7,Low,Some college,Some college,3,3.0,Same education level,no,we broke up,,,0.15,"black, non-hispanic","black, non-hispanic","Black, Non-Hispanic","yes, puerto rican",other (please specify)
4259731,44684,44684.0,44684.0,"$30,000 to $34,999",high school graduate - high school diploma or the equivalent (ged),hs graduate or ged,i earned more,9,Low,HS,HS,2,2.0,Same education level,,,,,53.0,"white, non-hispanic","white, non-hispanic","White, Non-Hispanic",no (not latino or hispanic),white
4260742,264379,264379.0,264379.0,"$40,000 to $49,999","some college, no degree",master's degree,partner earned more,11,Middle,Some college,Bachelor's+,3,4.0,Partner higher,yes,,yes,,13.0,hispanic,hispanic,,no (not latino or hispanic),white
4261311,33335,33335.0,33335.0,"$60,000 to $74,999","some college, no degree",associate degree,we earned about the same amount,13,Middle,Some college,Some college,3,3.0,Same education level,,,,,7.0,"white, non-hispanic","white, non-hispanic","White, Non-Hispanic",no (not latino or hispanic),white
4262255,51464,51464.0,51464.0,"$20,000 to $24,999",bachelors degree,bachelor's degree,we earned about the same amount,7,Low,Bachelor's+,Bachelor's+,4,4.0,Same education level,yes,,yes,,0.45,"white, non-hispanic","white, non-hispanic","White, Non-Hispanic",no (not latino or hispanic),asian or pacific islander
4263381,34764,34764.0,34764.0,"$60,000 to $74,999",associate degree,hs graduate or ged,i earned more,13,Middle,Some college,HS,3,2.0,Respondent higher,,,,,14.0,"white, non-hispanic","white, non-hispanic","White, Non-Hispanic",no (not latino or hispanic),white
4264415,52182,,,"$50,000 to $59,999",high school graduate - high school diploma or the equivalent (ged),,,12,Middle,HS,,2,,,,,,,,"white, non-hispanic","white, non-hispanic",,,
4265461,60987,60987.0,60987.0,"$50,000 to $59,999",associate degree,hs graduate or ged,i earned more,12,Middle,Some college,HS,3,2.0,Respondent higher,,,,,20.0,hispanic,hispanic,Hispanic,no (not latino or hispanic),white
4266721,39857,39857.0,39857.0,"$35,000 to $39,999",high school graduate - high school diploma or the equivalent (ged),hs graduate or ged,i earned more,10,Low,HS,HS,2,2.0,Same education level,,,,,54.0,"white, non-hispanic",,,no (not latino or hispanic),white
4267494,67203,67203.0,67203.0,"$7,500 to $9,999",10th grade,11th grade,partner earned more,3,Low,Less than HS,Less than HS,1,1.0,Same education level,,,,,32.0,"black, non-hispanic","black, non-hispanic","Black, Non-Hispanic",no (not latino or hispanic),black or african american
4268195,179127,,,"$100,000 to $124,999","some college, no degree",,,16,High,Some college,,3,,,,,,,,"white, non-hispanic","white, non-hispanic",,,
4269595,107212,,,"$25,000 to $29,999",high school graduate - high school diploma or the equivalent (ged),,,8,Low,HS,,2,,,,,,,,"white, non-hispanic","white, non-hispanic","White, Non-Hispanic",,
4270851,75756,75756.0,75756.0,"$175,000 or more",high school graduate - high school diploma or the equivalent (ged),bachelor's degree,partner earned more,19,High,HS,Bachelor's+,2,4.0,Partner higher,,,,,66.0,"white, non-hispanic","white, non-hispanic","White, Non-Hispanic",no (not latino or hispanic),white
4271215,264379,264379.0,264379.0,"$75,000 to $84,999",associate degree,11th grade,i earned more,14,High,Some college,Less than HS,3,1.0,Respondent higher,yes,,no,We broke up,1.5,hispanic,hispanic,Hispanic,no (not latino or hispanic),white
4273411,29015,29015.0,29015.0,"$30,000 to $34,999",10th grade,"some college, no degree",partner earned more,9,Low,Less than HS,Some college,1,3.0,Partner higher,,,,,20.0,"white, non-hispanic","white, non-hispanic","White, Non-Hispanic",no (not latino or hispanic),white
4274443,26057,26057.0,26057.0,"$30,000 to $34,999",high school graduate - high school diploma or the equivalent (ged),hs graduate or ged,i earned more,9,Low,HS,HS,2,2.0,Same education level,yes,,no,We broke up,0.45,"2+ races, non-hispanic","2+ races, non-hispanic","2+ Races, Non-Hispanic",no (not latino or hispanic),white
4275581,91911,91911.0,91911.0,"$150,000 to $174,999",bachelors degree,bachelor's degree,we earned about the same amount,18,High,Bachelor's+,Bachelor's+,4,4.0,Same education level,,,,,34.0,hispanic,hispanic,Hispanic,"yes, other latino/hispanic",other (please specify)
4276672,69877,,,"$25,000 to $29,999",high school graduate - high school diploma or the equivalent (ged),,,8,Low,HS,,2,,,,,,,,"white, non-hispanic","white, non-hispanic","White, Non-Hispanic",,
4277553,206717,206717.0,206717.0,"$10,000 to $12,499","some college, no degree",hs graduate or ged,we earned about the same amount,4,Low,Some college,HS,3,2.0,Respondent higher,no,we broke up,,,6.0,"white, non-hispanic","white, non-hispanic",,no (not latino or hispanic),white
4278431,28133,28133.0,28133.0,"$150,000 to $174,999",bachelors degree,bachelor's degree,partner earned more,18,High,Bachelor's+,Bachelor's+,4,4.0,Same education level,,,,,25.0,"white, non-hispanic","white, non-hispanic","White, Non-Hispanic",no (not latino or hispanic),white
4279525,82122,,,"$60,000 to $74,999",bachelors degree,,,13,Middle,Bachelor's+,,4,,,,,,,,"black, non-hispanic","black, non-hispanic","Black, Non-Hispanic",,
4280781,52778,52778.0,52778.0,"$20,000 to $24,999",high school graduate - high school diploma or the equivalent (ged),"some college, no degree",we earned about the same amount,7,Low,HS,Some college,2,3.0,Partner higher,,,,,55.0,"white, non-hispanic","white, non-hispanic","White, Non-Hispanic",no (not latino or hispanic),white
4281244,40398,40398.0,40398.0,"$50,000 to $59,999",high school graduate - high school diploma or the equivalent (ged),hs graduate or ged,partner earned more,12,Middle,HS,HS,2,2.0,Same education level,yes,,yes,,0.05,hispanic,hispanic,Hispanic,no (not latino or hispanic),white
4284351,13908,13908.0,13908.0,"$40,000 to $49,999","some college, no degree",bachelor's degree,i earned more,11,Middle,Some college,Bachelor's+,3,4.0,Partner higher,,,,,9.0,"white, non-hispanic","white, non-hispanic","White, Non-Hispanic",no (not latino or hispanic),white
4285395,54461,54461.0,54461.0,"$10,000 to $12,499",high school graduate - high school diploma or the equivalent (ged),hs graduate or ged,we earned about the same amount,4,Low,HS,HS,2,2.0,Same education level,no,other (please describe),,,7.0,"white, non-hispanic","white, non-hispanic","White, Non-Hispanic",no (not latino or hispanic),white
4287561,35984,35984.0,35984.0,"$40,000 to $49,999",10th grade,associate degree,partner earned more,11,Middle,Less than HS,Some college,1,3.0,Partner higher,,,,,30.0,"white, non-hispanic","white, non-hispanic","White, Non-Hispanic",no (not latino or hispanic),white
4288421,68961,68961.0,68961.0,"$40,000 to $49,999",high school graduate - high school diploma or the equivalent (ged),hs graduate or ged,i earned more,11,Middle,HS,HS,2,2.0,Same education level,,,,,24.0,"white, non-hispanic","white, non-hispanic","White, Non-Hispanic",no (not latino or hispanic),white
4289621,122366,122366.0,122366.0,"$40,000 to $49,999",bachelors degree,hs graduate or ged,i earned more,11,Middle,Bachelor's+,HS,4,2.0,Respondent higher,,,,,39.0,"white, non-hispanic","white, non-hispanic","White, Non-Hispanic",no (not latino or hispanic),white
4290441,87777,87777.0,87777.0,"$40,000 to $49,999",associate degree,bachelor's degree,i earned more,11,Middle,Some college,Bachelor's+,3,4.0,Partner higher,,,,,11.0,"white, non-hispanic","white, non-hispanic",,no (not latino or hispanic),white
4291361,176235,176235.0,176235.0,"$15,000 to $19,999","some college, no degree",hs graduate or ged,partner earned more,6,Low,Some college,HS,3,2.0,Respondent higher,,,,,17.0,"white, non-hispanic","white, non-hispanic",,no (not latino or hispanic),white
4292206,56872,,,"$40,000 to $49,999",high school graduate - high school diploma or the equivalent (ged),,,11,Middle,HS,,2,,,,,,,,"black, non-hispanic","black, non-hispanic",,,
4293435,64551,64551.0,64551.0,"$12,500 to $14,999",high school graduate - high school diploma or the equivalent (ged),hs graduate or ged,we earned about the same amount,5,Low,HS,HS,2,2.0,Same education level,yes,,yes,,13.0,"black, non-hispanic","black, non-hispanic","Black, Non-Hispanic",no (not latino or hispanic),black or african american
4294205,119689,,,"$60,000 to $74,999",12th grade no diploma,,,13,Middle,Less than HS,,1,,,,,,,,"white, non-hispanic","white, non-hispanic","White, Non-Hispanic",,
4295471,90780,90780.0,90780.0,"$60,000 to $74,999",high school graduate - high school diploma or the equivalent (ged),"some college, no degree",i earned more,13,Middle,HS,Some college,2,3.0,Partner higher,,,,,24.0,"white, non-hispanic","white, non-hispanic",,no (not latino or hispanic),white
4296483,148204,,,"$60,000 to $74,999","some college, no degree",,,13,Middle,Some college,,3,,,,,,,,"white, non-hispanic","white, non-hispanic",,,
4297541,45010,45010.0,45010.0,"$60,000 to $74,999",high school graduate - high school diploma or the equivalent (ged),"some college, no degree",partner earned more,13,Middle,HS,Some college,2,3.0,Partner higher,,,,,37.0,"white, non-hispanic","white, non-hispanic","White, Non-Hispanic",no (not latino or hispanic),white
4298443,20405,,,"$85,000 to $99,999",bachelors degree,,,15,High,Bachelor's+,,4,,,,,,,,"white, non-hispanic","white, non-hispanic","White, Non-Hispanic",,
4299381,38921,38921.0,38921.0,"$75,000 to $84,999",masters degree,"some college, no degree",i earned more,14,High,Bachelor's+,Some college,4,3.0,Respondent higher,,,,,18.0,"white, non-hispanic","white, non-hispanic","White, Non-Hispanic",no (not latino or hispanic),white
4300261,58234,58234.0,58234.0,"$25,000 to $29,999",bachelors degree,bachelor's degree,i earned more,8,Low,Bachelor's+,Bachelor's+,4,4.0,Same education level,,,,,9.0,"white, non-hispanic","white, non-hispanic","White, Non-Hispanic",no (not latino or hispanic),white
4301465,34312,,,"$50,000 to $59,999",masters degree,,,12,Middle,Bachelor's+,,4,,,,,,,,"white, non-hispanic","white, non-hispanic","White, Non-Hispanic",,
4302361,120994,120994.0,120994.0,"$35,000 to $39,999",bachelors degree,"some college, no degree",i earned more,10,Low,Bachelor's+,Some college,4,3.0,Respondent higher,,,,,12.0,"black, non-hispanic","black, non-hispanic","Black, Non-Hispanic",no (not latino or hispanic),black or african american
4304205,47111,,,"$175,000 or more","some college, no degree",,,19,High,Some college,,3,,,,,,,,"white, non-hispanic","white, non-hispanic","White, Non-Hispanic",,
4305691,36664,36664.0,36664.0,"$50,000 to $59,999","some college, no degree","some college, no degree",partner earned more,12,Middle,Some college,Some college,3,3.0,Same education level,,,,,55.0,"white, non-hispanic","white, non-hispanic","White, Non-Hispanic",no (not latino or hispanic),white
4306371,41958,41958.0,41958.0,"$25,000 to $29,999","some college, no degree",hs graduate or ged,i earned more,8,Low,Some college,HS,3,2.0,Respondent higher,,,,,2.5,"white, non-hispanic","white, non-hispanic",,no (not latino or hispanic),white
4307423,212339,212339.0,212339.0,"$15,000 to $19,999",12th grade no diploma,hs graduate or ged,partner earned more,6,Low,Less than HS,HS,1,2.0,Partner higher,yes,,yes,,12.0,"other, non-hispanic","other, non-hispanic","Other, Non-Hispanic",no (not latino or hispanic),"american indian, aleut, or eskimo"
4308551,49611,49611.0,49611.0,"$50,000 to $59,999",high school graduate - high school diploma or the equivalent (ged),"some college, no degree",partner earned more,12,Middle,HS,Some college,2,3.0,Partner higher,,,,,31.0,"white, non-hispanic","white, non-hispanic","White, Non-Hispanic",no (not latino or hispanic),white
4309505,92094,,,"$25,000 to $29,999",high school graduate - high school diploma or the equivalent (ged),,,8,Low,HS,,2,,,,,,,,"white, non-hispanic","white, non-hispanic",,,
4312325,43234,43234.0,43234.0,"$30,000 to $34,999","some college, no degree",11th grade,i earned more,9,Low,Some college,Less than HS,3,1.0,Respondent higher,yes,,yes,,1.5,"white, non-hispanic","white, non-hispanic","White, Non-Hispanic",no (not latino or hispanic),white
4313491,67719,67719.0,67719.0,"$20,000 to $24,999",12th grade no diploma,10th grade,i earned more,7,Low,Less than HS,Less than HS,1,1.0,Same education level,,,,,20.0,"white, non-hispanic","white, non-hispanic","White, Non-Hispanic",no (not latino or hispanic),white
4314411,39746,39746.0,39746.0,"$50,000 to $59,999",bachelors degree,"some college, no degree",i earned more,12,Middle,Bachelor's+,Some college,4,3.0,Respondent higher,,,,,6.0,"white, non-hispanic","white, non-hispanic","White, Non-Hispanic",no (not latino or hispanic),white
4315281,86770,86770.0,86770.0,"$50,000 to $59,999","some college, no degree",hs graduate or ged,i earned more,12,Middle,Some college,HS,3,2.0,Respondent higher,,,,,4.0,"white, non-hispanic","white, non-hispanic","White, Non-Hispanic",no (not latino or hispanic),white
4316396,143791,143791.0,143791.0,"$20,000 to $24,999",high school graduate - high school diploma or the equivalent (ged),10th grade,partner earned more,7,Low,HS,Less than HS,2,1.0,Respondent higher,yes,,yes,,14.0,"white, non-hispanic","white, non-hispanic","White, Non-Hispanic",no (not latino or hispanic),white
4317556,18711,18711.0,18711.0,"$30,000 to $34,999",9th grade,professional or doctorate degree,partner earned more,9,Low,Less than HS,Bachelor's+,1,4.0,Partner higher,yes,,yes,,8.0,"2+ races, non-hispanic","other, non-hispanic","Other, Non-Hispanic",no (not latino or hispanic),white
4318573,13377,13377.0,13377.0,"$12,500 to $14,999",11th grade,"some college, no degree",partner earned more,5,Low,Less than HS,Some college,1,3.0,Partner higher,,,,,4.0,"2+ races, non-hispanic","2+ races, non-hispanic","Other, Non-Hispanic",no (not latino or hispanic),white
4319416,41119,41119.0,41119.0,"$75,000 to $84,999","some college, no degree",associate degree,we earned about the same amount,14,High,Some college,Some college,3,3.0,Same education level,yes,,yes,,2.5,"white, non-hispanic","white, non-hispanic","White, Non-Hispanic",no (not latino or hispanic),white
4320771,40020,40020.0,40020.0,"$75,000 to $84,999",high school graduate - high school diploma or the equivalent (ged),associate degree,partner earned more,14,High,HS,Some college,2,3.0,Partner higher,,,,,59.0,"white, non-hispanic","white, non-hispanic","White, Non-Hispanic",no (not latino or hispanic),white
4321381,36354,36354.0,36354.0,"$75,000 to $84,999",bachelors degree,bachelor's degree,partner earned more,14,High,Bachelor's+,Bachelor's+,4,4.0,Same education level,,,,,11.0,"white, non-hispanic","white, non-hispanic","White, Non-Hispanic",no (not latino or hispanic),white
4322543,80125,80125.0,80125.0,"$40,000 to $49,999",high school graduate - high school diploma or the equivalent (ged),hs graduate or ged,partner earned more,11,Middle,HS,HS,2,2.0,Same education level,yes,,yes,,6.0,"white, non-hispanic","white, non-hispanic","White, Non-Hispanic",no (not latino or hispanic),white
4323515,41015,,,"$15,000 to $19,999","some college, no degree",,,6,Low,Some college,,3,,,,,,,,"white, non-hispanic","white, non-hispanic",,,
4324731,137609,137609.0,137609.0,"$50,000 to $59,999",9th grade,hs graduate or ged,partner earned more,12,Middle,Less than HS,HS,1,2.0,Partner higher,,,,,24.0,"white, non-hispanic","white, non-hispanic",,no (not latino or hispanic),asian or pacific islander
4325255,76947,76947.0,76947.0,"$60,000 to $74,999",associate degree,"some college, no degree",i earned more,13,Middle,Some college,Some college,3,3.0,Same education level,,,yes,,1.5,"black, non-hispanic","black, non-hispanic",,no (not latino or hispanic),black or african american
4327613,116745,,,"$100,000 to $124,999",professional or doctorate degree,,,16,High,Bachelor's+,,4,,,,,,,,"white, non-hispanic","white, non-hispanic","White, Non-Hispanic",,
4328571,45571,45571.0,45571.0,"$75,000 to $84,999",bachelors degree,hs graduate or ged,i earned more,14,High,Bachelor's+,HS,4,2.0,Respondent higher,,,,,10.0,"white, non-hispanic","white, non-hispanic","White, Non-Hispanic",no (not latino or hispanic),white
4329541,117581,117581.0,117581.0,"$85,000 to $99,999",11th grade,hs graduate or ged,we earned about the same amount,15,High,Less than HS,HS,1,2.0,Partner higher,,,,,31.0,"white, non-hispanic","white, non-hispanic","White, Non-Hispanic",no (not latino or hispanic),white
4330621,83698,83698.0,83698.0,"$85,000 to $99,999",high school graduate - high school diploma or the equivalent (ged),12th grade no diploma,partner earned more,15,High,HS,Less than HS,2,1.0,Respondent higher,,,,,29.0,"white, non-hispanic","white, non-hispanic","White, Non-Hispanic",no (not latino or hispanic),white
4331731,21527,21527.0,21527.0,"$30,000 to $34,999","some college, no degree",12th grade no diploma,i earned more,9,Low,Some college,Less than HS,3,1.0,Respondent higher,,,,,54.0,"white, non-hispanic","white, non-hispanic","White, Non-Hispanic",no (not latino or hispanic),white
4332581,181166,181166.0,181166.0,"$150,000 to $174,999",professional or doctorate degree,bachelor's degree,i earned more,18,High,Bachelor's+,Bachelor's+,4,4.0,Same education level,,,,,25.0,"white, non-hispanic","white, non-hispanic","White, Non-Hispanic",no (not latino or hispanic),white
4333481,65909,65909.0,65909.0,"$85,000 to $99,999","some college, no degree",bachelor's degree,we earned about the same amount,15,High,Some college,Bachelor's+,3,4.0,Partner higher,,,,,10.0,"white, non-hispanic","white, non-hispanic","White, Non-Hispanic",no (not latino or hispanic),white
4334513,45722,45722.0,45722.0,"$12,500 to $14,999",high school graduate - high school diploma or the equivalent (ged),10th grade,i earned more,5,Low,HS,Less than HS,2,1.0,Respondent higher,yes,,yes,,21.0,"white, non-hispanic","white, non-hispanic",,no (not latino or hispanic),white
4335822,30925,30925.0,30925.0,"$40,000 to $49,999","some college, no degree",hs graduate or ged,partner earned more,11,Middle,Some college,HS,3,2.0,Respondent higher,,,,,63.0,"white, non-hispanic","white, non-hispanic",,no (not latino or hispanic),white
4336615,67396,,,"$20,000 to $24,999",high school graduate - high school diploma or the equivalent (ged),,,7,Low,HS,,2,,,,,,,,"white, non-hispanic","white, non-hispanic","White, Non-Hispanic",,
4337643,137878,,,"$5,000 to $7,499",12th grade no diploma,,,2,Low,Less than HS,,1,,,,,,,,"black, non-hispanic","black, non-hispanic","Black, Non-Hispanic",,
4338683,47266,,,"$20,000 to $24,999",high school graduate - high school diploma or the equivalent (ged),,,7,Low,HS,,2,,,,,,,,"white, non-hispanic","white, non-hispanic","White, Non-Hispanic",,
4340431,33921,33921.0,33921.0,"$75,000 to $84,999",masters degree,associate degree,i earned more,14,High,Bachelor's+,Some college,4,3.0,Respondent higher,,,,,,"white, non-hispanic","white, non-hispanic",,no (not latino or hispanic),white
4341503,12704,,,"$30,000 to $34,999",high school graduate - high school diploma or the equivalent (ged),,,9,Low,HS,,2,,,,,,,,"2+ races, non-hispanic","2+ races, non-hispanic","2+ Races, Non-Hispanic",,
4342712,92219,,,"$5,000 to $7,499",11th grade,,,2,Low,Less than HS,,1,,,,,,,,"white, non-hispanic","white, non-hispanic",,,
4343316,67358,67358.0,67358.0,"$35,000 to $39,999",bachelors degree,bachelor's degree,i earned more,10,Low,Bachelor's+,Bachelor's+,4,4.0,Same education level,yes,,yes,,1.5,"other, non-hispanic","other, non-hispanic","Other, Non-Hispanic","yes, mexican, mexican american, chicano",white
4344621,44542,44542.0,44542.0,"$60,000 to $74,999",bachelors degree,bachelor's degree,i earned more,13,Middle,Bachelor's+,Bachelor's+,4,4.0,Same education level,,,,,39.0,"white, non-hispanic","white, non-hispanic","White, Non-Hispanic",no (not latino or hispanic),white
4346371,69832,69832.0,69832.0,"$85,000 to $99,999","some college, no degree","some college, no degree",i earned more,15,High,Some college,Some college,3,3.0,Same education level,,,,,20.0,"white, non-hispanic","white, non-hispanic","White, Non-Hispanic",no (not latino or hispanic),white
4347515,80664,,,"$5,000 to $7,499",masters degree,,,2,Low,Bachelor's+,,4,,,,,,,,"white, non-hispanic","white, non-hispanic","White, Non-Hispanic",,
4349761,44942,44942.0,44942.0,"$35,000 to $39,999",high school graduate - high school diploma or the equivalent (ged),hs graduate or ged,partner earned more,10,Low,HS,HS,2,2.0,Same education level,,,,,60.0,"white, non-hispanic","white, non-hispanic",,no (not latino or hispanic),white
4350661,87716,87716.0,87716.0,"$50,000 to $59,999",high school graduate - high school diploma or the equivalent (ged),"some college, no degree",i earned more,12,Middle,HS,Some college,2,3.0,Partner higher,,,,,44.0,"white, non-hispanic","white, non-hispanic","White, Non-Hispanic",no (not latino or hispanic),white
4353411,37708,37708.0,37708.0,"$85,000 to $99,999",bachelors degree,hs graduate or ged,i earned more,15,High,Bachelor's+,HS,4,2.0,Respondent higher,,,,,18.0,"white, non-hispanic","white, non-hispanic","White, Non-Hispanic",no (not latino or hispanic),white
4354641,73336,73336.0,73336.0,"$40,000 to $49,999",high school graduate - high school diploma or the equivalent (ged),hs graduate or ged,we earned about the same amount,11,Middle,HS,HS,2,2.0,Same education level,,,,,48.0,hispanic,hispanic,Hispanic,no (not latino or hispanic),white
4355611,38707,38707.0,38707.0,"$60,000 to $74,999","some college, no degree","some college, no degree",i earned more,13,Middle,Some college,Some college,3,3.0,Same education level,,,,,39.0,"white, non-hispanic","white, non-hispanic","White, Non-Hispanic",no (not latino or hispanic),white
4356205,214703,214703.0,214703.0,"$20,000 to $24,999",high school graduate - high school diploma or the equivalent (ged),11th grade,i earned more,7,Low,HS,Less than HS,2,1.0,Respondent higher,yes,,yes,,0.15,"white, non-hispanic","white, non-hispanic","White, Non-Hispanic",no (not latino or hispanic),white
4357682,72788,,,"$10,000 to $12,499",high school graduate - high school diploma or the equivalent (ged),,,4,Low,HS,,2,,,,,,,,"white, non-hispanic","white, non-hispanic",,,
4358431,33704,33704.0,33704.0,"$85,000 to $99,999",associate degree,associate degree,partner earned more,15,High,Some college,Some college,3,3.0,Same education level,,,,,27.0,"white, non-hispanic","white, non-hispanic",,no (not latino or hispanic),white
4359391,48005,48005.0,48005.0,"$85,000 to $99,999",high school graduate - high school diploma or the equivalent (ged),"some college, no degree",i earned more,15,High,HS,Some college,2,3.0,Partner higher,,,,,23.0,"white, non-hispanic","white, non-hispanic",,no (not latino or hispanic),white
4360494,46305,46305.0,46305.0,"$50,000 to $59,999",high school graduate - high school diploma or the equivalent (ged),hs graduate or ged,partner earned more,12,Middle,HS,HS,2,2.0,Same education level,,,,,16.0,"black, non-hispanic","black, non-hispanic","Black, Non-Hispanic",no (not latino or hispanic),black or african american
4361581,52919,52919.0,52919.0,"$85,000 to $99,999",high school graduate - high school diploma or the equivalent (ged),associate degree,partner earned more,15,High,HS,Some college,2,3.0,Partner higher,,,,,40.0,"white, non-hispanic","white, non-hispanic","White, Non-Hispanic",no (not latino or hispanic),white
4362533,155103,155103.0,155103.0,"$50,000 to $59,999","some college, no degree",hs graduate or ged,i earned more,12,Middle,Some college,HS,3,2.0,Respondent higher,yes,,yes,,6.0,"white, non-hispanic","white, non-hispanic","White, Non-Hispanic","yes, mexican, mexican american, chicano",other (please specify)
4363503,48938,,,"$7,500 to $9,999",high school graduate - high school diploma or the equivalent (ged),,,3,Low,HS,,2,,,,,,,,"white, non-hispanic","white, non-hispanic",,,
4364852,89313,89313.0,89313.0,"$15,000 to $19,999",high school graduate - high school diploma or the equivalent (ged),hs graduate or ged,partner earned more,6,Low,HS,HS,2,2.0,Same education level,,,no,Other (please describe),4.0,"white, non-hispanic","white, non-hispanic",,no (not latino or hispanic),white
4365483,31675,31675.0,31675.0,"$60,000 to $74,999",masters degree,associate degree,we earned about the same amount,13,Middle,Bachelor's+,Some college,4,3.0,Respondent higher,yes,,no,Other (please describe),7.0,"white, non-hispanic","white, non-hispanic",,no (not latino or hispanic),other (please specify)
4366752,72751,72751.0,72751.0,"$15,000 to $19,999",high school graduate - high school diploma or the equivalent (ged),10th grade,partner earned more,6,Low,HS,Less than HS,2,1.0,Respondent higher,,,,,58.0,"white, non-hispanic","white, non-hispanic","White, Non-Hispanic",no (not latino or hispanic),white
4367541,34392,34392.0,34392.0,"$125,000 to $149,999",masters degree,bachelor's degree,we earned about the same amount,17,High,Bachelor's+,Bachelor's+,4,4.0,Same education level,,,,,36.0,"white, non-hispanic","white, non-hispanic","White, Non-Hispanic",no (not latino or hispanic),white
4368281,52508,52508.0,52508.0,"$50,000 to $59,999",masters degree,bachelor's degree,partner earned more,12,Middle,Bachelor's+,Bachelor's+,4,4.0,Same education level,,,,,6.0,"white, non-hispanic","white, non-hispanic","White, Non-Hispanic",no (not latino or hispanic),white
4369762,38218,,,"$20,000 to $24,999",10th grade,,,7,Low,Less than HS,,1,,,,,,,,"white, non-hispanic","white, non-hispanic",,,
4370581,94665,94665.0,94665.0,"$60,000 to $74,999","some college, no degree",hs graduate or ged,partner earned more,13,Middle,Some college,HS,3,2.0,Respondent higher,,,,,40.0,"white, non-hispanic","white, non-hispanic","White, Non-Hispanic",no (not latino or hispanic),white
4371446,25260,25260.0,25260.0,"$85,000 to $99,999","some college, no degree","some college, no degree",i earned more,15,High,Some college,Some college,3,3.0,Same education level,yes,,yes,,9.0,"white, non-hispanic","2+ races, non-hispanic","White, Non-Hispanic",no (not latino or hispanic),white
4372371,65190,65190.0,65190.0,"$85,000 to $99,999",masters degree,master's degree,partner earned more,15,High,Bachelor's+,Bachelor's+,4,4.0,Same education level,,,,,18.0,"other, non-hispanic","other, non-hispanic","Other, Non-Hispanic",no (not latino or hispanic),white
4373503,175032,,,"$5,000 to $7,499",high school graduate - high school diploma or the equivalent (ged),,,2,Low,HS,,2,,,,,,,,"black, non-hispanic","black, non-hispanic","Black, Non-Hispanic",,
4374722,43386,,,"$15,000 to $19,999",bachelors degree,,,6,Low,Bachelor's+,,4,,,,,,,,"white, non-hispanic","white, non-hispanic","White, Non-Hispanic",,
4377571,29953,29953.0,29953.0,"$20,000 to $24,999",high school graduate - high school diploma or the equivalent (ged),7th or 8th grade,partner earned more,7,Low,HS,Less than HS,2,1.0,Respondent higher,,,,,39.0,"2+ races, non-hispanic","2+ races, non-hispanic","White, Non-Hispanic",no (not latino or hispanic),"american indian, aleut, or eskimo"
4378411,21581,21581.0,21581.0,"$100,000 to $124,999",bachelors degree,bachelor's degree,i earned more,16,High,Bachelor's+,Bachelor's+,4,4.0,Same education level,,,,,19.0,"white, non-hispanic","white, non-hispanic","White, Non-Hispanic",no (not latino or hispanic),white
4379691,133948,133948.0,133948.0,"$60,000 to $74,999",high school graduate - high school diploma or the equivalent (ged),hs graduate or ged,partner earned more,13,Middle,HS,HS,2,2.0,Same education level,,,,,,"white, non-hispanic","white, non-hispanic",,no (not latino or hispanic),white
4380441,121627,121627.0,121627.0,"$40,000 to $49,999","some college, no degree","some college, no degree",i earned more,11,Middle,Some college,Some college,3,3.0,Same education level,,,,,24.0,"white, non-hispanic","white, non-hispanic",,no (not latino or hispanic),white
4381301,42800,42800.0,42800.0,"$40,000 to $49,999",bachelors degree,bachelor's degree,partner earned more,11,Middle,Bachelor's+,Bachelor's+,4,4.0,Same education level,,,,,12.0,"white, non-hispanic","white, non-hispanic","White, Non-Hispanic",no (not latino or hispanic),white
4382215,18903,18903.0,18903.0,"$100,000 to $124,999","some college, no degree","some college, no degree",we earned about the same amount,16,High,Some college,Some college,3,3.0,Same education level,yes,,no,We broke up,1.5,"2+ races, non-hispanic","white, non-hispanic","White, Non-Hispanic",no (not latino or hispanic),white
4384351,139411,139411.0,139411.0,"$60,000 to $74,999",bachelors degree,"some college, no degree",i earned more,13,Middle,Bachelor's+,Some college,4,3.0,Respondent higher,,,,,8.0,"white, non-hispanic","white, non-hispanic","White, Non-Hispanic",no (not latino or hispanic),other (please specify)
4386461,86086,86086.0,86086.0,"$85,000 to $99,999",7th or 8th grade,professional or doctorate degree,i earned more,15,High,Less than HS,Bachelor's+,1,4.0,Partner higher,,,,,25.0,hispanic,hispanic,Hispanic,"yes, mexican, mexican american, chicano",other (please specify)
4387521,19697,19697.0,19697.0,"$85,000 to $99,999","some college, no degree","some college, no degree",i earned more,15,High,Some college,Some college,3,3.0,Same education level,,,,,25.0,"white, non-hispanic","white, non-hispanic","White, Non-Hispanic",no (not latino or hispanic),white
4388561,18968,18968.0,18968.0,"$175,000 or more","some college, no degree",master's degree,partner earned more,19,High,Some college,Bachelor's+,3,4.0,Partner higher,,,,,33.0,"white, non-hispanic",,"White, Non-Hispanic",no (not latino or hispanic),white
4389802,143777,,,"$30,000 to $34,999",10th grade,,,9,Low,Less than HS,,1,,,,,,,,"white, non-hispanic","white, non-hispanic",,,
4390521,57536,57536.0,57536.0,"$100,000 to $124,999",high school graduate - high school diploma or the equivalent (ged),"some college, no degree",we earned about the same amount,16,High,HS,Some college,2,3.0,Partner higher,,,,,5.0,"white, non-hispanic","white, non-hispanic","White, Non-Hispanic",no (not latino or hispanic),white
4391652,33181,,,"$30,000 to $34,999","some college, no degree",,,9,Low,Some college,,3,,,,,,,,"white, non-hispanic","white, non-hispanic",,,
4393942,123637,123637.0,123637.0,"$20,000 to $24,999",high school graduate - high school diploma or the equivalent (ged),hs graduate or ged,i earned more,7,Low,HS,HS,2,2.0,Same education level,,,,,66.0,"white, non-hispanic","white, non-hispanic",,no (not latino or hispanic),white
4394621,42671,42671.0,42671.0,"$75,000 to $84,999",high school graduate - high school diploma or the equivalent (ged),hs graduate or ged,i earned more,14,High,HS,HS,2,2.0,Same education level,,,,,47.0,"white, non-hispanic","white, non-hispanic","White, Non-Hispanic",no (not latino or hispanic),white
4395551,160906,160906.0,160906.0,"$100,000 to $124,999",masters degree,bachelor's degree,i earned more,16,High,Bachelor's+,Bachelor's+,4,4.0,Same education level,,,,,19.0,"white, non-hispanic","white, non-hispanic","White, Non-Hispanic",no (not latino or hispanic),white
4396575,67264,,,"$50,000 to $59,999",high school graduate - high school diploma or the equivalent (ged),,,12,Middle,HS,,2,,,,,,,,"white, non-hispanic","white, non-hispanic",,,
4398711,71766,71766.0,71766.0,"$40,000 to $49,999",12th grade no diploma,hs graduate or ged,i earned more,11,Middle,Less than HS,HS,1,2.0,Partner higher,,,,,52.0,"white, non-hispanic","white, non-hispanic","White, Non-Hispanic",no (not latino or hispanic),white
4399291,57728,57728.0,57728.0,"$40,000 to $49,999","some college, no degree","some college, no degree",partner earned more,11,Middle,Some college,Some college,3,3.0,Same education level,,,,,10.0,hispanic,hispanic,Hispanic,"yes, mexican, mexican american, chicano",other (please specify)
4400415,47445,,,"less than $5,000","some college, no degree",,,1,Low,Some college,,3,,,,,,,,"white, non-hispanic","white, non-hispanic",,,
4401631,51843,51843.0,51843.0,"$40,000 to $49,999",high school graduate - high school diploma or the equivalent (ged),"some college, no degree",i earned more,11,Middle,HS,Some college,2,3.0,Partner higher,,,,,21.0,"white, non-hispanic","white, non-hispanic",,no (not latino or hispanic),white
4402581,141243,141243.0,141243.0,"$100,000 to $124,999",masters degree,master's degree,partner earned more,16,High,Bachelor's+,Bachelor's+,4,4.0,Same education level,,,,,42.0,"white, non-hispanic","white, non-hispanic","White, Non-Hispanic",no (not latino or hispanic),white
4403543,37934,37934.0,37934.0,"$20,000 to $24,999",10th grade,hs graduate or ged,i earned more,7,Low,Less than HS,HS,1,2.0,Partner higher,yes,,yes,,6.0,"white, non-hispanic","white, non-hispanic","White, Non-Hispanic",no (not latino or hispanic),white
4404205,145774,,,"$100,000 to $124,999","some college, no degree",,,16,High,Some college,,3,,,,,,,,"other, non-hispanic","other, non-hispanic","Other, Non-Hispanic",,
4405615,94672,94672.0,94672.0,"$35,000 to $39,999",high school graduate - high school diploma or the equivalent (ged),hs graduate or ged,we earned about the same amount,10,Low,HS,HS,2,2.0,Same education level,yes,,yes,,2.5,"white, non-hispanic","white, non-hispanic","White, Non-Hispanic",no (not latino or hispanic),white
4406731,27081,27081.0,27081.0,"$50,000 to $59,999",professional or doctorate degree,bachelor's degree,partner earned more,12,Middle,Bachelor's+,Bachelor's+,4,4.0,Same education level,,,,,42.0,"white, non-hispanic","white, non-hispanic","White, Non-Hispanic",no (not latino or hispanic),white
4407852,56677,,,"$25,000 to $29,999","some college, no degree",,,8,Low,Some college,,3,,,,,,,,hispanic,hispanic,,,
4408851,120708,120708.0,120708.0,"$30,000 to $34,999",high school graduate - high school diploma or the equivalent (ged),hs graduate or ged,i earned more,9,Low,HS,HS,2,2.0,Same education level,,,,,25.0,"white, non-hispanic","white, non-hispanic",,no (not latino or hispanic),white
4409781,104816,104816.0,104816.0,"$30,000 to $34,999",11th grade,hs graduate or ged,we earned about the same amount,9,Low,Less than HS,HS,1,2.0,Partner higher,,,,,58.0,"white, non-hispanic","white, non-hispanic","White, Non-Hispanic",no (not latino or hispanic),white
4410575,108170,,,"$15,000 to $19,999",bachelors degree,,,6,Low,Bachelor's+,,4,,,,,,,,"white, non-hispanic","white, non-hispanic","White, Non-Hispanic",,
4411536,1324,1324.0,1324.0,"$175,000 or more",professional or doctorate degree,master's degree,we earned about the same amount,19,High,Bachelor's+,Bachelor's+,4,4.0,Same education level,yes,,yes,,24.0,"white, non-hispanic","white, non-hispanic","White, Non-Hispanic",no (not latino or hispanic),white
4412621,48157,48157.0,48157.0,"$85,000 to $99,999",masters degree,bachelor's degree,we earned about the same amount,15,High,Bachelor's+,Bachelor's+,4,4.0,Same education level,,,,,41.0,"white, non-hispanic","white, non-hispanic","White, Non-Hispanic",no (not latino or hispanic),white
4413493,31419,31419.0,31419.0,"$60,000 to $74,999",bachelors degree,hs graduate or ged,refused,13,Middle,Bachelor's+,HS,4,2.0,Respondent higher,yes,,yes,,0.05,"2+ races, non-hispanic","other, non-hispanic","White, Non-Hispanic",no (not latino or hispanic),refused
4414276,116638,116638.0,116638.0,"$25,000 to $29,999",high school graduate - high school diploma or the equivalent (ged),5th or 6th grade,partner earned more,8,Low,HS,Less than HS,2,1.0,Respondent higher,,,,,12.0,hispanic,hispanic,Hispanic,"yes, mexican, mexican american, chicano",white
4415551,192089,192089.0,192089.0,"$50,000 to $59,999",high school graduate - high school diploma or the equivalent (ged),bachelor's degree,partner earned more,12,Middle,HS,Bachelor's+,2,4.0,Partner higher,,,,,35.0,"white, non-hispanic","white, non-hispanic",,no (not latino or hispanic),white
4416515,64896,,,"$7,500 to $9,999",professional or doctorate degree,,,3,Low,Bachelor's+,,4,,,,,,,,"black, non-hispanic","black, non-hispanic","Black, Non-Hispanic",,
4417205,62669,,,"$40,000 to $49,999",high school graduate - high school diploma or the equivalent (ged),,,11,Middle,HS,,2,,,,,,,,"white, non-hispanic","white, non-hispanic","White, Non-Hispanic",,
4418316,90814,90814.0,90814.0,"$15,000 to $19,999",12th grade no diploma,associate degree,partner earned more,6,Low,Less than HS,Some college,1,3.0,Partner higher,,,,,15.0,"black, non-hispanic",,,"yes, puerto rican",black or african american
4419613,36958,,,"$25,000 to $29,999",high school graduate - high school diploma or the equivalent (ged),,,8,Low,HS,,2,,,,,,,,"white, non-hispanic","white, non-hispanic","White, Non-Hispanic",,
4420303,126204,126204.0,126204.0,"$7,500 to $9,999",high school graduate - high school diploma or the equivalent (ged),"some college, no degree",we earned about the same amount,3,Low,HS,Some college,2,3.0,Partner higher,,,,,1.5,hispanic,hispanic,Hispanic,"yes, puerto rican",other (please specify)
4421733,129291,,,"$25,000 to $29,999","some college, no degree",,,8,Low,Some college,,3,,,,,,,,"white, non-hispanic","white, non-hispanic",,,
4422445,115643,,,"$85,000 to $99,999",bachelors degree,,,15,High,Bachelor's+,,4,,,,,,,,"white, non-hispanic","white, non-hispanic","White, Non-Hispanic",,
4423471,44566,44566.0,44566.0,"$40,000 to $49,999",bachelors degree,"some college, no degree",i earned more,11,Middle,Bachelor's+,Some college,4,3.0,Respondent higher,,,,,13.0,"white, non-hispanic","white, non-hispanic","White, Non-Hispanic",no (not latino or hispanic),white
4424715,43781,,,"$85,000 to $99,999",masters degree,,,15,High,Bachelor's+,,4,,,,,,,,"white, non-hispanic","white, non-hispanic","White, Non-Hispanic",,
4425361,38123,38123.0,38123.0,"$5,000 to $7,499",high school graduate - high school diploma or the equivalent (ged),"some college, no degree",partner earned more,2,Low,HS,Some college,2,3.0,Partner higher,,,,,12.0,"2+ races, non-hispanic","2+ races, non-hispanic",,no (not latino or hispanic),white
4426401,40024,40024.0,40024.0,"$85,000 to $99,999",bachelors degree,bachelor's degree,partner earned more,15,High,Bachelor's+,Bachelor's+,4,4.0,Same education level,,,,,21.0,"white, non-hispanic","white, non-hispanic","White, Non-Hispanic",no (not latino or hispanic),white
4427246,11400,11400.0,11400.0,"$125,000 to $149,999",high school graduate - high school diploma or the equivalent (ged),hs graduate or ged,partner earned more,17,High,HS,HS,2,2.0,Same education level,yes,,yes,,6.0,"2+ races, non-hispanic","2+ races, non-hispanic",,no (not latino or hispanic),black or african american
4428405,206013,,,"$60,000 to $74,999",bachelors degree,hs graduate or ged,we earned about the same amount,13,Middle,Bachelor's+,HS,4,2.0,Respondent higher,,,,,19.0,"white, non-hispanic","white, non-hispanic",,no (not latino or hispanic),white
4430505,95220,,,"$30,000 to $34,999",high school graduate - high school diploma or the equivalent (ged),,,9,Low,HS,,2,,,,,,,,"white, non-hispanic","white, non-hispanic","White, Non-Hispanic",,
4431503,88552,88552.0,88552.0,"$85,000 to $99,999",bachelors degree,master's degree,i earned more,15,High,Bachelor's+,Bachelor's+,4,4.0,Same education level,,,,,4.0,"white, non-hispanic","white, non-hispanic","White, Non-Hispanic",no (not latino or hispanic),white
4432576,37653,37653.0,37653.0,"$12,500 to $14,999",associate degree,bachelor's degree,i earned more,5,Low,Some college,Bachelor's+,3,4.0,Partner higher,no,we broke up,,,20.0,"2+ races, non-hispanic","2+ races, non-hispanic",,no (not latino or hispanic),white
4433411,42166,42166.0,42166.0,"$40,000 to $49,999",high school graduate - high school diploma or the equivalent (ged),"some college, no degree",we earned about the same amount,11,Middle,HS,Some college,2,3.0,Partner higher,,,,,0.15,"white, non-hispanic","white, non-hispanic",,no (not latino or hispanic),white
4434531,56077,56077.0,56077.0,"$40,000 to $49,999","some college, no degree",12th grade no diploma,i earned more,11,Middle,Some college,Less than HS,3,1.0,Respondent higher,,,,,18.0,"white, non-hispanic","white, non-hispanic","White, Non-Hispanic",no (not latino or hispanic),white
4435215,64704,64704.0,64704.0,"$85,000 to $99,999","some college, no degree",bachelor's degree,we earned about the same amount,15,High,Some college,Bachelor's+,3,4.0,Partner higher,yes,,yes,,4.0,"white, non-hispanic","white, non-hispanic","White, Non-Hispanic",no (not latino or hispanic),white
4436663,127053,127053.0,127053.0,"$10,000 to $12,499",professional or doctorate degree,bachelor's degree,partner earned more,4,Low,Bachelor's+,Bachelor's+,4,4.0,Same education level,yes,,yes,,12.0,"black, non-hispanic","black, non-hispanic","Black, Non-Hispanic",no (not latino or hispanic),black or african american
4438365,97275,97275.0,97275.0,"$7,500 to $9,999",12th grade no diploma,hs graduate or ged,partner earned more,3,Low,Less than HS,HS,1,2.0,Partner higher,yes,,,,5.0,"black, non-hispanic","black, non-hispanic","Black, Non-Hispanic",no (not latino or hispanic),black or african american
4439435,77967,,,"$10,000 to $12,499",high school graduate - high school diploma or the equivalent (ged),,,4,Low,HS,,2,,,,,,,,"white, non-hispanic","white, non-hispanic","White, Non-Hispanic",,
4440525,145421,,,"$25,000 to $29,999",bachelors degree,,,8,Low,Bachelor's+,,4,,,,,,,,"black, non-hispanic","black, non-hispanic","Black, Non-Hispanic",,
4441245,45207,45207.0,45207.0,"$20,000 to $24,999",high school graduate - high school diploma or the equivalent (ged),associate degree,i earned more,7,Low,HS,Some college,2,3.0,Partner higher,yes,,,,1.5,"white, non-hispanic","2+ races, non-hispanic",,no (not latino or hispanic),white
4442531,48766,48766.0,48766.0,"$60,000 to $74,999",masters degree,bachelor's degree,partner earned more,13,Middle,Bachelor's+,Bachelor's+,4,4.0,Same education level,,,,,27.0,"white, non-hispanic","white, non-hispanic","White, Non-Hispanic",no (not latino or hispanic),white
4443431,144379,144379.0,144379.0,"$20,000 to $24,999","some college, no degree",12th grade no diploma,i earned more,7,Low,Some college,Less than HS,3,1.0,Respondent higher,,,,,26.0,"white, non-hispanic","white, non-hispanic","White, Non-Hispanic",no (not latino or hispanic),white
4444421,4206,4206.0,4206.0,"$85,000 to $99,999","some college, no degree","some college, no degree",partner earned more,15,High,Some college,Some college,3,3.0,Same education level,no,we broke up,,,0.45,"white, non-hispanic","white, non-hispanic","White, Non-Hispanic",no (not latino or hispanic),white
4445475,71275,71275.0,71275.0,"$100,000 to $124,999",bachelors degree,"some college, no degree",partner earned more,16,High,Bachelor's+,Some college,4,3.0,Respondent higher,yes,,yes,,7.0,"other, non-hispanic","other, non-hispanic","Other, Non-Hispanic",no (not latino or hispanic),white
4446591,89247,89247.0,89247.0,"$40,000 to $49,999","some college, no degree",hs graduate or ged,partner earned more,11,Middle,Some college,HS,3,2.0,Respondent higher,,,,,17.0,hispanic,"white, non-hispanic","White, Non-Hispanic",no (not latino or hispanic),white
4447742,113491,,,"$40,000 to $49,999",high school graduate - high school diploma or the equivalent (ged),,,11,Middle,HS,,2,,,,,,,,"black, non-hispanic","black, non-hispanic","Black, Non-Hispanic",,
4448661,73839,73839.0,73839.0,"$15,000 to $19,999","some college, no degree","some college, no degree",partner earned more,6,Low,Some college,Some college,3,3.0,Same education level,,,,,41.0,"white, non-hispanic","white, non-hispanic","White, Non-Hispanic",no (not latino or hispanic),white
4449505,13067,,,"$60,000 to $74,999",high school graduate - high school diploma or the equivalent (ged),,,13,Middle,HS,,2,,,,,,,,"2+ races, non-hispanic","2+ races, non-hispanic","2+ Races, Non-Hispanic",,
4450326,62916,62916.0,62916.0,"less than $5,000",12th grade no diploma,hs graduate or ged,partner earned more,1,Low,Less than HS,HS,1,2.0,Partner higher,yes,,yes,,11.0,"black, non-hispanic","black, non-hispanic","Black, Non-Hispanic",no (not latino or hispanic),black or african american
4451663,11400,11400.0,11400.0,"$40,000 to $49,999","some college, no degree",12th grade no diploma,i earned more,11,Middle,Some college,Less than HS,3,1.0,Respondent higher,no,we broke up,,,1.5,"2+ races, non-hispanic","black, non-hispanic",,no (not latino or hispanic),black or african american
4452631,131008,131008.0,131008.0,"$20,000 to $24,999",7th or 8th grade,12th grade no diploma,we earned about the same amount,7,Low,Less than HS,Less than HS,1,1.0,Same education level,,,,,38.0,"white, non-hispanic","white, non-hispanic","White, Non-Hispanic",no (not latino or hispanic),white
4453285,75218,,,"$75,000 to $84,999",high school graduate - high school diploma or the equivalent (ged),,,14,High,HS,,2,,,,,,,,"white, non-hispanic","white, non-hispanic","White, Non-Hispanic",,
4454501,52840,52840.0,52840.0,"$75,000 to $84,999",high school graduate - high school diploma or the equivalent (ged),hs graduate or ged,i earned more,14,High,HS,HS,2,2.0,Same education level,,,,,23.0,"white, non-hispanic","white, non-hispanic","White, Non-Hispanic",no (not latino or hispanic),white
4455231,46374,46374.0,46374.0,"$30,000 to $34,999","some college, no degree",bachelor's degree,partner earned more,9,Low,Some college,Bachelor's+,3,4.0,Partner higher,,,,,4.0,"white, non-hispanic","white, non-hispanic","White, Non-Hispanic",no (not latino or hispanic),white
4457275,54599,,,"$85,000 to $99,999",high school graduate - high school diploma or the equivalent (ged),,,15,High,HS,,2,,,,,,,,"white, non-hispanic","white, non-hispanic","White, Non-Hispanic",,
4458611,56121,56121.0,56121.0,"$50,000 to $59,999",high school graduate - high school diploma or the equivalent (ged),hs graduate or ged,i earned more,12,Middle,HS,HS,2,2.0,Same education level,,,,,45.0,"white, non-hispanic","white, non-hispanic","White, Non-Hispanic",no (not latino or hispanic),white
4459513,91157,91157.0,91157.0,"$60,000 to $74,999",associate degree,bachelor's degree,i earned more,13,Middle,Some college,Bachelor's+,3,4.0,Partner higher,yes,,yes,,0.45,hispanic,hispanic,Hispanic,no (not latino or hispanic),white
4461626,1078,1078.0,1078.0,"$125,000 to $149,999","some college, no degree",associate degree,i earned more,17,High,Some college,Some college,3,3.0,Same education level,yes,,yes,,11.0,"white, non-hispanic","white, non-hispanic","White, Non-Hispanic","yes, other latino/hispanic",white
4462205,53611,,,"$175,000 or more","some college, no degree",,,19,High,Some college,,3,,,,,,,,"white, non-hispanic","white, non-hispanic",,,
4463541,45968,45968.0,45968.0,"$175,000 or more",bachelors degree,master's degree,partner earned more,19,High,Bachelor's+,Bachelor's+,4,4.0,Same education level,,,,,33.0,"white, non-hispanic","white, non-hispanic","White, Non-Hispanic",no (not latino or hispanic),white
4464341,219659,219659.0,219659.0,"$60,000 to $74,999",high school graduate - high school diploma or the equivalent (ged),hs graduate or ged,partner earned more,13,Middle,HS,HS,2,2.0,Same education level,,,,,18.0,"other, non-hispanic",,"White, Non-Hispanic",no (not latino or hispanic),white
4466314,50586,50586.0,50586.0,"$40,000 to $49,999",bachelors degree,bachelor's degree,partner earned more,11,Middle,Bachelor's+,Bachelor's+,4,4.0,Same education level,yes,,yes,,0.75,"white, non-hispanic","white, non-hispanic","White, Non-Hispanic",no (not latino or hispanic),white
4467381,55474,55474.0,55474.0,"$75,000 to $84,999",high school graduate - high school diploma or the equivalent (ged),hs graduate or ged,partner earned more,14,High,HS,HS,2,2.0,Same education level,,,,,20.0,"white, non-hispanic","white, non-hispanic","White, Non-Hispanic",no (not latino or hispanic),white
4468731,73923,73923.0,73923.0,"$85,000 to $99,999","some college, no degree",bachelor's degree,we earned about the same amount,15,High,Some college,Bachelor's+,3,4.0,Partner higher,,,,,17.0,"black, non-hispanic","black, non-hispanic","Black, Non-Hispanic",no (not latino or hispanic),black or african american
4469225,61932,61932.0,61932.0,"$35,000 to $39,999","some college, no degree","some college, no degree",we earned about the same amount,10,Low,Some college,Some college,3,3.0,Same education level,no,we broke up,,,0.15,"white, non-hispanic","white, non-hispanic","White, Non-Hispanic",no (not latino or hispanic),white
4470571,107369,107369.0,107369.0,"$35,000 to $39,999",high school graduate - high school diploma or the equivalent (ged),"some college, no degree",i earned more,10,Low,HS,Some college,2,3.0,Partner higher,,,,,26.0,"white, non-hispanic","white, non-hispanic","White, Non-Hispanic",no (not latino or hispanic),white
4472726,33662,33662.0,33662.0,"$35,000 to $39,999",12th grade no diploma,hs graduate or ged,i earned more,10,Low,Less than HS,HS,1,2.0,Partner higher,yes,,yes,,16.0,"white, non-hispanic","white, non-hispanic","White, Non-Hispanic",no (not latino or hispanic),white
4473641,24732,24732.0,24732.0,"$25,000 to $29,999",high school graduate - high school diploma or the equivalent (ged),"some college, no degree",partner earned more,8,Low,HS,Some college,2,3.0,Partner higher,,,,,47.0,"white, non-hispanic","white, non-hispanic","White, Non-Hispanic",no (not latino or hispanic),white
4475235,160763,160763.0,160763.0,"$125,000 to $149,999",bachelors degree,bachelor's degree,we earned about the same amount,17,High,Bachelor's+,Bachelor's+,4,4.0,Same education level,yes,,yes,,2.5,"other, non-hispanic","white, non-hispanic","White, Non-Hispanic",no (not latino or hispanic),white
4476584,60233,,,"$75,000 to $84,999",high school graduate - high school diploma or the equivalent (ged),,,14,High,HS,,2,,,,,,,,"black, non-hispanic","black, non-hispanic","Black, Non-Hispanic",,
4477445,65416,,,"$15,000 to $19,999","some college, no degree",,,6,Low,Some college,,3,,,,,,,,hispanic,hispanic,,,
4478431,143424,143424.0,143424.0,"$100,000 to $124,999",high school graduate - high school diploma or the equivalent (ged),hs graduate or ged,we earned about the same amount,16,High,HS,HS,2,2.0,Same education level,,,,,14.0,"white, non-hispanic","white, non-hispanic",,no (not latino or hispanic),white
4479363,59941,,,"less than $5,000",high school graduate - high school diploma or the equivalent (ged),,,1,Low,HS,,2,,,,,,,,"white, non-hispanic","white, non-hispanic","White, Non-Hispanic",,
4482311,53351,53351.0,53351.0,"$35,000 to $39,999",high school graduate - high school diploma or the equivalent (ged),hs graduate or ged,i earned more,10,Low,HS,HS,2,2.0,Same education level,,,,,1.5,"white, non-hispanic","white, non-hispanic",,no (not latino or hispanic),white
4483651,49518,49518.0,49518.0,"$75,000 to $84,999",associate degree,bachelor's degree,i earned more,14,High,Some college,Bachelor's+,3,4.0,Partner higher,,,,,46.0,"white, non-hispanic","white, non-hispanic",,no (not latino or hispanic),white
4484215,54117,54117.0,54117.0,"$75,000 to $84,999","some college, no degree","some college, no degree",i earned more,14,High,Some college,Some college,3,3.0,Same education level,yes,,yes,,4.0,"white, non-hispanic",,,no (not latino or hispanic),white
4486613,11400,11400.0,11400.0,"$50,000 to $59,999","some college, no degree","some college, no degree",we earned about the same amount,12,Middle,Some college,Some college,3,3.0,Same education level,,,,,26.0,"2+ races, non-hispanic","white, non-hispanic","White, Non-Hispanic",no (not latino or hispanic),white
4487636,249066,249066.0,249066.0,"$40,000 to $49,999",high school graduate - high school diploma or the equivalent (ged),hs graduate or ged,i earned more,11,Middle,HS,HS,2,2.0,Same education level,,,,,9.0,"black, non-hispanic","black, non-hispanic",,no (not latino or hispanic),white
4488225,45429,45429.0,45429.0,"$75,000 to $84,999","some college, no degree",bachelor's degree,i earned more,14,High,Some college,Bachelor's+,3,4.0,Partner higher,yes,,no,We broke up,0.75,"white, non-hispanic","white, non-hispanic","White, Non-Hispanic",no (not latino or hispanic),white
4489454,66572,66572.0,66572.0,"$60,000 to $74,999","some college, no degree",associate degree,refused,13,Middle,Some college,Some college,3,3.0,Same education level,yes,,yes,,25.0,hispanic,hispanic,Hispanic,no (not latino or hispanic),other (please specify)
4490391,47724,47724.0,47724.0,"$50,000 to $59,999",high school graduate - high school diploma or the equivalent (ged),hs graduate or ged,partner earned more,12,Middle,HS,HS,2,2.0,Same education level,,,,,21.0,"white, non-hispanic","white, non-hispanic","White, Non-Hispanic",no (not latino or hispanic),white
4491286,184757,184757.0,184757.0,"$30,000 to $34,999",masters degree,master's degree,partner earned more,9,Low,Bachelor's+,Bachelor's+,4,4.0,Same education level,yes,,,,2.5,"white, non-hispanic","white, non-hispanic","White, Non-Hispanic",no (not latino or hispanic),asian or pacific islander
4493631,49414,49414.0,49414.0,"$75,000 to $84,999",high school graduate - high school diploma or the equivalent (ged),11th grade,i earned more,14,High,HS,Less than HS,2,1.0,Respondent higher,,,,,47.0,"black, non-hispanic","black, non-hispanic",,no (not latino or hispanic),black or african american
4494331,80557,80557.0,80557.0,"$75,000 to $84,999",masters degree,master's degree,i earned more,14,High,Bachelor's+,Bachelor's+,4,4.0,Same education level,,,,,12.0,hispanic,hispanic,Hispanic,no (not latino or hispanic),white
4495543,116980,,,"$7,500 to $9,999",high school graduate - high school diploma or the equivalent (ged),,,3,Low,HS,,2,,,,,,,,"black, non-hispanic","black, non-hispanic","Black, Non-Hispanic",,
4496195,70642,,,"$50,000 to $59,999",11th grade,,,12,Middle,Less than HS,,1,,,,,,,,"white, non-hispanic","white, non-hispanic","White, Non-Hispanic",,
4497666,11400,11400.0,11400.0,"$40,000 to $49,999",bachelors degree,hs graduate or ged,i earned more,11,Middle,Bachelor's+,HS,4,2.0,Respondent higher,yes,,yes,,11.0,"2+ races, non-hispanic","black, non-hispanic","Black, Non-Hispanic",no (not latino or hispanic),black or african american
4498484,35050,,,"$20,000 to $24,999","some college, no degree",,,7,Low,Some college,,3,,,,,,,,"white, non-hispanic","white, non-hispanic",,,
4500533,104455,104455.0,104455.0,"$60,000 to $74,999",bachelors degree,7th or 8th grade,i earned more,13,Middle,Bachelor's+,Less than HS,4,1.0,Respondent higher,,,,,28.0,hispanic,hispanic,Hispanic,"yes, other latino/hispanic",white
4501611,53035,53035.0,53035.0,"$40,000 to $49,999",high school graduate - high school diploma or the equivalent (ged),hs graduate or ged,i earned more,11,Middle,HS,HS,2,2.0,Same education level,,,,,40.0,"white, non-hispanic","white, non-hispanic",,no (not latino or hispanic),white
4502354,98106,,,"$30,000 to $34,999","some college, no degree",,,9,Low,Some college,,3,,,,,,,,hispanic,hispanic,Hispanic,,
4503551,56825,56825.0,56825.0,"$35,000 to $39,999",high school graduate - high school diploma or the equivalent (ged),bachelor's degree,i earned more,10,Low,HS,Bachelor's+,2,4.0,Partner higher,,,,,13.0,"black, non-hispanic","black, non-hispanic",,no (not latino or hispanic),black or african american
4504473,56087,,,"$50,000 to $59,999",bachelors degree,,,12,Middle,Bachelor's+,,4,,,,,,,,"black, non-hispanic","black, non-hispanic","Black, Non-Hispanic",,
4505515,36200,,,"$50,000 to $59,999",bachelors degree,,,12,Middle,Bachelor's+,,4,,,,,,,,"white, non-hispanic","white, non-hispanic","White, Non-Hispanic",,
4506383,68675,,,"$85,000 to $99,999",bachelors degree,,,15,High,Bachelor's+,,4,,,,,,,,"white, non-hispanic","white, non-hispanic","White, Non-Hispanic",,
4507671,101225,101225.0,101225.0,"$30,000 to $34,999",high school graduate - high school diploma or the equivalent (ged),"some college, no degree",i earned more,9,Low,HS,Some college,2,3.0,Partner higher,,,,,49.0,"white, non-hispanic","white, non-hispanic","White, Non-Hispanic",no (not latino or hispanic),white
4508395,58362,58362.0,58362.0,"$25,000 to $29,999",bachelors degree,master's degree,i earned more,8,Low,Bachelor's+,Bachelor's+,4,4.0,Same education level,yes,,yes,,0.75,"white, non-hispanic","white, non-hispanic","White, Non-Hispanic",no (not latino or hispanic),white
4509413,32296,32296.0,32296.0,"$25,000 to $29,999",associate degree,hs graduate or ged,partner earned more,8,Low,Some college,HS,3,2.0,Respondent higher,yes,,no,We broke up,13.0,"white, non-hispanic","white, non-hispanic","White, Non-Hispanic",no (not latino or hispanic),white
4510741,123544,123544.0,123544.0,"$40,000 to $49,999",high school graduate - high school diploma or the equivalent (ged),"some college, no degree",i earned more,11,Middle,HS,Some college,2,3.0,Partner higher,,,,,51.0,"black, non-hispanic","black, non-hispanic",,no (not latino or hispanic),black or african american
4511465,52816,52816.0,52816.0,"$50,000 to $59,999","some college, no degree",hs graduate or ged,i earned more,12,Middle,Some college,HS,3,2.0,Respondent higher,yes,,,,0.75,"black, non-hispanic","black, non-hispanic",,no (not latino or hispanic),black or african american
4512276,113802,113802.0,113802.0,"$5,000 to $7,499",high school graduate - high school diploma or the equivalent (ged),hs graduate or ged,i earned more,2,Low,HS,HS,2,2.0,Same education level,,,,,10.0,"white, non-hispanic","white, non-hispanic",,no (not latino or hispanic),white
4513652,115823,,,"$25,000 to $29,999",high school graduate - high school diploma or the equivalent (ged),,,8,Low,HS,,2,,,,,,,,"white, non-hispanic","white, non-hispanic","White, Non-Hispanic",,
4514371,83660,83660.0,83660.0,"$60,000 to $74,999",high school graduate - high school diploma or the equivalent (ged),hs graduate or ged,partner earned more,13,Middle,HS,HS,2,2.0,Same education level,,,,,12.0,"white, non-hispanic","white, non-hispanic","White, Non-Hispanic",no (not latino or hispanic),white
4515653,77861,,,"$5,000 to $7,499",12th grade no diploma,,,2,Low,Less than HS,,1,,,,,,,,"white, non-hispanic","white, non-hispanic","White, Non-Hispanic",,
4516421,146918,146918.0,146918.0,"$175,000 or more",bachelors degree,bachelor's degree,partner earned more,19,High,Bachelor's+,Bachelor's+,4,4.0,Same education level,,,,,18.0,"white, non-hispanic","white, non-hispanic",,no (not latino or hispanic),white
4517611,49128,49128.0,49128.0,"$60,000 to $74,999",7th or 8th grade,7th or 8th grade,i earned more,13,Middle,Less than HS,Less than HS,1,1.0,Same education level,,,,,48.0,"white, non-hispanic","white, non-hispanic",,no (not latino or hispanic),white
4518554,63784,63784.0,63784.0,"$125,000 to $149,999",bachelors degree,bachelor's degree,partner earned more,17,High,Bachelor's+,Bachelor's+,4,4.0,Same education level,,,,,36.0,"black, non-hispanic","black, non-hispanic","Black, Non-Hispanic",no (not latino or hispanic),black or african american
4519351,40101,40101.0,40101.0,"$85,000 to $99,999",bachelors degree,bachelor's degree,partner earned more,15,High,Bachelor's+,Bachelor's+,4,4.0,Same education level,,,,,11.0,"white, non-hispanic",,,no (not latino or hispanic),white
4520291,72759,72759.0,72759.0,"$20,000 to $24,999",masters degree,bachelor's degree,i earned more,7,Low,Bachelor's+,Bachelor's+,4,4.0,Same education level,,,,,8.0,"white, non-hispanic","white, non-hispanic","White, Non-Hispanic",no (not latino or hispanic),white
4521281,49820,49820.0,49820.0,"$35,000 to $39,999",associate degree,hs graduate or ged,partner earned more,10,Low,Some college,HS,3,2.0,Respondent higher,,,,,9.0,"white, non-hispanic","white, non-hispanic",,no (not latino or hispanic),white
4522622,163582,,,"$10,000 to $12,499",associate degree,,,4,Low,Some college,,3,,,,,,,,"black, non-hispanic","black, non-hispanic","Black, Non-Hispanic",,
4523603,97191,97191.0,97191.0,"$5,000 to $7,499","some college, no degree",hs graduate or ged,partner earned more,2,Low,Some college,HS,3,2.0,Respondent higher,yes,,yes,,9.0,"white, non-hispanic","white, non-hispanic","White, Non-Hispanic",no (not latino or hispanic),white
4524561,79639,79639.0,79639.0,"$60,000 to $74,999",high school graduate - high school diploma or the equivalent (ged),master's degree,partner earned more,13,Middle,HS,Bachelor's+,2,4.0,Partner higher,,,,,34.0,hispanic,hispanic,Hispanic,no (not latino or hispanic),white
4525621,68746,68746.0,68746.0,"$75,000 to $84,999",12th grade no diploma,7th or 8th grade,partner earned more,14,High,Less than HS,Less than HS,1,1.0,Same education level,,,,,46.0,"white, non-hispanic","white, non-hispanic","White, Non-Hispanic",no (not latino or hispanic),white
4526441,56695,56695.0,56695.0,"$50,000 to $59,999",high school graduate - high school diploma or the equivalent (ged),hs graduate or ged,partner earned more,12,Middle,HS,HS,2,2.0,Same education level,,,,,6.0,"white, non-hispanic","white, non-hispanic","White, Non-Hispanic",no (not latino or hispanic),white
4528265,11584,11584.0,11584.0,"$35,000 to $39,999",bachelors degree,bachelor's degree,refused,10,Low,Bachelor's+,Bachelor's+,4,4.0,Same education level,no,we broke up,,,,"2+ races, non-hispanic","2+ races, non-hispanic","2+ Races, Non-Hispanic",no (not latino or hispanic),black or african american
4529391,70133,70133.0,70133.0,"$100,000 to $124,999",high school graduate - high school diploma or the equivalent (ged),master's degree,i earned more,16,High,HS,Bachelor's+,2,4.0,Partner higher,,,,,23.0,"white, non-hispanic","white, non-hispanic","White, Non-Hispanic",no (not latino or hispanic),white
4530271,44494,44494.0,44494.0,"$75,000 to $84,999",masters degree,master's degree,partner earned more,14,High,Bachelor's+,Bachelor's+,4,4.0,Same education level,,,,,10.0,"white, non-hispanic","white, non-hispanic","White, Non-Hispanic",no (not latino or hispanic),white
4531301,163127,163127.0,163127.0,"$125,000 to $149,999",professional or doctorate degree,bachelor's degree,i earned more,17,High,Bachelor's+,Bachelor's+,4,4.0,Same education level,,,,,12.0,"white, non-hispanic","white, non-hispanic","White, Non-Hispanic",no (not latino or hispanic),white
4532215,11400,11400.0,11400.0,"less than $5,000",bachelors degree,bachelor's degree,i earned more,1,Low,Bachelor's+,Bachelor's+,4,4.0,Same education level,yes,,yes,,1.5,"2+ races, non-hispanic","other, non-hispanic",,no (not latino or hispanic),white
4533583,54635,54635.0,54635.0,"$60,000 to $74,999",bachelors degree,master's degree,we earned about the same amount,13,Middle,Bachelor's+,Bachelor's+,4,4.0,Same education level,no,we broke up,,,1.5,"white, non-hispanic","white, non-hispanic","White, Non-Hispanic",no (not latino or hispanic),white
4534431,66900,,,"$75,000 to $84,999",masters degree,,,14,High,Bachelor's+,,4,,,,,,,,"white, non-hispanic","white, non-hispanic",,,
4535581,93093,93093.0,93093.0,"$25,000 to $29,999",bachelors degree,"some college, no degree",we earned about the same amount,8,Low,Bachelor's+,Some college,4,3.0,Respondent higher,,,,,23.0,"white, non-hispanic","white, non-hispanic",,no (not latino or hispanic),white
4536841,48022,48022.0,48022.0,"$30,000 to $34,999",high school graduate - high school diploma or the equivalent (ged),"some college, no degree",partner earned more,9,Low,HS,Some college,2,3.0,Partner higher,,,,,66.0,"white, non-hispanic","white, non-hispanic",,no (not latino or hispanic),white
4537711,31718,31718.0,31718.0,"$25,000 to $29,999",professional or doctorate degree,"some college, no degree",partner earned more,8,Low,Bachelor's+,Some college,4,3.0,Respondent higher,,,,,51.0,"white, non-hispanic","white, non-hispanic","White, Non-Hispanic",no (not latino or hispanic),white
4538473,242543,,,"$30,000 to $34,999",12th grade no diploma,,,9,Low,Less than HS,,1,,,,,,,,"white, non-hispanic","white, non-hispanic","White, Non-Hispanic",,
4540205,44871,44871.0,44871.0,"$30,000 to $34,999","some college, no degree","some college, no degree",partner earned more,9,Low,Some college,Some college,3,3.0,Same education level,no,we broke up,,,0.05,hispanic,hispanic,Hispanic,no (not latino or hispanic),white
4541251,88692,88692.0,88692.0,"$100,000 to $124,999","some college, no degree",12th grade no diploma,partner earned more,16,High,Some college,Less than HS,3,1.0,Respondent higher,,,,,4.0,hispanic,"other, non-hispanic",Hispanic,no (not latino or hispanic),white
4542311,30792,30792.0,30792.0,"$175,000 or more","some college, no degree",master's degree,partner earned more,19,High,Some college,Bachelor's+,3,4.0,Partner higher,,,,,8.0,"white, non-hispanic","white, non-hispanic","White, Non-Hispanic",no (not latino or hispanic),white
4543451,64201,64201.0,64201.0,"$175,000 or more",bachelors degree,bachelor's degree,i earned more,19,High,Bachelor's+,Bachelor's+,4,4.0,Same education level,,,,,12.0,"black, non-hispanic","black, non-hispanic","Black, Non-Hispanic",no (not latino or hispanic),black or african american
4544235,46890,46890.0,46890.0,"$85,000 to $99,999","some college, no degree",12th grade no diploma,i earned more,15,High,Some college,Less than HS,3,1.0,Respondent higher,no,we broke up,,,0.15,"white, non-hispanic","white, non-hispanic","White, Non-Hispanic",no (not latino or hispanic),white
4545406,76059,76059.0,76059.0,"$20,000 to $24,999",high school graduate - high school diploma or the equivalent (ged),bachelor's degree,i earned more,7,Low,HS,Bachelor's+,2,4.0,Partner higher,,,,,11.0,"white, non-hispanic","white, non-hispanic",,no (not latino or hispanic),white
4546401,42800,42800.0,42800.0,"$85,000 to $99,999",masters degree,bachelor's degree,i earned more,15,High,Bachelor's+,Bachelor's+,4,4.0,Same education level,,,,,10.0,"white, non-hispanic","white, non-hispanic","White, Non-Hispanic",no (not latino or hispanic),white
4548516,5770,5770.0,5770.0,"$30,000 to $34,999","some college, no degree",hs graduate or ged,i earned more,9,Low,Some college,HS,3,2.0,Respondent higher,yes,,yes,,8.0,hispanic,,Hispanic,no (not latino or hispanic),white
4550281,159325,159325.0,159325.0,"$25,000 to $29,999",high school graduate - high school diploma or the equivalent (ged),"some college, no degree",we earned about the same amount,8,Low,HS,Some college,2,3.0,Partner higher,,,,,8.0,hispanic,hispanic,,no (not latino or hispanic),white
4551255,75626,75626.0,75626.0,"$150,000 to $174,999",bachelors degree,master's degree,i earned more,18,High,Bachelor's+,Bachelor's+,4,4.0,Same education level,,,,,4.0,"white, non-hispanic","white, non-hispanic",,no (not latino or hispanic),white
4553431,119876,119876.0,119876.0,"$150,000 to $174,999",masters degree,"some college, no degree",partner earned more,18,High,Bachelor's+,Some college,4,3.0,Respondent higher,,,,,10.0,"white, non-hispanic","white, non-hispanic","White, Non-Hispanic",no (not latino or hispanic),white
4554371,34520,34520.0,34520.0,"$50,000 to $59,999",bachelors degree,bachelor's degree,partner earned more,12,Middle,Bachelor's+,Bachelor's+,4,4.0,Same education level,,,,,18.0,"black, non-hispanic","black, non-hispanic","Black, Non-Hispanic",no (not latino or hispanic),black or african american
4555633,43984,,,"$35,000 to $39,999",bachelors degree,,,10,Low,Bachelor's+,,4,,,,,,,,"white, non-hispanic","white, non-hispanic","White, Non-Hispanic",,
4556543,248326,248326.0,248326.0,"$50,000 to $59,999",bachelors degree,hs graduate or ged,i earned more,12,Middle,Bachelor's+,HS,4,2.0,Respondent higher,yes,,no,We broke up,0.05,"white, non-hispanic","white, non-hispanic","White, Non-Hispanic",no (not latino or hispanic),white
4557505,2879,2879.0,2879.0,"$85,000 to $99,999",associate degree,associate degree,i earned more,15,High,Some college,Some college,3,3.0,Same education level,,,,,13.0,"white, non-hispanic",,,no (not latino or hispanic),white
4558443,39150,39150.0,39150.0,"$25,000 to $29,999",bachelors degree,10th grade,partner earned more,8,Low,Bachelor's+,Less than HS,4,1.0,Respondent higher,yes,,yes,,10.0,hispanic,hispanic,Hispanic,"yes, mexican, mexican american, chicano",white
4560291,12234,12234.0,12234.0,"$85,000 to $99,999","some college, no degree","some college, no degree",partner earned more,15,High,Some college,Some college,3,3.0,Same education level,,,,,8.0,"2+ races, non-hispanic","other, non-hispanic","2+ Races, Non-Hispanic",no (not latino or hispanic),white
4561581,37398,37398.0,37398.0,"$30,000 to $34,999",high school graduate - high school diploma or the equivalent (ged),hs graduate or ged,partner earned more,9,Low,HS,HS,2,2.0,Same education level,,,,,8.0,"black, non-hispanic","black, non-hispanic",,no (not latino or hispanic),black or african american
4562195,43142,43142.0,43142.0,"$75,000 to $84,999",high school graduate - high school diploma or the equivalent (ged),"some college, no degree",we earned about the same amount,14,High,HS,Some college,2,3.0,Partner higher,,,,,0.45,"white, non-hispanic","white, non-hispanic",,no (not latino or hispanic),white
4563631,81159,81159.0,81159.0,"$60,000 to $74,999","some college, no degree",associate degree,partner earned more,13,Middle,Some college,Some college,3,3.0,Same education level,,,,,36.0,hispanic,hispanic,Hispanic,refused,white
4564771,93809,93809.0,93809.0,"$40,000 to $49,999","some college, no degree",11th grade,i earned more,11,Middle,Some college,Less than HS,3,1.0,Respondent higher,,,,,55.0,"white, non-hispanic","white, non-hispanic",,no (not latino or hispanic),white
4565321,73281,73281.0,73281.0,"$150,000 to $174,999",bachelors degree,bachelor's degree,partner earned more,18,High,Bachelor's+,Bachelor's+,4,4.0,Same education level,,,,,11.0,"white, non-hispanic","white, non-hispanic","White, Non-Hispanic",no (not latino or hispanic),white
4566501,62116,62116.0,62116.0,"$60,000 to $74,999",high school graduate - high school diploma or the equivalent (ged),"some college, no degree",partner earned more,13,Middle,HS,Some college,2,3.0,Partner higher,,,,,23.0,"white, non-hispanic","white, non-hispanic","White, Non-Hispanic",no (not latino or hispanic),white
4568663,21876,21876.0,21876.0,"$12,500 to $14,999",11th grade,professional or doctorate degree,we earned about the same amount,5,Low,Less than HS,Bachelor's+,1,4.0,Partner higher,,,,,36.0,"2+ races, non-hispanic",,,no (not latino or hispanic),white
4569463,158980,,,"$20,000 to $24,999",high school graduate - high school diploma or the equivalent (ged),,,7,Low,HS,,2,,,,,,,,"white, non-hispanic","2+ races, non-hispanic","White, Non-Hispanic",,
4570401,223568,223568.0,223568.0,"less than $5,000",9th grade,5th or 6th grade,i earned more,1,Low,Less than HS,Less than HS,1,1.0,Same education level,,,,,20.0,hispanic,,,"yes, other latino/hispanic",other (please specify)
4571335,73122,73122.0,73122.0,"$40,000 to $49,999",masters degree,hs graduate or ged,i earned more,11,Middle,Bachelor's+,HS,4,2.0,Respondent higher,no,we broke up,,,1.5,"white, non-hispanic","white, non-hispanic","White, Non-Hispanic",no (not latino or hispanic),white
4572586,150589,150589.0,150589.0,"$85,000 to $99,999",bachelors degree,associate degree,we earned about the same amount,15,High,Bachelor's+,Some college,4,3.0,Respondent higher,yes,,yes,,13.0,"white, non-hispanic","white, non-hispanic",,no (not latino or hispanic),white
4573611,27512,27512.0,27512.0,"$100,000 to $124,999",bachelors degree,bachelor's degree,we earned about the same amount,16,High,Bachelor's+,Bachelor's+,4,4.0,Same education level,,,,,41.0,"white, non-hispanic","white, non-hispanic","White, Non-Hispanic",no (not latino or hispanic),white
4575421,38484,38484.0,38484.0,"$75,000 to $84,999",high school graduate - high school diploma or the equivalent (ged),associate degree,partner earned more,14,High,HS,Some college,2,3.0,Partner higher,,,,,24.0,"white, non-hispanic","white, non-hispanic","White, Non-Hispanic",no (not latino or hispanic),white
4576481,39955,39955.0,39955.0,"$125,000 to $149,999",masters degree,bachelor's degree,partner earned more,17,High,Bachelor's+,Bachelor's+,4,4.0,Same education level,,,,,25.0,"white, non-hispanic","white, non-hispanic","White, Non-Hispanic",no (not latino or hispanic),white
4577453,40459,,,"$60,000 to $74,999",bachelors degree,,,13,Middle,Bachelor's+,,4,,,,,,,,"white, non-hispanic","white, non-hispanic","White, Non-Hispanic",,
4578205,84401,,,"$100,000 to $124,999",high school graduate - high school diploma or the equivalent (ged),,,16,High,HS,,2,,,,,,,,"white, non-hispanic","white, non-hispanic","White, Non-Hispanic",,
4579466,264379,264379.0,264379.0,"$100,000 to $124,999","some college, no degree",bachelor's degree,i earned more,16,High,Some college,Bachelor's+,3,4.0,Partner higher,,,,,7.0,hispanic,hispanic,Hispanic,no (not latino or hispanic),white
4581721,65256,65256.0,65256.0,"$75,000 to $84,999",masters degree,"some college, no degree",i earned more,14,High,Bachelor's+,Some college,4,3.0,Respondent higher,,,,,23.0,"white, non-hispanic","white, non-hispanic","Other, Non-Hispanic",no (not latino or hispanic),white
4582532,95690,95690.0,95690.0,"$40,000 to $49,999","some college, no degree",hs graduate or ged,partner earned more,11,Middle,Some college,HS,3,2.0,Respondent higher,yes,,,,26.0,"black, non-hispanic","black, non-hispanic",,no (not latino or hispanic),black or african american
4583501,79275,79275.0,79275.0,"$20,000 to $24,999",high school graduate - high school diploma or the equivalent (ged),"some college, no degree",partner earned more,7,Low,HS,Some college,2,3.0,Partner higher,,,,,30.0,"white, non-hispanic","white, non-hispanic","White, Non-Hispanic",no (not latino or hispanic),white
4586295,41525,,,"$30,000 to $34,999",bachelors degree,,,9,Low,Bachelor's+,,4,,,,,,,,"white, non-hispanic","white, non-hispanic","White, Non-Hispanic",,
4588291,65135,65135.0,65135.0,"$60,000 to $74,999",bachelors degree,bachelor's degree,i earned more,13,Middle,Bachelor's+,Bachelor's+,4,4.0,Same education level,,,,,9.0,"white, non-hispanic","white, non-hispanic","Other, Non-Hispanic",no (not latino or hispanic),white
4590661,70357,70357.0,70357.0,"$35,000 to $39,999",high school graduate - high school diploma or the equivalent (ged),hs graduate or ged,partner earned more,10,Low,HS,HS,2,2.0,Same education level,,,,,50.0,"white, non-hispanic",,,no (not latino or hispanic),white
4591396,264379,264379.0,264379.0,"$40,000 to $49,999","some college, no degree",hs graduate or ged,we earned about the same amount,11,Middle,Some college,HS,3,2.0,Respondent higher,yes,,,,8.0,"other, non-hispanic","other, non-hispanic",,no (not latino or hispanic),white
4592421,57241,57241.0,57241.0,"$85,000 to $99,999",bachelors degree,bachelor's degree,i earned more,15,High,Bachelor's+,Bachelor's+,4,4.0,Same education level,,,,,18.0,"white, non-hispanic","white, non-hispanic","White, Non-Hispanic",no (not latino or hispanic),white
4593421,30846,30846.0,30846.0,"$100,000 to $124,999","some college, no degree","some college, no degree",partner earned more,16,High,Some college,Some college,3,3.0,Same education level,,,,,13.0,"white, non-hispanic","white, non-hispanic","White, Non-Hispanic",no (not latino or hispanic),white
4595643,77465,,,"$15,000 to $19,999","some college, no degree",,,6,Low,Some college,,3,,,,,,,,"white, non-hispanic",,,,
4596491,71772,71772.0,71772.0,"$20,000 to $24,999",12th grade no diploma,"some college, no degree",partner earned more,7,Low,Less than HS,Some college,1,3.0,Partner higher,,,,,4.0,"black, non-hispanic",,"Black, Non-Hispanic",no (not latino or hispanic),black or african american
4597381,150286,150286.0,150286.0,"$25,000 to $29,999",professional or doctorate degree,master's degree,i earned more,8,Low,Bachelor's+,Bachelor's+,4,4.0,Same education level,,,,,9.0,"white, non-hispanic","white, non-hispanic","White, Non-Hispanic",no (not latino or hispanic),white
4598275,60791,60791.0,60791.0,"$20,000 to $24,999",bachelors degree,professional or doctorate degree,partner earned more,7,Low,Bachelor's+,Bachelor's+,4,4.0,Same education level,no,we broke up,,,0.15,"white, non-hispanic","white, non-hispanic","White, Non-Hispanic",no (not latino or hispanic),white
4599246,38436,38436.0,38436.0,"$20,000 to $24,999",12th grade no diploma,"some college, no degree",i earned more,7,Low,Less than HS,Some college,1,3.0,Partner higher,no,other (please describe),,,1.5,"2+ races, non-hispanic",,"2+ Races, Non-Hispanic",no (not latino or hispanic),white
4600215,55428,,,"$20,000 to $24,999",high school graduate - high school diploma or the equivalent (ged),,,7,Low,HS,,2,,,,,,,,"black, non-hispanic","black, non-hispanic","Black, Non-Hispanic",,
4601511,88119,88119.0,88119.0,"$40,000 to $49,999",high school graduate - high school diploma or the equivalent (ged),10th grade,partner earned more,11,Middle,HS,Less than HS,2,1.0,Respondent higher,,,,,32.0,hispanic,hispanic,,no (not latino or hispanic),white
4602424,21542,21542.0,21542.0,"$100,000 to $124,999",high school graduate - high school diploma or the equivalent (ged),11th grade,partner earned more,16,High,HS,Less than HS,2,1.0,Respondent higher,,,,,21.0,"2+ races, non-hispanic","other, non-hispanic","Other, Non-Hispanic",no (not latino or hispanic),black or african american
4603581,142559,142559.0,142559.0,"$40,000 to $49,999",12th grade no diploma,12th grade no diploma,partner earned more,11,Middle,Less than HS,Less than HS,1,1.0,Same education level,,,,,42.0,"white, non-hispanic","white, non-hispanic","White, Non-Hispanic",no (not latino or hispanic),white
4605321,76955,76955.0,76955.0,"$175,000 or more",associate degree,master's degree,i earned more,19,High,Some college,Bachelor's+,3,4.0,Partner higher,,,,,13.0,hispanic,hispanic,Hispanic,no (not latino or hispanic),white
4607235,24695,24695.0,24695.0,"$7,500 to $9,999","some college, no degree","some college, no degree",i earned more,3,Low,Some college,Some college,3,3.0,Same education level,,,,,1.5,"white, non-hispanic",,,no (not latino or hispanic),white
4608683,71713,71713.0,71713.0,"$30,000 to $34,999",high school graduate - high school diploma or the equivalent (ged),professional or doctorate degree,partner earned more,9,Low,HS,Bachelor's+,2,4.0,Partner higher,no,other (please describe),,,11.0,"white, non-hispanic","white, non-hispanic",,no (not latino or hispanic),white
4609371,38169,38169.0,38169.0,"$175,000 or more",bachelors degree,bachelor's degree,i earned more,19,High,Bachelor's+,Bachelor's+,4,4.0,Same education level,,,,,5.0,"white, non-hispanic",,,no (not latino or hispanic),white
4610625,136559,136559.0,136559.0,"$40,000 to $49,999",bachelors degree,associate degree,we earned about the same amount,11,Middle,Bachelor's+,Some college,4,3.0,Respondent higher,,,,,32.0,"white, non-hispanic","white, non-hispanic",,no (not latino or hispanic),white
4611531,63567,63567.0,63567.0,"$100,000 to $124,999",bachelors degree,master's degree,partner earned more,16,High,Bachelor's+,Bachelor's+,4,4.0,Same education level,,,,,35.0,"other, non-hispanic","other, non-hispanic","Other, Non-Hispanic",no (not latino or hispanic),asian or pacific islander
4612421,45920,45920.0,45920.0,"$175,000 or more",bachelors degree,professional or doctorate degree,partner earned more,19,High,Bachelor's+,Bachelor's+,4,4.0,Same education level,,,,,20.0,"white, non-hispanic","white, non-hispanic",,"yes, other latino/hispanic",white
4613511,30599,30599.0,30599.0,"$60,000 to $74,999",high school graduate - high school diploma or the equivalent (ged),hs graduate or ged,i earned more,13,Middle,HS,HS,2,2.0,Same education level,,,,,35.0,"white, non-hispanic","white, non-hispanic","White, Non-Hispanic",no (not latino or hispanic),white
4614621,52125,52125.0,52125.0,"$12,500 to $14,999",11th grade,hs graduate or ged,partner earned more,5,Low,Less than HS,HS,1,2.0,Partner higher,,,,,42.0,"white, non-hispanic","white, non-hispanic",,no (not latino or hispanic),white
4615215,66320,,,"$50,000 to $59,999",high school graduate - high school diploma or the equivalent (ged),,,12,Middle,HS,,2,,,,,,,,"white, non-hispanic","white, non-hispanic","White, Non-Hispanic",,
4616615,27603,,,"$20,000 to $24,999",high school graduate - high school diploma or the equivalent (ged),,,7,Low,HS,,2,,,,,,,,"black, non-hispanic","black, non-hispanic",,,
4617335,83389,83389.0,83389.0,"$40,000 to $49,999",associate degree,bachelor's degree,we earned about the same amount,11,Middle,Some college,Bachelor's+,3,4.0,Partner higher,no,we broke up,,,8.0,"black, non-hispanic","black, non-hispanic","Black, Non-Hispanic",no (not latino or hispanic),black or african american
4618291,45374,45374.0,45374.0,"$175,000 or more",masters degree,bachelor's degree,partner earned more,19,High,Bachelor's+,Bachelor's+,4,4.0,Same education level,,,,,6.0,"white, non-hispanic","white, non-hispanic","White, Non-Hispanic",no (not latino or hispanic),white
4619421,54468,54468.0,54468.0,"$60,000 to $74,999",associate degree,associate degree,i earned more,13,Middle,Some college,Some college,3,3.0,Same education level,,,,,20.0,"white, non-hispanic","white, non-hispanic",,no (not latino or hispanic),white
4621371,41156,41156.0,41156.0,"$125,000 to $149,999",bachelors degree,bachelor's degree,i earned more,17,High,Bachelor's+,Bachelor's+,4,4.0,Same education level,,,,,13.0,"white, non-hispanic",,"White, Non-Hispanic",no (not latino or hispanic),white
4622461,76163,76163.0,76163.0,"$40,000 to $49,999",10th grade,hs graduate or ged,partner earned more,11,Middle,Less than HS,HS,1,2.0,Partner higher,,,,,14.0,hispanic,hispanic,,no (not latino or hispanic),white
4623505,50561,,,"$75,000 to $84,999",masters degree,,,14,High,Bachelor's+,,4,,,,,,,,hispanic,hispanic,Hispanic,,
4625902,23386,,,"$50,000 to $59,999",7th or 8th grade,,,12,Middle,Less than HS,,1,,,,,,,,"white, non-hispanic","white, non-hispanic","White, Non-Hispanic",,
4626536,2121,2121.0,2121.0,"$150,000 to $174,999",associate degree,master's degree,partner earned more,18,High,Some college,Bachelor's+,3,4.0,Partner higher,,,,,10.0,"white, non-hispanic",,,no (not latino or hispanic),white
4627251,41771,41771.0,41771.0,"$60,000 to $74,999",associate degree,bachelor's degree,i earned more,13,Middle,Some college,Bachelor's+,3,4.0,Partner higher,,,,,6.0,"white, non-hispanic",,,no (not latino or hispanic),white
4628251,46353,46353.0,46353.0,"$75,000 to $84,999",bachelors degree,bachelor's degree,i earned more,14,High,Bachelor's+,Bachelor's+,4,4.0,Same education level,,,,,5.0,"white, non-hispanic","white, non-hispanic","White, Non-Hispanic",no (not latino or hispanic),white
